phase,episode_index,seed,frame_index,time_s,x_m,y_m,z_m,quat_w,quat_x,quat_y,quat_z
validation-source,0,2005200,0,0.0,-1.6,0.1957435209919313,1.2,1.0,0.0,0.0,0.0
validation-source,0,2005200,1,0.10000000000000007,-1.5996143599270816,0.1954822398829756,1.2000767547079836,0.9997609458541612,0.012260333779819383,0.018082760949936973,0.0008655153535794294
validation-source,0,2005200,2,0.20000000000000015,-1.5956116078436722,0.19279439898154035,1.2006676202148832,0.9987903896277159,0.02692862747160841,0.04108861964066154,0.002081332706318431
validation-source,0,2005200,3,0.3000000000000002,-1.5836269604182438,0.18495237749007684,1.2017124657193685,0.9979295879978082,0.03303137747884789,0.055121467579847636,0.002662576236829481
validation-source,0,2005200,4,0.4000000000000003,-1.560910432431874,0.17072058651461047,1.2026540340211112,0.9976569682769605,0.03296650428312823,0.059892096934590175,0.0025922902137894637
validation-source,0,2005200,5,0.5000000000000003,-1.5265399455584026,0.15006732087663593,1.2030546274316394,0.9978954705913867,0.030947544258587954,0.05693947068368081,0.0021853960327838473
validation-source,0,2005200,6,0.6000000000000004,-1.4810950829093719,0.12337017884517472,1.2027422568596042,0.9984241799586612,0.028820509803900256,0.04812237145171753,0.0016650688817142175
validation-source,0,2005200,7,0.7000000000000005,-1.4262758208944961,0.09103149219136253,1.2018184264276561,0.9989933895306687,0.02716987628750746,0.03567484010423405,0.0011451113850815388
validation-source,0,2005200,8,0.8000000000000006,-1.3644382802458843,0.05341143283713023,1.2005569340601911,0.9994370396567862,0.023671475606993557,0.02376412599718462,0.0007289171818392448
validation-source,0,2005200,9,0.9000000000000007,-1.297904332830118,0.011160214476279183,1.1992354520262194,0.9997263244292292,0.019047504808495357,0.013575353122636072,0.0004226007453245877
validation-source,0,2005200,10,1.0000000000000007,-1.228658834741086,-0.03482424055409296,1.1980537657790653,0.9998868622385593,0.013914611007794068,0.005709177220191028,0.00022719748850045225
validation-source,0,2005200,11,1.1000000000000008,-1.1582723667993473,-0.08354951272203634,1.1971215710558913,0.9999599619177301,0.008912349531584042,-0.0007941228123189147,0.00011813669054907517
validation-source,0,2005200,12,1.2000000000000008,-1.087989191787252,-0.1340347234580517,1.196483018536152,0.9999802108234463,0.004352921331040209,-0.004541484503492984,7.039805570605393e-05
validation-source,0,2005200,13,1.300000000000001,-1.018561415204152,-0.1853758253946175,1.1961266817459373,0.9999828532075923,-8.168919869444589e-05,-0.00585521200536099,5.576781191758734e-05
validation-source,0,2005200,14,1.400000000000001,-0.9502788278454972,-0.23672608579821114,1.1960210474649664,0.9999733663590905,-0.0032118564554772296,-0.006553436993080611,5.4901316933664664e-05
validation-source,0,2005200,15,1.500000000000001,-0.8832721256537964,-0.28747673720381933,1.1961177885818852,0.9999682239271226,-0.004478325366189132,-0.006594929540770919,5.140332746233095e-05
validation-source,0,2005200,16,1.6000000000000012,-0.8175896351646278,-0.33735765275603713,1.196372491585425,0.9999574147430634,-0.004953969635359449,-0.007786144497029459,5.328312821044863e-05
validation-source,0,2005200,17,1.7000000000000013,-0.753475731448116,-0.38622716434091475,1.1967644472179426,0.9999139335286766,-0.007137396597306897,-0.011007887030438519,9.761222997615148e-05
validation-source,0,2005200,18,1.8000000000000014,-0.6915164954337377,-0.4336667840118495,1.1972682691216723,0.9998433289593535,-0.010889863854345747,-0.01395342633708448,0.0001740521956726886
validation-source,0,2005200,19,1.9000000000000015,-0.6322499324097787,-0.4790173203804044,1.19780272182548,0.9998213594526143,-0.012328412901366109,-0.014325437990395823,0.00020308629212534445
validation-source,0,2005200,20,2.0000000000000013,-0.5757248466633526,-0.5219826810887189,1.1982692293683757,0.9998731450744467,-0.01158613870530908,-0.010928392127927865,0.00015935599416941676
validation-source,0,2005200,21,2.0999999999999903,-0.521248218346004,-0.5626022052292547,1.198662074693757,0.999897369812138,-0.014098871527316193,-0.002543945526695238,-2.3623140377360867e-06
validation-source,0,2005200,22,2.1999999999999793,-0.4672463961621622,-0.6003251521225466,1.1991267534653396,0.999703409878887,-0.02317448411488785,0.007477822341510326,-0.0003431261603835174
validation-source,0,2005200,23,2.2999999999999683,-0.41182073021708965,-0.6335047004379732,1.1997591677328228,0.9993735878732332,-0.03212016782576221,0.01484145658863061,-0.0006766435937778719
validation-source,0,2005200,24,2.3999999999999573,-0.35355650440345404,-0.6604393657713894,1.200424774725134,0.9991656582494893,-0.036908770715323766,0.01746679312572489,-0.0008007228297859396
validation-source,0,2005200,25,2.4999999999999463,-0.2919068038389309,-0.6802453605471307,1.200876930248371,0.9992248899338735,-0.0355117510976779,0.016970449557737556,-0.0007339703140426624
validation-source,0,2005200,26,2.5999999999999353,-0.22694493427858736,-0.6931072352732658,1.201047494707451,0.9993661843792871,-0.03221107723576268,0.015143653149990504,-0.0005880406183620382
validation-source,0,2005200,27,2.6999999999999242,-0.1590337947210056,-0.6997062396411172,1.200950751296305,0.9995740025524138,-0.026570335543078468,0.01206876049028365,-0.00041917860499453025
validation-source,0,2005200,28,2.7999999999999132,-0.08877365492073476,-0.7010452627923411,1.2006850739070063,0.9997088819923898,-0.022799628311958416,0.007890834052230532,-0.0002509030137102811
validation-source,0,2005200,29,2.899999999999902,-0.016953716577118604,-0.697992489789271,1.2003058293338056,0.9998649980754079,-0.01589332273753754,0.00416743833913824,-0.0001427365197231908
validation-source,0,2005200,30,2.999999999999891,0.05568040012367124,-0.6918576451161423,1.1998498689219748,0.9999786132352598,-0.006518841127514268,0.0005182772976676453,-9.576577159647766e-05
validation-source,0,2005200,31,3.09999999999988,0.12841593009956745,-0.6844321875277342,1.1994472739609587,0.9999929037831575,0.0021257430744751346,-0.0031085804395096024,-0.00010162362623393098
validation-source,0,2005200,32,3.199999999999869,0.20052128132664745,-0.6773085189991711,1.199165717411695,0.9999598731799936,0.004911187111237296,-0.00749143316302141,-0.00010344165175880437
validation-source,0,2005200,33,3.299999999999858,0.27115074872022626,-0.6710398801262453,1.19899903015081,0.9999262513621008,0.00133603005837776,-0.01207085165161047,-3.743025830460422e-05
validation-source,0,2005200,34,3.399999999999847,0.33947093108918464,-0.6649998331289286,1.1989222717736026,0.9998987547374576,-0.004467039401689345,-0.013510121484415716,4.950698550325292e-05
validation-source,0,2005200,35,3.499999999999836,0.405198303067431,-0.6580416858732522,1.1989179378526407,0.9998623439271306,-0.012081781191955526,-0.011371684567501402,9.24655173598728e-05
validation-source,0,2005200,36,3.599999999999825,0.4687328698094605,-0.6486951718559517,1.199009057274646,0.9997678322525353,-0.020425440109919098,-0.00686149779261603,5.326749015419306e-05
validation-source,0,2005200,37,3.699999999999814,0.530913775257275,-0.6353514640801994,1.1992216414657775,0.9996174556691805,-0.027553853002404306,-0.0023930677061821453,-2.7076717514965746e-05
validation-source,0,2005200,38,3.799999999999803,0.5925930159892412,-0.6166413535488652,1.199514345380694,0.9994962293263888,-0.031735801775783494,0.00034689164605507976,-7.819312378130899e-05
validation-source,0,2005200,39,3.899999999999792,0.6543287694574896,-0.5917763853070727,1.1997601296715978,0.9995016326468947,-0.03149268428092519,0.002164750647855524,-0.00010501241423235849
validation-source,0,2005200,40,3.999999999999781,0.7164797475277364,-0.5607874724172738,1.1998639812893532,0.9996066231952259,-0.02783987434615774,0.0033952964278291934,-0.0001105567520311009
validation-source,0,2005200,41,4.0999999999997705,0.7792804153569947,-0.5243798266375691,1.1998100222860506,0.9997544592551842,-0.02184955795210452,0.0036891468517206384,-9.062106733474391e-05
validation-source,0,2005200,42,4.1999999999997595,0.8427680008710697,-0.4836895129514466,1.1996481253384412,0.9998776955040011,-0.015501627016921024,0.0020714073371231557,-5.3526440353917774e-05
validation-source,0,2005200,43,4.2999999999997485,0.9066468160426238,-0.4399555334745341,1.1994514484277428,0.9999553675288602,-0.00943196440945696,-0.0005478555107593996,-2.918799185488677e-05
validation-source,0,2005200,44,4.3999999999997375,0.9704137796680155,-0.3943412069746371,1.199282665106994,0.9999825604357989,-0.0048720202973391745,-0.0033379378829624983,-2.0326676396185225e-05
validation-source,0,2005200,45,4.499999999999726,1.0335415654264064,-0.3477434230962317,1.1991746628384317,0.9999840927664562,-0.0019767644891298584,-0.005282637058078844,-1.9024060786000216e-05
validation-source,0,2005200,46,4.599999999999715,1.0956548632481844,-0.30073700775615114,1.1991259494550954,0.9999825323616256,-0.00030726539805607013,-0.005902561149854163,-1.8206503264944273e-05
validation-source,0,2005200,47,4.699999999999704,1.1565981351554238,-0.2536365053610307,1.1991302525208665,0.9999766398698327,-0.00042334995171273775,-0.0068220519824659,-9.808435415911793e-06
validation-source,0,2005200,48,4.799999999999693,1.2162040779944707,-0.20644262913334402,1.1991784550844904,0.9999691887142076,-0.0013004918713375325,-0.007741468506161554,2.9171790884496595e-06
validation-source,0,2005200,49,4.899999999999682,1.274270069218482,-0.15899321781853853,1.1992646009357744,0.9999527682829603,-0.002169713963713552,-0.009473816216538741,1.8731081807602383e-05
validation-source,0,2005200,50,4.999999999999671,1.3304893128442892,-0.11112895471780614,1.1993762990840529,0.9999396058054474,-0.002478552974334024,-0.010707041022199172,2.8095371814517852e-05
validation-source,0,2005200,51,5.09999999999966,1.3846395582163105,-0.0627835906234211,1.1994861045815823,0.9999457012547727,-0.002410668122559853,-0.01013816968518372,2.714289586698872e-05
validation-source,1,2005201,0,0.0,-1.6,-0.0027436663461145594,1.2,1.0,0.0,0.0,0.0
validation-source,1,2005201,1,0.10000000000000007,-1.599620632585063,-0.0030218412431026564,1.2000783043492782,0.9997561878639414,0.013052176854993264,0.017787179228356376,0.0009065110058733413
validation-source,1,2005201,2,0.20000000000000015,-1.5956807373072133,-0.0058743675902087995,1.2006746576970122,0.9987776154648574,0.028238363561199364,0.04051197184867634,0.0021563410332867314
validation-source,1,2005201,3,0.3000000000000002,-1.5838787039539426,-0.01414109459339902,1.2017147023542796,0.997929594366438,0.034783498231655746,0.05402854619337241,0.0027475688592820176
validation-source,1,2005201,4,0.4000000000000003,-1.5615550837792205,-0.029154649659261206,1.2026560394082089,0.9976510925583547,0.0357353293089209,0.058377452390427916,0.0027123437665819345
validation-source,1,2005201,5,0.5000000000000003,-1.5278749543596635,-0.05112874364625468,1.203061701817729,0.9978887628724619,0.03455736525765248,0.054939998015528554,0.0023242326409858858
validation-source,1,2005201,6,0.6000000000000004,-1.4835004157033433,-0.079830064870085,1.202747438217239,0.9984207755805807,0.032057133204442256,0.04609894894469336,0.0017838178098900175
validation-source,1,2005201,7,0.7000000000000005,-1.4301200525307043,-0.11477276874814374,1.2018262962684512,0.9989897954498053,0.02821536673118783,0.034953415781337586,0.0012411255367559154
validation-source,1,2005201,8,0.8000000000000006,-1.3698817089091324,-0.1552276078106413,1.200563797908907,0.999443397374943,0.02356095707675063,0.023604324020639236,0.0007827086231081316
validation-source,1,2005201,9,0.9000000000000007,-1.3049791215968762,-0.20029488422981734,1.199236033120342,0.9997384795354644,0.018324962037162495,0.013673472752042453,0.00045215633825472176
validation-source,1,2005201,10,1.0000000000000007,-1.2373379953986363,-0.24894408072310248,1.1980435532995346,0.9999053523378867,0.012127960532582617,0.006491192801272321,0.00025170495357228575
validation-source,1,2005201,11,1.1000000000000008,-1.1683854515917234,-0.29998560409271,1.1971028447261571,0.9999797200732016,0.006192364510127372,0.0014810709732794225,0.00014315330728055913
validation-source,1,2005201,12,1.2000000000000008,-1.0991142581156654,-0.3522725338050464,1.1964637097326312,0.9999966129634408,0.001774951028104479,-0.001901512278293507,8.866538128002653e-05
validation-source,1,2005201,13,1.300000000000001,-1.0301993147653756,-0.40493916350832615,1.1961180908905955,0.9999911292887116,-0.0008601306628739908,-0.004122831656346145,6.146758874079587e-05
validation-source,1,2005201,14,1.400000000000001,-0.9621118034959656,-0.457452362404405,1.196030488082044,0.9999732196474901,-0.0024390224815978457,-0.0068998701651711925,5.430351202436399e-05
validation-source,1,2005201,15,1.500000000000001,-0.8953850832499537,-0.5094829383546073,1.1961595156833194,0.9999427449848394,-0.00400997731215245,-0.009920809241754817,6.616743676122344e-05
validation-source,1,2005201,16,1.6000000000000012,-0.8305702394148246,-0.5606638113996747,1.1964570240050274,0.999904149831869,-0.00845201710541509,-0.010965621600424984,9.848235039632228e-05
validation-source,1,2005201,17,1.7000000000000013,-0.7678765835877194,-0.6101897750738805,1.1968711021943592,0.9998656163851032,-0.013018538161578162,-0.009962519852411133,0.00012260980495262976
validation-source,1,2005201,18,1.8000000000000014,-0.7070667994799333,-0.6571978789441275,1.197323461190012,0.9998682676206528,-0.015342627915538018,-0.005295864272234932,7.067905908925595e-05
validation-source,1,2005201,19,1.9000000000000015,-0.6472591805413719,-0.7011772169576391,1.1977972625651536,0.9998370511512148,-0.01797508275738858,0.0016624550668631521,-6.154882600895428e-05
validation-source,1,2005201,20,2.0000000000000013,-0.5871477544860612,-0.7415539246235401,1.1983663864454772,0.9996846736100053,-0.023974209106637993,0.007465460920999418,-0.0002398753976630174
validation-source,1,2005201,21,2.0999999999999903,-0.5256133990836687,-0.7772603482128344,1.1989997296358725,0.9995416193826835,-0.02834268035126355,0.010635457048252677,-0.00036144947392211766
validation-source,1,2005201,22,2.1999999999999793,-0.4620408429818095,-0.8074695985667196,1.1995486570676686,0.999527836666758,-0.028739126228231614,0.010864366248540367,-0.0003631775387730498
validation-source,1,2005201,23,2.2999999999999683,-0.3963591340486001,-0.8320981292783378,1.1999145931284374,0.9996189671880586,-0.02590779370792216,0.009519398870750496,-0.0002961557138883067
validation-source,1,2005201,24,2.3999999999999573,-0.3288276268981294,-0.8516880570813659,1.2000722822320569,0.9997579899835022,-0.02077994834975307,0.007218929528437426,-0.00020558986932015842
validation-source,1,2005201,25,2.4999999999999463,-0.25986607560003466,-0.8671989553669608,1.2000839644931844,0.9998620716534241,-0.0156825059641769,0.0054661869323409116,-0.00013219693098182628
validation-source,1,2005201,26,2.5999999999999353,-0.189799374076165,-0.8795632373183035,1.2000598716653714,0.9998863736150875,-0.014063517683884022,0.005426490750386299,-0.0001026029348295189
validation-source,1,2005201,27,2.6999999999999242,-0.11865806968044951,-0.8891979522149306,1.2000199101247995,0.9999139347888064,-0.011635246262505896,0.006061098202313019,-8.454678290828279e-05
validation-source,1,2005201,28,2.7999999999999132,-0.046359219403426404,-0.8964967092020667,1.199971978974453,0.999923833932035,-0.011218230399797415,0.005145338814263674,-5.594499274871646e-05
validation-source,1,2005201,29,2.899999999999902,0.026893758912833306,-0.9015083395417457,1.1999638889078392,0.9998809298433055,-0.015378680106422637,0.0012734640343451268,2.4964460249398506e-05
validation-source,1,2005201,30,2.999999999999891,0.10042356863960704,-0.9035126391576551,1.200009554444201,0.999811498292748,-0.019343234841200818,-0.0016734101832751513,8.273963226810695e-05
validation-source,1,2005201,31,3.09999999999988,0.1736433734892969,-0.9019235742407867,1.1999629092712503,0.9999057318752066,-0.013337787790315492,-0.003259768168071706,6.849422621400301e-05
validation-source,1,2005201,32,3.199999999999869,0.24622433288085935,-0.8978351399171969,1.1997855719889237,0.9999889489499156,-0.0002043743615215896,-0.004696827462133279,-4.577557297363212e-06
validation-source,1,2005201,33,3.299999999999858,0.31782215368919664,-0.8935098382265673,1.199642547683052,0.9999527455981523,0.003803626479059894,-0.008946382962534518,-3.50458696295079e-05
validation-source,1,2005201,34,3.399999999999847,0.3876812285179722,-0.8897971174694069,1.1995634724091306,0.9999184587785749,-0.0007359249513159876,-0.012748871898635272,2.1763699559639483e-05
validation-source,1,2005201,35,3.499999999999836,0.4551179982474579,-0.8858931673878843,1.1995233609148321,0.9998932476946468,-0.00802158589329029,-0.012212332368384014,7.945145652168934e-05
validation-source,1,2005201,36,3.599999999999825,0.5202356876962481,-0.8803687297230256,1.1995333478876382,0.9998225265728591,-0.01740113503986541,-0.007219086059045046,2.5558977486512564e-05
validation-source,1,2005201,37,3.699999999999814,0.5839332453632612,-0.8714462911708118,1.199650287143341,0.9996678751309491,-0.025704701910243283,-0.001844425282169271,-7.63299320019882e-05
validation-source,1,2005201,38,3.799999999999803,0.6472407046061192,-0.8575422673908624,1.1998420837346955,0.999549601014864,-0.029950834370994182,0.0018762789482332496,-0.00014902623107829622
validation-source,1,2005201,39,3.899999999999792,0.7108654608805386,-0.8377807752047858,1.2000459308373408,0.9994842453434327,-0.03199089278085475,0.0027938145785420996,-0.00014383828973124667
validation-source,1,2005201,40,3.999999999999781,0.7750209031773163,-0.8118005980547331,1.2001735646007323,0.9995248692205635,-0.03073358083240451,0.002339157912973775,-0.0001056366033767037
validation-source,1,2005201,41,4.0999999999997705,0.8396292702052377,-0.7798846458166758,1.2001054021875475,0.9996990700202683,-0.02448309404109573,0.0015306620568757204,-6.76790571050536e-05
validation-source,1,2005201,42,4.1999999999997595,0.90449884023391,-0.7431711212773968,1.1998851688649765,0.9998471911951528,-0.017443220803079106,-0.0011522835497716974,-2.3447786216106583e-05
validation-source,1,2005201,43,4.2999999999997485,0.9691434971217171,-0.7030429979296342,1.1996172097864612,0.9999382550350044,-0.01034536326232411,-0.004057028855821354,-9.663608731948534e-06
validation-source,1,2005201,44,4.3999999999997375,1.033016757520298,-0.6608641713713267,1.1993706169684593,0.9999756152039774,-0.004236963359475093,-0.005551286585405819,-1.88723658734491e-05
validation-source,1,2005201,45,4.499999999999726,1.095818759761688,-0.617793343941801,1.1991922088352311,0.9999818318655999,-0.0013577676683854782,-0.0058729784933617595,-2.300640132556908e-05
validation-source,1,2005201,46,4.599999999999715,1.1574753149703578,-0.5743989261433031,1.1990872392990966,0.99998243129971,-0.0017561696542049189,-0.0056615155879651356,-1.4188484029885148e-05
validation-source,1,2005201,47,4.699999999999704,1.2180594597371726,-0.5306431001807788,1.199039403807495,0.9999882221167565,-0.0033150968774480665,-0.0035448060094226026,-1.0526986160562032e-05
validation-source,1,2005201,48,4.799999999999693,1.2779309393462044,-0.4862170265642824,1.1990449012332516,0.9999816166006236,-0.005759687867866936,-0.0018953639039342785,-7.220876358056614e-06
validation-source,1,2005201,49,4.899999999999682,1.337416355203398,-0.44067067556820755,1.199100695742727,0.9999690344413908,-0.007775119232501883,-0.001215596429958651,-2.143084386749737e-06
validation-source,1,2005201,50,4.999999999999671,1.3966534265300659,-0.39361313176993457,1.199190593353442,0.9999605298025195,-0.008820630287310807,-0.0010655082434504496,3.2530040050381004e-06
validation-source,1,2005201,51,5.09999999999966,1.4556823395270748,-0.344844876947149,1.199296073775731,0.9999615489706741,-0.008718045916756817,-0.0009466911095830913,5.613034400671298e-06
validation-source,2,2005202,0,0.0,-1.6,-0.20902026574681618,1.2,1.0,0.0,0.0,0.0
validation-source,2,2005202,1,0.10000000000000007,-1.5996197665358123,-0.20928506058984397,1.2000759318306973,0.9997634552549897,0.012425382585091726,0.017829624665452157,0.0008648054739530384
validation-source,2,2005202,2,0.20000000000000015,-1.595673930306318,-0.21199557968011232,1.2006505117868331,0.998820774555469,0.026681019521993685,0.04050955056201004,0.0020395653811636954
validation-source,2,2005202,3,0.3000000000000002,-1.5838732879847244,-0.21982915141070297,1.2016556105985747,0.9979991762475362,0.033134524856995876,0.05378648102211118,0.0026003713194122733
validation-source,2,2005202,4,0.4000000000000003,-1.5615977866310842,-0.23408699064964705,1.202572732472153,0.9977226092371483,0.034249662892277204,0.058050820401886284,0.002580282823535948
validation-source,2,2005202,5,0.5000000000000003,-1.5280156553953474,-0.25501107953936103,1.202991421079053,0.9979266321169713,0.03296309187718792,0.05523496418466684,0.0022293983705326628
validation-source,2,2005202,6,0.6000000000000004,-1.483679602316989,-0.28235655791241987,1.202729146389138,0.9984219900819298,0.030508918252006557,0.047114192068153295,0.0017287376020685362
validation-source,2,2005202,7,0.7000000000000005,-1.4301463828631735,-0.3156473131948426,1.2018688513741382,0.9989744299131339,0.027077005510586193,0.03626905825004923,0.0012163741048403206
validation-source,2,2005202,8,0.8000000000000006,-1.3695021025673966,-0.35422721760958614,1.2006564009840197,0.9994259319850999,0.022908687197436797,0.02494783053306569,0.0007773533938709832
validation-source,2,2005202,9,0.9000000000000007,-1.3039249480324153,-0.3972784307600263,1.1993586667297707,0.9997288246555153,0.01756784996941156,0.015278588976134119,0.0004609981060249183
validation-source,2,2005202,10,1.0000000000000007,-1.2353012350940094,-0.4437586867901734,1.1981738337823291,0.9999067519997203,0.011010272517203582,0.008074136808816728,0.00026366504980226014
validation-source,2,2005202,11,1.1000000000000008,-1.1650625085030446,-0.49242187161254236,1.197229481164455,0.9999828661871081,0.005247525911837634,0.002589963917715458,0.000151297474242271
validation-source,2,2005202,12,1.2000000000000008,-1.0943107482904266,-0.5421576799607757,1.1965838919575233,0.9999955619775786,0.0017297190146913933,-0.0024239824626556008,9.168586649070315e-05
validation-source,2,2005202,13,1.300000000000001,-1.0240259686785256,-0.5922452892004809,1.1962349802481411,0.9999764845962813,-0.0008278193307901323,-0.006807339802285013,7.137531752736366e-05
validation-source,2,2005202,14,1.400000000000001,-0.9550515748636887,-0.6421309627561771,1.1961489581421434,0.9999412890596335,-0.005119897505843698,-0.009549677961580886,9.345650557571218e-05
validation-source,2,2005202,15,1.500000000000001,-0.8879087196977082,-0.6909261099788352,1.196297573499344,0.9998613375526578,-0.013545589920525666,-0.009685281331423918,0.00013411430420232122
validation-source,2,2005202,16,1.6000000000000012,-0.8226148754816706,-0.7370653578802827,1.1966546328372214,0.9997369903181327,-0.021925457130774918,-0.00672405339483823,0.00010782017992770245
validation-source,2,2005202,17,1.7000000000000013,-0.7585958810425807,-0.7789918586758108,1.1971102785014598,0.9996844709910682,-0.02509215842116261,-0.0011584646432993638,-2.178450979037454e-06
validation-source,2,2005202,18,1.8000000000000014,-0.6948112134480264,-0.8160213435240444,1.1975914674377028,0.9996621271731577,-0.025643479629244664,0.004245957780087724,-0.00012365545810877362
validation-source,2,2005202,19,1.9000000000000015,-0.6302194480720391,-0.8480578065394889,1.1980539012203517,0.9996805532983353,-0.02397028412312004,0.008011202023910112,-0.00019359318798816926
validation-source,2,2005202,20,2.0000000000000013,-0.5641241415699936,-0.8754201978261564,1.1984281582303151,0.9997577381665917,-0.020450943803502004,0.008135940043824832,-0.00017422160856901618
validation-source,2,2005202,21,2.0999999999999903,-0.4964535916908624,-0.8987579785050676,1.1987192280755963,0.9998276513732017,-0.01735841826071801,0.006583072609946176,-0.00012657031430935895
validation-source,2,2005202,22,2.1999999999999793,-0.4274909642837494,-0.9186439703461333,1.1989798203665707,0.9998501887430972,-0.016571770790856345,0.00499687795162896,-8.771536131435434e-05
validation-source,2,2005202,23,2.2999999999999683,-0.35753545220096905,-0.9352453555380688,1.1992401197908675,0.9998372273129844,-0.017595052885091143,0.0039910209985362,-6.887992081853586e-05
validation-source,2,2005202,24,2.3999999999999573,-0.2867880989605355,-0.9483931877837258,1.1994937931182081,0.9998195936095885,-0.0186703522927548,0.0034920223627133836,-6.292408167348894e-05
validation-source,2,2005202,25,2.4999999999999463,-0.2153518655885118,-0.9578647735288885,1.1997353221849956,0.9997932429503007,-0.020082695056496614,0.0031863630346637478,-6.165064170021423e-05
validation-source,2,2005202,26,2.5999999999999353,-0.14326071312615482,-0.9634874048082726,1.1998984748339052,0.9998428971312263,-0.017199888765736346,0.004282618070770598,-6.37584673197273e-05
validation-source,2,2005202,27,2.6999999999999242,-0.07036790690126378,-0.9657295981613856,1.1999670896501866,0.9998983654272532,-0.01374316071996973,0.003792428073183034,-4.287937861023699e-05
validation-source,2,2005202,28,2.7999999999999132,0.003235065262589477,-0.9652751457743136,1.199980888264675,0.999941992168745,-0.010698527283980307,0.0012464010558963378,-1.720354087762773e-05
validation-source,2,2005202,29,2.899999999999902,0.07704212008445667,-0.9624976717734572,1.200053686588176,0.9998317529761687,-0.018039455056280677,-0.0033204231827740037,0.00013635161250854304
validation-source,2,2005202,30,2.999999999999891,0.15026888252107853,-0.9563885673345968,1.2001107532092694,0.9998368053739078,-0.017442962967095986,-0.004697275370269522,0.0002031421271197254
validation-source,2,2005202,31,3.09999999999988,0.22259462375746297,-0.9469572654881989,1.2000139607027869,0.9999450713554358,-0.0095773200316346,-0.004255172144204003,0.00015074152897869703
validation-source,2,2005202,32,3.199999999999869,0.2940330170030881,-0.9356229019550091,1.1998845740038206,0.9999759703560837,-0.002905401377814602,-0.0062938149715491415,7.243166813899656e-05
validation-source,2,2005202,33,3.299999999999858,0.3642284368389617,-0.9235815582142675,1.1997981426114654,0.9999538878719061,-0.003148741888316338,-0.009072211818263834,5.027033190028019e-05
validation-source,2,2005202,34,3.399999999999847,0.43269338511271,-0.9108441285664287,1.1997593009947067,0.9999229576735612,-0.008277566338962723,-0.009249638873839214,6.923558818403343e-05
validation-source,2,2005202,35,3.499999999999836,0.4993849986677614,-0.8964828262805,1.1997591823187572,0.9998847398745916,-0.013530996495788266,-0.0068858492748293185,6.464916858532102e-05
validation-source,2,2005202,36,3.599999999999825,0.5647368291872992,-0.8794419895055742,1.19981965320976,0.9998041893864662,-0.0194424567644598,-0.0036841752464898767,2.4758567522065105e-05
validation-source,2,2005202,37,3.699999999999814,0.6293617066690215,-0.8586281679237407,1.199929518272365,0.999731883310557,-0.023145384568581923,-0.0006723326491111216,-2.5185473199652443e-05
validation-source,2,2005202,38,3.799999999999803,0.6938190899499136,-0.833293053362489,1.2000483896236516,0.9996887456678388,-0.02494250822911231,0.0005307044703337308,-3.769707287525111e-05
validation-source,2,2005202,39,3.899999999999792,0.7583626081615039,-0.8030958601719632,1.2001385245094116,0.9996920018218638,-0.024812279738346977,0.0005015772929515153,-2.6225965105270586e-05
validation-source,2,2005202,40,3.999999999999781,0.8230114549152044,-0.7680895992531298,1.2001344324615353,0.9997696907568655,-0.021449046913382064,0.0007095047896491188,-2.0817836888399323e-05
validation-source,2,2005202,41,4.0999999999997705,0.8877567578868494,-0.7288775180722067,1.2000454725147955,0.9998463532053642,-0.017499581086900435,-0.0010171509151604044,6.908928100331277e-06
validation-source,2,2005202,42,4.1999999999997595,0.9523067629051916,-0.6862531108393478,1.1999070374990757,0.9999149872440071,-0.012707207491285006,-0.0029231360255207724,2.0937236745465764e-05
validation-source,2,2005202,43,4.2999999999997485,1.0162949927212557,-0.641137131682126,1.199748193659657,0.999962467311385,-0.007674016967744695,-0.004021591742420637,1.5230337865778422e-05
validation-source,2,2005202,44,4.3999999999997375,1.079508478044924,-0.5944822387007034,1.1996111994279992,0.99998125011962,-0.0043527547331423605,-0.0043073067940623275,6.6042541341074845e-06
validation-source,2,2005202,45,4.499999999999726,1.1418785246957255,-0.5469293573811411,1.199516712078189,0.9999846004674436,-0.003463723657384754,-0.004336060399833648,5.157548922250029e-06
validation-source,2,2005202,46,4.599999999999715,1.203419925452357,-0.4986870254959519,1.1994610903477245,0.9999888989700603,-0.00336717987526534,-0.003296061033404117,4.24229828960492e-06
validation-source,2,2005202,47,4.699999999999704,1.2643012301695313,-0.44976479144253545,1.199440778538707,0.999987874965516,-0.0041413017857085295,-0.0026644884729400513,6.530493312635678e-06
validation-source,2,2005202,48,4.799999999999693,1.3246512611446288,-0.400029002256001,1.1994534125021097,0.9999836406643868,-0.005084782293649155,-0.002619785078542592,1.0898005998838426e-05
validation-source,2,2005202,49,4.899999999999682,1.3844854334255636,-0.3493025560689844,1.1994897306192003,0.9999808976506545,-0.005577178141675946,-0.002664436695355783,1.3959403157166112e-05
validation-source,2,2005202,50,4.999999999999671,1.4437974152191417,-0.29749093788199304,1.1995405254011304,0.9999811790108138,-0.005524960474255278,-0.002667623756038262,1.4812107119449947e-05
validation-source,3,2005203,0,0.0,-1.6,0.010853419646433105,1.2,1.0,0.0,0.0,0.0
validation-source,3,2005203,1,0.10000000000000007,-1.5996114300572888,0.010588250766193902,1.2000783044248,0.9997562068035181,0.012442214626753517,0.018219077712940148,0.0008851329346365033
validation-source,3,2005203,2,0.20000000000000015,-1.5955789451812445,0.007875893574462403,1.2006695967062746,0.9987867422670123,0.026615954390519603,0.04138004349259801,0.0020800105963032583
validation-source,3,2005203,3,0.3000000000000002,-1.583519329983762,7.479125948534121e-05,1.2016869272838688,0.9979650808297754,0.031988975140338716,0.055096832255677346,0.002596534089747616
validation-source,3,2005203,4,0.4000000000000003,-1.560738398964945,-0.013932848375537004,1.2025906080305686,0.9977114956422043,0.032319633930940644,0.05933715952781552,0.0025128121966800534
validation-source,3,2005203,5,0.5000000000000003,-1.5264101551476106,-0.03424861005237207,1.2029796883982369,0.9979349120075542,0.03146330752189736,0.05595855368590619,0.0021475440949127247
validation-source,3,2005203,6,0.6000000000000004,-1.4811883497538019,-0.06069754044411744,1.2026858113289218,0.9984377147248213,0.029864837654046288,0.04719576116847737,0.001667757387242662
validation-source,3,2005203,7,0.7000000000000005,-1.42674908473409,-0.09296169165758085,1.2018030978865555,0.9989866722694667,0.027049304033317585,0.03595235216911618,0.001179895249011964
validation-source,3,2005203,8,0.8000000000000006,-1.3652543758327207,-0.1305029344329245,1.2005814256426512,0.9994313868334056,0.023077553791612117,0.024571394738442207,0.000759001883071782
validation-source,3,2005203,9,0.9000000000000007,-1.2989071313682141,-0.17255822215081953,1.1992863343265663,0.9997265080182396,0.018285959799562948,0.0145716814316544,0.0004460270396101691
validation-source,3,2005203,10,1.0000000000000007,-1.2296548376856307,-0.21817731465580167,1.1981070740625348,0.9999039785791752,0.012045661892935619,0.006846319535729942,0.00025211091197331766
validation-source,3,2005203,11,1.1000000000000008,-1.159017264600834,-0.2661712267352716,1.1971664363349628,0.9999813880506845,0.005932136040136815,0.0014183451755514116,0.00014700745095160442
validation-source,3,2005203,12,1.2000000000000008,-1.0880609307995812,-0.31535759686738946,1.1965243867323312,0.9999976991307571,0.001282823716182279,-0.0017168211341732438,9.285310574287645e-05
validation-source,3,2005203,13,1.300000000000001,-1.01742646616507,-0.3648314053623659,1.1961739358762116,0.9999922373324077,-0.001379658131243195,-0.003690217854461198,6.411359567348927e-05
validation-source,3,2005203,14,1.400000000000001,-0.9475335696274247,-0.41404350005629614,1.1960794952257678,0.9999753344504966,-0.0032164105165332726,-0.006243536103087679,5.8744671544774e-05
validation-source,3,2005203,15,1.500000000000001,-0.8788632541026203,-0.4625807367375038,1.1962037992898185,0.9999388510125693,-0.006952375610210629,-0.008599470433726338,8.841548547862396e-05
validation-source,3,2005203,16,1.6000000000000012,-0.8118753878067583,-0.5097560410038332,1.1965049854897443,0.9998890809393007,-0.010720966012288728,-0.010337724695034897,0.00013473772207385693
validation-source,3,2005203,17,1.7000000000000013,-0.7468992489927923,-0.5548764105317082,1.1969104368280388,0.9998708191842263,-0.011733474383806472,-0.010983963460447261,0.00015188630022183218
validation-source,3,2005203,18,1.8000000000000014,-0.6840092257905622,-0.5976819828284142,1.1973467911420705,0.9998866919494498,-0.012727062779618917,-0.008038261083581135,0.000107210734332829
validation-source,3,2005203,19,1.9000000000000015,-0.6226420327779936,-0.6379660886390442,1.1977906037502,0.9998863348229495,-0.01495599662437738,-0.0019067186676235501,4.8190839042589416e-06
validation-source,3,2005203,20,2.0000000000000013,-0.5616600309928751,-0.6752022897680353,1.1983216492773427,0.9997432095076718,-0.022326886235583744,0.0038729229447570348,-0.00016019421680610966
validation-source,3,2005203,21,2.0999999999999903,-0.4999422143927218,-0.7080208029641119,1.1990126329962993,0.9994693389137932,-0.03158012971014984,0.007976019705455722,-0.00034509183399050454
validation-source,3,2005203,22,2.1999999999999793,-0.4366928840896228,-0.7346891240802411,1.1997721766745122,0.9992471529513002,-0.037517351988977744,0.009867868811061688,-0.00044808881075683344
validation-source,3,2005203,23,2.2999999999999683,-0.37153183818216906,-0.7541501222765009,1.2003154559504532,0.9993262058851694,-0.0353039325990896,0.010029145746610938,-0.0004275626069108792
validation-source,3,2005203,24,2.3999999999999573,-0.30443573915363054,-0.7667417255853968,1.2005178839237007,0.9995307256750522,-0.029452765870463287,0.008411932679674935,-0.0003200041815546862
validation-source,3,2005203,25,2.4999999999999463,-0.2356772679319251,-0.7735109719715867,1.2005365407022768,0.9996434751115505,-0.02575529092122775,0.007038059545781382,-0.00023102877817476295
validation-source,3,2005203,26,2.5999999999999353,-0.16551370440277186,-0.7752101123670788,1.2004752955104627,0.9997059507252853,-0.023241675742673662,0.006913854027695617,-0.00018765822209011713
validation-source,3,2005203,27,2.6999999999999242,-0.09400450724108651,-0.7723801782038624,1.2003283269454021,0.9997947141495324,-0.0192348352883375,0.006366312637327497,-0.0001439912784250915
validation-source,3,2005203,28,2.7999999999999132,-0.021285504798670033,-0.7657387320149817,1.2001348352398276,0.999853669815895,-0.016689341655043984,0.003754848502840352,-7.709428960345182e-05
validation-source,3,2005203,29,2.899999999999902,0.05215193980794566,-0.7557924224979023,1.1999559668226816,0.9998733578963652,-0.015914378406350207,-2.6228887234077287e-05,-6.405578387635614e-06
validation-source,3,2005203,30,2.999999999999891,0.12561551972389287,-0.7429001073078192,1.1997184816537603,0.9999732149421822,-0.0069457652557944295,-0.002307755939893899,2.393321224296141e-06
validation-source,3,2005203,31,3.09999999999988,0.1986085860983031,-0.7285690999873852,1.1994809633468015,0.999987503594943,-6.534601083198599e-05,-0.004998802904808123,-1.8798145838772708e-05
validation-source,3,2005203,32,3.199999999999869,0.2705602680774821,-0.7140788727246533,1.1993436350866498,0.9999422870757998,-0.0015397562122573692,-0.010632528943646337,3.157034366003394e-05
validation-source,3,2005203,33,3.299999999999858,0.3404744621744653,-0.699244587597281,1.1993046069167557,0.9998824756010792,-0.005973666057387314,-0.014118707516354986,0.00011134522125766787
validation-source,3,2005203,34,3.399999999999847,0.40769487739159777,-0.6832211064909846,1.1993187810223203,0.9998532197679041,-0.01109584973085185,-0.01305373856567776,0.00014473411735242166
validation-source,3,2005203,35,3.499999999999836,0.4724072257089245,-0.6649882420095338,1.1993765210283984,0.9998075910742531,-0.01755683898497351,-0.008748015605101904,0.0001022649893022285
validation-source,3,2005203,36,3.599999999999825,0.5353894654319583,-0.6433184278271561,1.1995049987917075,0.9997154910360975,-0.023388157910239238,-0.004682837134491064,4.569892234774561e-05
validation-source,3,2005203,37,3.699999999999814,0.597424076774739,-0.6170990168270536,1.1996803535020135,0.9996445149783538,-0.026568674290770988,-0.002224639906512118,1.4050166287129494e-05
validation-source,3,2005203,38,3.799999999999803,0.6590155430653244,-0.5857286794457239,1.199817036352364,0.9996610254788704,-0.026033159088147947,-0.00032958251105055715,-1.1907738846530274e-05
validation-source,3,2005203,39,3.899999999999792,0.7205332332712882,-0.5492912304353356,1.199859341492447,0.9997369619332338,-0.0229096740003056,0.0010737614747916146,-2.8600772130583765e-05
validation-source,3,2005203,40,3.999999999999781,0.7822605186237528,-0.50839148973326,1.1998044693254282,0.9998352058657913,-0.018009787488425893,0.0022819875128631917,-3.462549208220576e-05
validation-source,3,2005203,41,4.0999999999997705,0.8444017688281202,-0.46394725876568654,1.1996939791611747,0.9999078117468048,-0.013450365829555404,0.0018588065033833554,-2.2475578932823536e-05
validation-source,3,2005203,42,4.1999999999997595,0.9068959294026026,-0.41686302269300635,1.1995705480365513,0.9999578488032675,-0.009165368921417082,0.0005445316914798175,-1.0701102451612267e-05
validation-source,3,2005203,43,4.2999999999997485,0.9694890811398257,-0.367959631686415,1.1994640496650748,0.9999821105391116,-0.00587578845032565,-0.0011196873931381514,-3.4601517121360645e-06
validation-source,3,2005203,44,4.3999999999997375,1.0318659366095058,-0.31788793513939057,1.1993940980036126,0.9999901590506206,-0.003572555255532105,-0.002630332675510929,-9.362968323126618e-07
validation-source,3,2005203,45,4.499999999999726,1.0937372568943455,-0.26710979603294777,1.1993621535332848,0.9999924582946079,-0.0016511663035776712,-0.003515252202726081,-2.386531677136743e-06
validation-source,3,2005203,46,4.599999999999715,1.1549009567792805,-0.21599597573342016,1.1993679251228568,0.9999869840063945,-0.0003531182043478972,-0.005089901105074346,-5.663112826549869e-06
validation-source,3,2005203,47,4.699999999999704,1.2150419617734303,-0.16479928818656536,1.199413165203198,0.9999688742304735,0.00016276761526863448,-0.007888220146446556,-7.737300401185866e-06
validation-source,3,2005203,48,4.799999999999693,1.2736195633762897,-0.1136352354190822,1.199499477271206,0.9999346228680439,0.0005922658654221359,-0.011419240375191066,-1.2654650123994193e-05
validation-source,3,2005203,49,4.899999999999682,1.32998799549135,-0.0625904543464835,1.1996090540452986,0.9999102699166171,0.0011837134246646924,-0.01334355796724384,-1.9964467201293167e-05
validation-source,3,2005203,50,4.999999999999671,1.3837756115408457,-0.011763575938330615,1.1997077059433092,0.9999147266565617,0.0010941014630451028,-0.013013145609210245,-1.9966838788659547e-05
validation-source,4,2005204,0,0.0,-1.6,-0.025682995444270634,1.2,1.0,0.0,0.0,0.0
validation-source,4,2005204,1,0.10000000000000007,-1.5996125768742624,-0.02594983701924098,1.2000783044144894,0.9997562042177248,0.01252066382817104,0.018165252980718364,0.0008880819860063592
validation-source,4,2005204,2,0.20000000000000015,-1.595591295500376,-0.02867724746526141,1.200668608361101,0.9987884408965012,0.02668864257886659,0.04129202638607786,0.0020821253003469186
validation-source,4,2005204,3,0.3000000000000002,-1.583561422328862,-0.03651028226270667,1.201683802683121,0.9979687381997097,0.03215057667178177,0.05493611206433963,0.002600305175539616
validation-source,4,2005204,4,0.4000000000000003,-1.5608399068955128,-0.050579912302193414,1.2025866669859155,0.9977144730526255,0.0325119275933913,0.059181520603211066,0.002520405637116307
validation-source,4,2005204,5,0.5000000000000003,-1.526599650491683,-0.0709928937124051,1.2029775885150156,0.9979355242953404,0.031531488860583747,0.05590898806818454,0.0021539760468342276
validation-source,4,2005204,6,0.6000000000000004,-1.4814747812570928,-0.09755154510473109,1.2026871481415886,0.9984368789741944,0.029751587986100943,0.04728476656682267,0.0016710976319584856
validation-source,4,2005204,7,0.7000000000000005,-1.427117873597404,-0.1299069043805989,1.2018070287533895,0.9989863968379731,0.026935127215139194,0.03604561445015869,0.0011796327810779722
validation-source,4,2005204,8,0.8000000000000006,-1.365689301647501,-0.16751942317064097,1.2005868040248013,0.9994309798352187,0.023120202806199027,0.02454792578710992,0.0007563777923093454
validation-source,4,2005204,9,0.9000000000000007,-1.2994070950900165,-0.20964661573591684,1.199291583128762,0.9997274823534386,0.018132379393919738,0.01469618922105764,0.00044706503800030854
validation-source,4,2005204,10,1.0000000000000007,-1.2301910039486057,-0.25530400716729773,1.1981103239500148,0.99990695662012,0.011469135092009109,0.00738047402255805,0.0002562150144118643
validation-source,4,2005204,11,1.1000000000000008,-1.1594933050860203,-0.30322468219632415,1.1971663827218677,0.9999853951010884,0.005033482917641413,0.0019622843925515285,0.0001519019481924588
validation-source,4,2005204,12,1.2000000000000008,-1.0883777592805415,-0.3521694046571255,1.1965229972993698,0.9999985410678182,0.000497259062865466,-0.0016312341683395975,9.833995204523206e-05
validation-source,4,2005204,13,1.300000000000001,-1.0175602737383906,-0.4012509501345578,1.1961734534027373,0.9999912854304975,-0.001788884350225054,-0.0037715153532294553,6.802781505453321e-05
validation-source,4,2005204,14,1.400000000000001,-0.9475058805920137,-0.44998935338855645,1.1960811878295001,0.999972408791783,-0.0032857000854462303,-0.006661984344299471,6.160116930208946e-05
validation-source,4,2005204,15,1.500000000000001,-0.8787497408256426,-0.4980349472240618,1.1962084030789464,0.999934652462093,-0.0069089277226574205,-0.009107655039189682,9.023814627991814e-05
validation-source,4,2005204,16,1.6000000000000012,-0.8117819843434596,-0.5447169845210315,1.1965168910148485,0.999876770489031,-0.011080012329719568,-0.011120049660206232,0.00014716913335728507
validation-source,4,2005204,17,1.7000000000000013,-0.7469387977612962,-0.5892670217718041,1.1969227825472963,0.9998650757895292,-0.01288071068624088,-0.01019283288772421,0.000153838679848968
validation-source,4,2005204,18,1.8000000000000014,-0.6840505163654467,-0.6312902189940413,1.1973541314040972,0.9998804907881021,-0.01405246694128633,-0.006443770112086271,0.0001007022805563541
validation-source,4,2005204,19,1.9000000000000015,-0.6223732589990342,-0.6705163648637995,1.1978124597426136,0.9998554904566713,-0.01699983219356484,5.415191533915987e-05,-3.125074509145521e-05
validation-source,4,2005204,20,2.0000000000000013,-0.5607099418245007,-0.7062986496421045,1.1983852568689393,0.9996738399319799,-0.024914106730062426,0.005608564118477103,-0.00021224990633622088
validation-source,4,2005204,21,2.0999999999999903,-0.4979840145661931,-0.7371961581039033,1.1990925097481133,0.9994301853100014,-0.03262966707427964,0.00863035031815526,-0.0003557684975174342
validation-source,4,2005204,22,2.1999999999999793,-0.43359669126890943,-0.7617568586712309,1.1997853610752554,0.9993065222194747,-0.036004357134234194,0.009486856197150685,-0.00040059513502245454
validation-source,4,2005204,23,2.2999999999999683,-0.3673690941410228,-0.7793901999198942,1.2002244914211047,0.9994404122493549,-0.03223672713984386,0.00891814633446659,-0.00034993157634835185
validation-source,4,2005204,24,2.3999999999999573,-0.29941511928685943,-0.7907328899748579,1.2003583933324227,0.9996332302565384,-0.026136584459028635,0.007086788712492048,-0.0002476801140021743
validation-source,4,2005204,25,2.4999999999999463,-0.23005171958790485,-0.7968739404029138,1.200370932790451,0.9997021215372702,-0.023674140313535895,0.005930506216597449,-0.000179917511787816
validation-source,4,2005204,26,2.5999999999999353,-0.15949925698902756,-0.7984363987540991,1.2002842102551305,0.999804897710427,-0.018764319723259097,0.006168327776439911,-0.00013620576290889746
validation-source,4,2005204,27,2.6999999999999242,-0.08775469264191847,-0.7962607639367912,1.2001337560617824,0.9998600932210306,-0.01574003579801766,0.005660100779236971,-9.228367616999085e-05
validation-source,4,2005204,28,2.7999999999999132,-0.014939158181577691,-0.790928433746123,1.2000127897458097,0.999857173061359,-0.01663374607698535,0.0029917925823131873,-3.3857606746380695e-05
validation-source,4,2005204,29,2.899999999999902,0.058455598545084135,-0.7823235820052156,1.1999327376268156,0.9998361535998012,-0.018098529585813736,-0.00032930103234835744,2.7247302035478054e-05
validation-source,4,2005204,30,2.999999999999891,0.13181606054214945,-0.7703640605410831,1.1997718616717992,0.9999460525128855,-0.010171075104202417,-0.002107196964934028,3.187589178289037e-05
validation-source,4,2005204,31,3.09999999999988,0.20473840092921486,-0.7563879131490194,1.1995625345701786,0.9999877409243979,-0.0016070988934037455,-0.004683503362862852,-5.505935616807891e-06
validation-source,4,2005204,32,3.199999999999869,0.2766804232289126,-0.741946344749045,1.1994358000924596,0.9999461891557123,-0.0011210458759942984,-0.010313185827862992,1.5722335085677118e-05
validation-source,4,2005204,33,3.299999999999858,0.34664139018646445,-0.7272201903978255,1.199400877378307,0.9998886396929173,-0.0049066624964501215,-0.014093467732400557,8.3925377067687e-05
validation-source,4,2005204,34,3.399999999999847,0.41391904970482013,-0.711497246773953,1.1994135508059105,0.9998598689631802,-0.010382976251607659,-0.01313093368430725,0.00012174428063204258
validation-source,4,2005204,35,3.499999999999836,0.4786795343967486,-0.6937096205176952,1.199461600023221,0.999817021932329,-0.017094343781980843,-0.008584831345049197,8.207197630240636e-05
validation-source,4,2005204,36,3.599999999999825,0.5417367422160404,-0.6725725759849368,1.1995803001784089,0.9997195459904419,-0.02324927131818478,-0.004505526056500432,3.134951363080129e-05
validation-source,4,2005204,37,3.699999999999814,0.6038810615690133,-0.646915251467211,1.1997508883516061,0.9996414076330287,-0.026695195397949883,-0.0021030125846918488,5.117706494184511e-06
validation-source,4,2005204,38,3.799999999999803,0.6656018667968935,-0.616077758403701,1.1998893590812936,0.9996469664310697,-0.026565828023592697,-0.00044620409500528577,-1.3729071530452731e-05
validation-source,4,2005204,39,3.899999999999792,0.7272318476159724,-0.5800775182214643,1.1999307973751443,0.9997242933929139,-0.023461122614802352,0.0009550351876117135,-2.8870098110884908e-05
validation-source,4,2005204,40,3.999999999999781,0.7890435170526344,-0.5395011257416518,1.1998707411237413,0.9998222884406845,-0.018743844042524473,0.0020146182467839398,-3.407436522270822e-05
validation-source,4,2005204,41,4.0999999999997705,0.8512255839712835,-0.4952429962602728,1.199751742598904,0.9998986563560416,-0.014121977152231558,0.001801718039058327,-2.430642781939746e-05
validation-source,4,2005204,42,4.1999999999997595,0.9137495043818763,-0.448207876141956,1.199616932407283,0.999950410253923,-0.009926306468820988,0.0008033114722786353,-1.2789723087980797e-05
validation-source,4,2005204,43,4.2999999999997485,0.9764180923627268,-0.39920184634624717,1.1994996685887178,0.9999758100698833,-0.006906159086981673,-0.0008271842563533815,-2.8199759317805893e-06
validation-source,4,2005204,44,4.3999999999997375,1.0389290516342746,-0.34883101880180656,1.1994175488363725,0.9999868600756492,-0.004586724085434069,-0.0022894619776646207,1.4362286598596944e-06
validation-source,4,2005204,45,4.499999999999726,1.101001008648655,-0.2975608815228883,1.1993716854283771,0.9999924863201493,-0.0022963046249426717,-0.0031231855970522645,-2.036002112794132e-07
validation-source,4,2005204,46,4.599999999999715,1.1624371377033476,-0.24582190555237884,1.199364947182904,0.9999875722022161,-0.0009001810951386562,-0.004903581181469874,-2.5901685257864157e-06
validation-source,4,2005204,47,4.699999999999704,1.2229002879720452,-0.19389735002708286,1.1993980645103046,0.9999731144691992,-0.00014280652915428074,-0.007331433246156584,-5.623278478996161e-06
validation-source,4,2005204,48,4.799999999999693,1.2818987049566828,-0.14194471665097494,1.1994734590519143,0.9999408156865437,0.0005553024101688347,-0.010865384537329124,-1.3498821255777439e-05
validation-source,4,2005204,49,4.899999999999682,1.338788412733267,-0.09010322799034225,1.1995801383621474,0.9999103637324163,0.0013387737502787108,-0.013321846693257918,-2.4208137535519797e-05
validation-source,4,2005204,50,4.999999999999671,1.39311020961266,-0.03851322762451479,1.1996802194005365,0.999912521777549,0.0015818771738963418,-0.013131858923365016,-2.7171444386003877e-05
validation-source,5,2005205,0,0.0,-1.6,-0.07976606708953621,1.2,1.0,0.0,0.0,0.0
validation-source,5,2005205,1,0.10000000000000007,-1.599610838338441,-0.08002909039380401,1.2000780626322973,0.9997569484239588,0.012341658258674946,0.018247037455244326,0.0008793028745658378
validation-source,5,2005205,2,0.20000000000000015,-1.595571651022651,-0.08271125699587342,1.2006632119401863,0.9987979933759169,0.026025054921070795,0.041486034323808124,0.0020430126478817776
validation-source,5,2005205,3,0.3000000000000002,-1.5834866588953822,-0.0903745602677271,1.2016722368193118,0.9979810997914533,0.031284490694850814,0.05521356113987472,0.0025431805397573637
validation-source,5,2005205,4,0.4000000000000003,-1.5606581604495984,-0.10410994409587276,1.2025749493288382,0.9977232374593834,0.031795804182381315,0.059424487001182996,0.0024695373268309663
validation-source,5,2005205,5,0.5000000000000003,-1.526261963473181,-0.12404765871066319,1.2029706484077727,0.9979389896770738,0.030954615708684394,0.05617022640509758,0.0021190361556048054
validation-source,5,2005205,6,0.6000000000000004,-1.4809308965272732,-0.15002000773222077,1.2026887621785083,0.9984358068770433,0.029370700585658216,0.04754551994648121,0.0016507652506963467
validation-source,5,2005205,7,0.7000000000000005,-1.4263150198879204,-0.18171155001740527,1.2018179400835995,0.9989827834028342,0.026623332990228586,0.036376129979084085,0.0011720806126837788
validation-source,5,2005205,8,0.8000000000000006,-1.3645647005242778,-0.2186006449302089,1.2006050300930222,0.999427506146466,0.022916707361376243,0.02487800524538937,0.0007545439547828888
validation-source,5,2005205,9,0.9000000000000007,-1.297897129666131,-0.25996464462846297,1.1993140950591066,0.9997247520179827,0.018075949885745613,0.014949261794716385,0.0004470012367151402
validation-source,5,2005205,10,1.0000000000000007,-1.2282451824487732,-0.30483519556751837,1.198128473305127,0.9999108533322427,0.01097559015374863,0.007599647900291378,0.0002591543081300466
validation-source,5,2005205,11,1.1000000000000008,-1.1570644094043523,-0.35187017223490524,1.1971760671904947,0.9999894989567059,0.003927944498428202,0.00235552842082285,0.00015720748518182853
validation-source,5,2005205,12,1.2000000000000008,-1.0853974176695016,-0.39972253747362774,1.1965278134812602,0.9999987148209109,-0.000662325129185472,-0.0014562742819928403,0.00010462870903550663
validation-source,5,2005205,13,1.300000000000001,-1.0140100850187859,-0.4474829060630408,1.1961782462882902,0.9999848834472741,-0.0029218941607503136,-0.0046571573738158735,7.935144539398018e-05
validation-source,5,2005205,14,1.400000000000001,-0.9435360078435223,-0.49467259893695903,1.1960896378268753,0.999960636416619,-0.004638729200199191,-0.007563191234704223,7.711696475289508e-05
validation-source,5,2005205,15,1.500000000000001,-0.8745337522195276,-0.540898919304924,1.196224083697328,0.9999162830547631,-0.008709589336806968,-0.009568584128659323,0.0001101512775976306
validation-source,5,2005205,16,1.6000000000000012,-0.8073958918864474,-0.585404232906927,1.1965414772217995,0.9998538195824542,-0.013493796383892276,-0.010499129109124188,0.00015878752151778474
validation-source,5,2005205,17,1.7000000000000013,-0.7422698585203077,-0.6272658059809655,1.19697700285447,0.9998062415272758,-0.017620546625084756,-0.008773381762469605,0.0001533368352556132
validation-source,5,2005205,18,1.8000000000000014,-0.6788048394867415,-0.6656996442363521,1.1974511506210275,0.9997949344278407,-0.019920387433096733,-0.003641892220725364,6.227356187643694e-05
validation-source,5,2005205,19,1.9000000000000015,-0.6160324929294672,-0.700202566072435,1.197957281699932,0.9997402850036613,-0.022606523059411066,0.0028807204965799046,-9.542213095443608e-05
validation-source,5,2005205,20,2.0000000000000013,-0.5527422026995152,-0.7302033576219287,1.198558989644381,0.9995810314368477,-0.02809363147698193,0.006960957520901219,-0.00023352189364211562
validation-source,5,2005205,21,2.0999999999999903,-0.48812903351606923,-0.7547192311877174,1.1992029619954578,0.9994530500633086,-0.03203786296502871,0.008190840200226488,-0.00029358575794140757
validation-source,5,2005205,22,2.1999999999999793,-0.421932470087285,-0.7730059157404721,1.1997459947467357,0.9994461891606763,-0.03235161512566535,0.0077852295157990305,-0.00027959318277561893
validation-source,5,2005205,23,2.2999999999999683,-0.354216473474051,-0.7850436244471379,1.2000515534405287,0.9995950205413209,-0.027638255773238602,0.006772858894082093,-0.00022385086637652276
validation-source,5,2005205,24,2.3999999999999573,-0.2851838160075901,-0.7916538712241091,1.2001438842198973,0.9997308426635271,-0.022621292671146723,0.005147469954902856,-0.00015132158952294803
validation-source,5,2005205,25,2.4999999999999463,-0.215115124627812,-0.7937187755226623,1.2002022779209738,0.9997272004684,-0.022897004399893346,0.004608251082802969,-0.00012591697159281955
validation-source,5,2005205,26,2.5999999999999353,-0.14411865827025952,-0.7913486278358547,1.200224675447273,0.9997613634414013,-0.021167451180223763,0.0053981256326284,-0.0001241771978833029
validation-source,5,2005205,27,2.6999999999999242,-0.07208791168096844,-0.7848415942463467,1.2001612824708778,0.9998287125857521,-0.01779538034473536,0.005085305240701988,-9.796995219297256e-05
validation-source,5,2005205,28,2.7999999999999132,0.0009011620982352253,-0.7748010451543993,1.2000704534608875,0.9998611477361973,-0.01646201740549959,0.0025855806343244164,-4.475909812637571e-05
validation-source,5,2005205,29,2.899999999999902,0.07439350589591955,-0.7615610978826924,1.1999601683637326,0.9999022209126759,-0.013979297272655945,-0.00035754838399684643,-4.562295103831245e-06
validation-source,5,2005205,30,2.999999999999891,0.14782722102270476,-0.7456769462449889,1.199795292713972,0.9999755986575837,-0.006477059036397416,-0.002617196198213537,-8.927765317231671e-06
validation-source,5,2005205,31,3.09999999999988,0.22073184393020065,-0.7284459114194209,1.199640616107346,0.9999834923908851,-0.0019243637749958725,-0.005414005093461933,-1.7850383318404514e-05
validation-source,5,2005205,32,3.199999999999869,0.2925193942977517,-0.7107044244519813,1.1995683257830525,0.9999306193484456,-0.004718566880300817,-0.010792928244976158,6.569572877703408e-05
validation-source,5,2005205,33,3.299999999999858,0.36224478658367154,-0.6920153091102257,1.199578747536866,0.9998622334865032,-0.009384097399465982,-0.013690442466478155,0.00015667945261304652
validation-source,5,2005205,34,3.399999999999847,0.4293574601453084,-0.6714801731870993,1.199623649087902,0.9998290240186154,-0.013934188462182752,-0.012154463941016946,0.00017357474121490555
validation-source,5,2005205,35,3.499999999999836,0.49412503575156813,-0.6482044129857096,1.1996891009138675,0.9997950898469768,-0.01855273000328346,-0.008096857087793414,0.00012422801813695162
validation-source,5,2005205,36,3.599999999999825,0.5572816683122358,-0.6212961933052591,1.1997902199804522,0.9997370233378671,-0.0224183648848505,-0.004826499139977053,7.739175508174416e-05
validation-source,5,2005205,37,3.699999999999814,0.6194659953215707,-0.5900213298519043,1.1999063425391259,0.9997021140969865,-0.024217064433083378,-0.003035446523870294,5.408012715462482e-05
validation-source,5,2005205,38,3.799999999999803,0.6810590306524517,-0.5540553701952651,1.1999655159616769,0.999744010674903,-0.022592745003821326,-0.0012166855494647368,2.5867450884393977e-05
validation-source,5,2005205,39,3.899999999999792,0.7424073944848679,-0.5136880634371914,1.1999373690436248,0.9998208471563579,-0.018924586748728076,0.000365515359906973,2.5406406857409937e-06
validation-source,5,2005205,40,3.999999999999781,0.8038209257812683,-0.4696224403464902,1.1998452601293221,0.9998946745490432,-0.014435378889546152,0.0015031862428986058,-8.712023164680054e-06
validation-source,5,2005205,41,4.0999999999997705,0.8655037584877164,-0.42270900766162023,1.1997294977813893,0.9999425740663871,-0.010631637532698733,0.0013478901626537475,-6.705921246061209e-06
validation-source,5,2005205,42,4.1999999999997595,0.927439949282142,-0.3737006180137845,1.1996211413894071,0.9999720615991353,-0.007462914040927424,0.00042535795974787087,-2.408206876513826e-06
validation-source,5,2005205,43,4.2999999999997485,0.989450174019006,-0.3232074983564957,1.199537715768553,0.9999853791151806,-0.005322870843745081,-0.0009532038930596285,2.046141094692815e-06
validation-source,5,2005205,44,4.3999999999997375,1.0512908080098164,-0.27167356360964123,1.199484391111415,0.999993626983875,-0.0032214250212069476,-0.00153896261573076,2.556406428433849e-06
validation-source,5,2005205,45,4.499999999999726,1.1128165016670777,-0.21949914585068014,1.1994611889244684,0.9999957827817992,-0.0014635146535155838,-0.0025084942096836858,5.238113126791467e-07
validation-source,5,2005205,46,4.599999999999715,1.1738180800733844,-0.16702773004597718,1.1994716959017102,0.9999869150573234,-0.00031927285492481833,-0.005105659876720458,-4.025417371213261e-06
validation-source,5,2005205,47,4.699999999999704,1.2337912698532285,-0.11449371154458934,1.1995217975289454,0.9999585715865501,0.0007290229185792394,-0.009073223614715143,-1.5792608004805205e-05
validation-source,5,2005205,48,4.799999999999693,1.2919840346318103,-0.06210989542841875,1.1996145110715861,0.9999133216745288,0.0020922086108379426,-0.012998856459017105,-3.9136882296559644e-05
validation-source,5,2005205,49,4.899999999999682,1.347659161645135,-0.010121537021759601,1.1997283638447256,0.999882806042176,0.0027507098084599254,-0.015060043223830985,-5.361780584776903e-05
validation-source,5,2005205,50,4.999999999999671,1.400443375943041,0.04133764097235769,1.1998122842393162,0.999903300822708,0.0027171651417514753,-0.013638317060058046,-4.8220469541443056e-05
validation-source,6,2005206,0,0.0,-1.6,0.010047633837528519,1.2,1.0,0.0,0.0,0.0
validation-source,6,2005206,1,0.10000000000000007,-1.5996203201809,0.009769885478947513,1.2000783043515755,0.999756188440301,0.01303217354258291,0.01780184067609883,0.000905867882658828
validation-source,6,2005206,2,0.20000000000000015,-1.5956777821823318,0.006920921649042122,1.2006747110886395,0.9987775466185603,0.02823306790320601,0.04051737978414433,0.002155964473460997
validation-source,6,2005206,3,0.3000000000000002,-1.5838708826808858,-0.001341372066230673,1.2017166211200516,0.997926907882715,0.03480459034770605,0.05406443859557157,0.002750180670194396
validation-source,6,2005206,4,0.4000000000000003,-1.561535968983047,-0.016354423071900097,1.2026603022176685,0.9976476113535357,0.03576751433457087,0.05841704706189526,0.0027160801684130913
validation-source,6,2005206,5,0.5000000000000003,-1.527837907294616,-0.03833482253413551,1.203065740143035,0.9978870937227843,0.034629220027813,0.05492494215325464,0.0023272368211640364
validation-source,6,2005206,6,0.6000000000000004,-1.4834482034005638,-0.06705602845557343,1.2027495860060473,0.9984204788246109,0.03215541037025764,0.046036798878822775,0.0017861121314117331
validation-source,6,2005206,7,0.7000000000000005,-1.4300639307574208,-0.10203682745461407,1.2018262823318586,0.9989899772848193,0.028284181965394027,0.034892487128290975,0.0012428503635514945
validation-source,6,2005206,8,0.8000000000000006,-1.369832724811127,-0.1425423801494067,1.2005619015233209,0.9994439126715645,0.023550663578764074,0.023592720460355456,0.0007843532583869474
validation-source,6,2005206,9,0.9000000000000007,-1.3049413892807928,-0.18766076852913474,1.1992329155184924,0.9997387336240864,0.01834481363275143,0.013628197091475877,0.0004522704097921574
validation-source,6,2005206,10,1.0000000000000007,-1.2373225974896374,-0.23636686499352655,1.1980402849314533,0.9999046790163243,0.012288411149484615,0.0062900850879975875,0.000250324326714549
validation-source,6,2005206,11,1.1000000000000008,-1.1684293802027894,-0.287494085815535,1.1970996218961634,0.9999789559271385,0.006367216865545309,0.0012353335586669332,0.0001421381575480036
validation-source,6,2005206,12,1.2000000000000008,-1.0992617103097946,-0.33989699006919105,1.196459794316483,0.9999965560940622,0.001738446424891852,-0.001964111902219587,8.870444372148533e-05
validation-source,6,2005206,13,1.300000000000001,-1.0304661534788264,-0.3926773507250179,1.196113629420468,0.9999910142314858,-0.0009006810158219698,-0.0041420322746065635,6.163301137523758e-05
validation-source,6,2005206,14,1.400000000000001,-0.962499953620512,-0.4452976871266804,1.1960255116766576,0.9999738605770009,-0.0023613004443059997,-0.006833710915051005,5.308549423988914e-05
validation-source,6,2005206,15,1.500000000000001,-0.8958847820333294,-0.49744965923719475,1.1961541798243485,0.9999435631221022,-0.003869422432116689,-0.009894140093073442,6.42847980623103e-05
validation-source,6,2005206,16,1.6000000000000012,-0.8311762607316429,-0.5487809713934982,1.1964513991233032,0.9999057096541049,-0.008194124844499617,-0.011019021160000825,9.639413264011662e-05
validation-source,6,2005206,17,1.7000000000000013,-0.76858459270299,-0.5985273125260917,1.196851484003342,0.9998868886589394,-0.011740009396556372,-0.009400564172778653,0.00010705394581353343
validation-source,6,2005206,18,1.8000000000000014,-0.7077908086105259,-0.6460084171242102,1.1972812704533333,0.9999041922784233,-0.012842397970273511,-0.005164749369526269,6.665100360795234e-05
validation-source,6,2005206,19,1.9000000000000015,-0.647976814711789,-0.6909127211649467,1.1977464329857268,0.9998688066171721,-0.01617061518457095,0.0009371453024358083,-5.017155064648785e-05
validation-source,6,2005206,20,2.0000000000000013,-0.5879849972004711,-0.7325794750098067,1.1983108373520148,0.9997187338746024,-0.022734571576467417,0.0067483656044391785,-0.00022794092351846934
validation-source,6,2005206,21,2.0999999999999903,-0.5267070130450013,-0.7697899246221347,1.198968768958807,0.9995328046405272,-0.02878840034585964,0.010259813817652324,-0.0003696936521891524
validation-source,6,2005206,22,2.1999999999999793,-0.4634615953540028,-0.8014226466593158,1.199583540436878,0.9994686315801171,-0.030711961419464383,0.0109120475757033,-0.0003963973301966631
validation-source,6,2005206,23,2.2999999999999683,-0.3981039345859631,-0.8270918009466692,1.20002014985519,0.9995352546018214,-0.028908882188149077,0.009666405842648612,-0.00033456955870061306
validation-source,6,2005206,24,2.3999999999999573,-0.33086290616433217,-0.8471640581301674,1.200211463387414,0.9996974741957096,-0.023389975393651313,0.007603370516139494,-0.00024061296203705507
validation-source,6,2005206,25,2.4999999999999463,-0.2621234580996973,-0.8626596509859703,1.2002038857203465,0.9998379072656502,-0.01703417315950129,0.005828543778661219,-0.00015561759453855604
validation-source,6,2005206,26,2.5999999999999353,-0.19220888926000515,-0.8747398900676422,1.2001381203075818,0.999881205140931,-0.01434777294188799,0.005630638666202264,-0.00011369141754185776
validation-source,6,2005206,27,2.6999999999999242,-0.12117846130560413,-0.8840269840078073,1.2000540689273866,0.9999170067455084,-0.01130404626249011,0.006179855150764765,-8.688793837769088e-05
validation-source,6,2005206,28,2.7999999999999132,-0.0489660877207273,-0.8910332254974251,1.1999688062204803,0.9999278172085584,-0.010814037030787612,0.0052358341894093805,-5.491781087032805e-05
validation-source,6,2005206,29,2.899999999999902,0.024218229392468288,-0.8958294164558623,1.1999313447398423,0.9998853351884455,-0.015083483640152542,0.0013432505433640138,2.5968184810069964e-05
validation-source,6,2005206,30,2.999999999999891,0.0976932699754873,-0.8976797178624623,1.199953200284333,0.9998184608933438,-0.018984708958533103,-0.0016184174894371835,8.250731011919413e-05
validation-source,6,2005206,31,3.09999999999988,0.17086657144583645,-0.8960050239471353,1.199891679893995,0.9999103894247747,-0.012964894348559831,-0.003334699221101358,6.645322905071596e-05
validation-source,6,2005206,32,3.199999999999869,0.24338927346777608,-0.8919019519499617,1.1997113281402147,0.9999885686424875,6.793527664556177e-05,-0.00478099643591783,-6.498244599203415e-06
validation-source,6,2005206,33,3.299999999999858,0.314914248587725,-0.8876180695915508,1.1995707133001392,0.9999519392179008,0.004091325217563289,-0.00890948062949173,-3.83045212962531e-05
validation-source,6,2005206,34,3.399999999999847,0.38470621175966285,-0.8840017035074849,1.1994949651038371,0.9999197876118657,-0.0004796554797797578,-0.012656538578820356,1.7437432590530264e-05
validation-source,6,2005206,35,3.499999999999836,0.4520928576956328,-0.880242399370064,1.1994593665329598,0.9998950183678937,-0.007915153434194123,-0.01213658727671588,7.64097939290694e-05
validation-source,6,2005206,36,3.599999999999825,0.5171750682582965,-0.8748842208049195,1.1994763800865638,0.9998225654619975,-0.01741731166747329,-0.007174557460641889,2.392719406630497e-05
validation-source,6,2005206,37,3.699999999999814,0.5808463630647532,-0.8661256956408331,1.199602608022514,0.9996658664597416,-0.025785324383391074,-0.0018073207633477497,-7.793199756352074e-05
validation-source,6,2005206,38,3.799999999999803,0.644134998914976,-0.8523701887660685,1.1998048034263626,0.999546166425494,-0.03006262082039783,0.0019175997673247986,-0.00015107825720380824
validation-source,6,2005206,39,3.899999999999792,0.7077488092272545,-0.832735235290308,1.2000191887719178,0.9994798149697974,-0.03212612260873329,0.0028267498614997625,-0.0001455997566674472
validation-source,6,2005206,40,3.999999999999781,0.771900136441871,-0.8068581296919664,1.2001533779068703,0.9995241238181831,-0.03075479977893195,0.0023783806750818986,-0.00010724464993479227
validation-source,6,2005206,41,4.0999999999997705,0.8365198008614224,-0.775044303835691,1.2000848290579882,0.9997044350191683,-0.0242333756464664,0.0019444300559375476,-7.279794918524467e-05
validation-source,6,2005206,42,4.1999999999997595,0.9014627798169682,-0.7384742465133207,1.199865534585508,0.9998500639064842,-0.01727450827584647,-0.0012002472369168585,-2.1831088383723363e-05
validation-source,6,2005206,43,4.2999999999997485,0.9661761138791432,-0.6985247725760597,1.1996023336428767,0.9999373449835439,-0.010232975647682777,-0.004537871209508719,-6.445198919535276e-06
validation-source,6,2005206,44,4.3999999999997375,1.030030311855451,-0.6565505182906127,1.199359742600422,0.9999740036453473,-0.003954050273117357,-0.006029690698154392,-1.8708726803141198e-05
validation-source,6,2005206,45,4.499999999999726,1.092720991427657,-0.6137385347791354,1.1991843457548224,0.9999801210728112,-0.0009475767924506753,-0.006233692863112328,-2.5114087598246233e-05
validation-source,6,2005206,46,4.599999999999715,1.1541948535549698,-0.570677458850596,1.199081408634534,0.9999812757637121,-0.0015289968901213795,-0.005925371714153381,-1.6141168331671383e-05
validation-source,6,2005206,47,4.699999999999704,1.2145465263023418,-0.527299772617088,1.1990342132986556,0.999987947196408,-0.003310242612999402,-0.0036259626723379994,-1.2266001631206701e-05
validation-source,6,2005206,48,4.799999999999693,1.2741687551781116,-0.4832531904178841,1.199040144264718,0.9999807435381375,-0.005933691833201389,-0.0018176265769284069,-9.368511906823277e-06
validation-source,6,2005206,49,4.899999999999682,1.3334205139965185,-0.43805478668921405,1.199096819793977,0.9999675243051471,-0.00799893465389643,-0.0009835404370747238,-5.257951298559039e-06
validation-source,6,2005206,50,4.999999999999671,1.3924651153627918,-0.39129854655801494,1.1991886759037804,0.9999573661620081,-0.009191611368573629,-0.000883253826882244,1.2108584025220133e-06
validation-source,6,2005206,51,5.09999999999966,1.4513382048705454,-0.3427611722947536,1.1992964912113278,0.9999578073977277,-0.00914962440313513,-0.0008171763111946152,4.5261977357989044e-06
validation-source,7,2005207,0,0.0,-1.6,0.01311405826626022,1.2,1.0,0.0,0.0,0.0
validation-source,7,2005207,1,0.10000000000000007,-1.5996198217040156,0.012836992587938563,1.2000783043552803,0.9997561893694505,0.013000157883307228,0.01782523477831914,0.0009048301401235535
validation-source,7,2005207,2,0.20000000000000015,-1.595672589841798,0.009994469915002897,1.2006747495867163,0.9987775004651834,0.028190181365364216,0.04054846218381941,0.00215417121765224
validation-source,7,2005207,3,0.3000000000000002,-1.5838543035969177,0.0017482603746527404,1.2017165088695032,0.997927096619057,0.03470513796510717,0.054125045591737746,0.0027463925382611087
validation-source,7,2005207,4,0.4000000000000003,-1.5614962978478333,-0.013229453250666878,1.2026599684503743,0.9976477983983146,0.035617034716424724,0.058506015964788854,0.002709849614112241
validation-source,7,2005207,5,0.5000000000000003,-1.5277578115934487,-0.03514535224214245,1.2030654230162623,0.9978870917382284,0.0344546757037782,0.055034908779476685,0.0023208360564939737
validation-source,7,2005207,6,0.6000000000000004,-1.4833073950608937,-0.06376952311116049,1.2027491060182787,0.9984206845202971,0.03203849345682775,0.046113998219374494,0.001780681684120471
validation-source,7,2005207,7,0.7000000000000005,-1.4298476983085244,-0.0986308099436458,1.2018255374974751,0.9989900348034125,0.028259116534098974,0.03491127489528035,0.0012391857706316597
validation-source,7,2005207,8,0.8000000000000006,-1.3695365766302494,-0.13901088711315016,1.2005611908195428,0.9994436059928055,0.023562946062284804,0.02359350598222611,0.0007826164001852951
validation-source,7,2005207,9,0.9000000000000007,-1.3045652652853579,-0.18400625001918997,1.1992324498546645,0.9997382088700382,0.018383373421163304,0.013614757104706918,0.00045132689382144703
validation-source,7,2005207,10,1.0000000000000007,-1.2368692873017804,-0.23259604455027835,1.1980396064028722,0.9999045803544895,0.012315289524587929,0.006253112028270316,0.0002498399484396079
validation-source,7,2005207,11,1.1000000000000008,-1.1679057508704629,-0.283612130931303,1.1970984009364949,0.9999789997387287,0.006368068667546552,0.001194822237216841,0.00014206617412376463
validation-source,7,2005207,12,1.2000000000000008,-1.0986760051179159,-0.33590523109557124,1.196458381230055,0.9999963968814232,0.0017699532992569505,-0.0020163396903592284,8.867774419164377e-05
validation-source,7,2005207,13,1.300000000000001,-1.029828153741978,-0.38858151698540405,1.1961122206112735,0.9999908753752981,-0.0008511164983466232,-0.00418580724545704,6.151873717161587e-05
validation-source,7,2005207,14,1.400000000000001,-0.9618197240507679,-0.44110401898864743,1.196024613510165,0.9999729357535135,-0.0024669230458307678,-0.006931020444664043,5.483411380424532e-05
validation-source,7,2005207,15,1.500000000000001,-0.8951772983092491,-0.4931405633494219,1.196153367831072,0.9999433226584139,-0.004007577314237885,-0.009863389027875471,6.596820908620965e-05
validation-source,7,2005207,16,1.6000000000000012,-0.8304411389878126,-0.5443326917485479,1.1964509476639058,0.9999052388621545,-0.008162998485077497,-0.011084624736064554,9.922806917309427e-05
validation-source,7,2005207,17,1.7000000000000013,-0.7678329540552935,-0.593945103666301,1.1968513594316397,0.9998875737645015,-0.011564714040357077,-0.00954385191523235,0.00011005054517939913
validation-source,7,2005207,18,1.8000000000000014,-0.7070555901144345,-0.6413139654174248,1.1972866122758563,0.9998982189473746,-0.0131360083544739,-0.005567056645463135,7.00762789034943e-05
validation-source,7,2005207,19,1.9000000000000015,-0.6473283276765406,-0.6860623704333744,1.1977554585739556,0.9998656666120052,-0.016377938811940496,0.0006399797700492014,-4.771472869559795e-05
validation-source,7,2005207,20,2.0000000000000013,-0.5874823687348744,-0.7275354547132433,1.1983148377146784,0.9997235421688029,-0.022559863871709558,0.006621326812903353,-0.00022317434378555675
validation-source,7,2005207,21,2.0999999999999903,-0.5263753880374035,-0.7645763559966224,1.198970736005436,0.9995342126604262,-0.028742214141133433,0.010252177626918829,-0.000368376807368221
validation-source,7,2005207,22,2.1999999999999793,-0.46330240788800575,-0.7960485114329727,1.1995907831179735,0.9994625637440525,-0.030868202102309242,0.011026179798737804,-0.0004014127325131981
validation-source,7,2005207,23,2.2999999999999683,-0.39809603580029357,-0.8215268313781263,1.200034520188008,0.9995250833498325,-0.029203505117400025,0.009830874930863967,-0.00034196704646597786
validation-source,7,2005207,24,2.3999999999999573,-0.33097448917123456,-0.841352129265261,1.200230870491698,0.9996878062781723,-0.02374249783439646,0.007779618245396537,-0.0002476192125670983
validation-source,7,2005207,25,2.4999999999999463,-0.2623197570331148,-0.856531606995499,1.2002247621893267,0.9998299419831186,-0.017429553293319855,0.006022603314385052,-0.00016135472162491718
validation-source,7,2005207,26,2.5999999999999353,-0.19245320491000337,-0.8682178924739021,1.2001589148668745,0.9998737784173906,-0.014800217263905726,0.005776402850131137,-0.00011820484459153893
validation-source,7,2005207,27,2.6999999999999242,-0.12144236085057156,-0.8770277614658243,1.2000705545932826,0.9999136836455079,-0.011553534368358206,0.0062556438230277405,-8.956800975700848e-05
validation-source,7,2005207,28,2.7999999999999132,-0.049237261028398614,-0.8834949342762017,1.1999820807096813,0.9999217020268278,-0.011416402957828456,0.005123739731432304,-5.338951712143408e-05
validation-source,7,2005207,29,2.899999999999902,0.023927127336919027,-0.887650620753599,1.1999422981060366,0.99988080200323,-0.01537025436556063,0.0014617605544804016,1.794981886228256e-05
validation-source,7,2005207,30,2.999999999999891,0.09740252365532817,-0.8888052499115436,1.1999550602116638,0.999824017780769,-0.018713259804324887,-0.001320158928597939,6.750273103891651e-05
validation-source,7,2005207,31,3.09999999999988,0.17062783050046,-0.8864859290430042,1.1998828909043664,0.999918932349414,-0.012311904250419694,-0.0032470266963033267,5.0602075931046926e-05
validation-source,7,2005207,32,3.199999999999869,0.24322159064901083,-0.8818585950349446,1.1997011016301817,0.9999879299224919,0.0007256417135041359,-0.00485932122697898,-2.1228478663766698e-05
validation-source,7,2005207,33,3.299999999999858,0.31480576506650554,-0.8771814267851473,1.1995636571172972,0.9999485911732683,0.004769689185715913,-0.00894774903683538,-5.350552150367775e-05
validation-source,7,2005207,34,3.399999999999847,0.3846405826000825,-0.8732899361135172,1.199489476224993,0.9999148022337172,-0.0004513147574086191,-0.013045470544475413,1.6946088442551456e-05
validation-source,7,2005207,35,3.499999999999836,0.45200349198004974,-0.869270036914957,1.1994542436815943,0.9998878617910566,-0.008252613522890426,-0.01249603939889619,8.492520901414363e-05
validation-source,7,2005207,36,3.599999999999825,0.5169928889943752,-0.8635905641765563,1.1994690597313906,0.9998163901705307,-0.017712785278942905,-0.007310426333972731,2.9169261313866655e-05
validation-source,7,2005207,37,3.699999999999814,0.5805410696517459,-0.8544521814507643,1.199594303335023,0.9996590314775123,-0.026041405600373064,-0.0019132640425462573,-7.34881139403734e-05
validation-source,7,2005207,38,3.799999999999803,0.6436783401254464,-0.8402550580212815,1.1998072638188206,0.9995248647601591,-0.030787575929361204,0.0014665839867706889,-0.0001379347281857877
validation-source,7,2005207,39,3.899999999999792,0.7070678858653577,-0.8200604456419385,1.2000200058918007,0.9994752131015947,-0.03227773571927341,0.00272491270939191,-0.00014499339266830905
validation-source,7,2005207,40,3.999999999999781,0.7709818775890214,-0.793612800595299,1.2001099452592174,0.999565051562359,-0.029324523010436598,0.0031247860035529514,-0.00012552999620135566
validation-source,7,2005207,41,4.0999999999997705,0.8354790615536767,-0.7614571829422314,1.2000240547712397,0.9997195949701454,-0.023591778256789608,0.0020378797341958567,-8.048353498198702e-05
validation-source,7,2005207,42,4.1999999999997595,0.9003360588179284,-0.724680724093505,1.199822935810318,0.9998480347691732,-0.01739120350173292,-0.0012052636759615066,-2.7357908913452954e-05
validation-source,7,2005207,43,4.2999999999997485,0.9649667700849173,-0.6845116253043773,1.1995737722109139,0.999937502344822,-0.010373703774142635,-0.00416863888059048,-1.1148430790121161e-05
validation-source,7,2005207,44,4.3999999999997375,1.0288098506059649,-0.6422888797497518,1.1993415896356578,0.9999768446347223,-0.004162019033761756,-0.0053839971253646255,-1.9154617932890695e-05
validation-source,7,2005207,45,4.499999999999726,1.0916070031061378,-0.5991858893697788,1.1991757677697876,0.999982561287621,-0.0013170531090407184,-0.005756909227616411,-2.208847959764144e-05
validation-source,7,2005207,46,4.599999999999715,1.1532744666200614,-0.5557638746787268,1.1990841214411803,0.9999800610816532,-0.0019409033919810378,-0.006009178255777323,-1.0480700173700528e-05
validation-source,7,2005207,47,4.699999999999704,1.2138125969607825,-0.5119524786827534,1.1990463927394817,0.999986963001292,-0.0033521495765207986,-0.0038518677335236673,-5.969271642389692e-06
validation-source,7,2005207,48,4.799999999999693,1.2735794436148322,-0.46746247627902443,1.1990571556682836,0.999982290541103,-0.005618604798118326,-0.0019621068724522688,-4.572950201958358e-06
validation-source,7,2005207,49,4.899999999999682,1.3329445437891727,-0.42187673276397686,1.199116224656293,0.9999700400207999,-0.007648583838464495,-0.0011908924651672054,-1.0962125942041188e-06
validation-source,7,2005207,50,4.999999999999671,1.39206612334402,-0.3748050130562648,1.1992080170248343,0.9999615700014487,-0.008712721253872787,-0.0009731389559272011,3.0269057352171457e-06
validation-source,7,2005207,51,5.09999999999966,1.4509934964395153,-0.32604166759829417,1.199315001435809,0.9999615138365545,-0.008718343520069723,-0.0009804567668228723,6.041587657127358e-06
validation-0,0,2005200,0,0.0,-1.6,0.1957435209919313,1.2,1.0,0.0,0.0,0.0
validation-0,0,2005200,1,0.10000000000000007,-1.5996597585914425,0.19542712471763266,1.2000763543371045,0.9997621135511418,0.01484513653904679,0.01595254134419291,0.00092447474455408
validation-0,0,2005200,2,0.20000000000000015,-1.596132875232681,0.19215567195861616,1.2006659845605698,0.998793076623347,0.03334542457833132,0.035991731195880186,0.0022512295494283227
validation-0,0,2005200,3,0.3000000000000002,-1.5855952880003543,0.1824579667958474,1.2017448252513292,0.9978820868813109,0.04310772246954389,0.04862061588654676,0.003016729305354525
validation-0,0,2005200,4,0.4000000000000003,-1.5655671342874673,0.16443496858071138,1.2027406888663768,0.9975804899771209,0.04399927706207095,0.05373869989460404,0.0030629672965840926
validation-0,0,2005200,5,0.5000000000000003,-1.5350713471888955,0.1378780287469888,1.2031556765746152,0.9978423649263184,0.0398816919687415,0.05208928266060083,0.0026023135602364603
validation-0,0,2005200,6,0.6000000000000004,-1.4944425730751598,0.10355032791430939,1.2028212179787692,0.9984004225551407,0.034350223462771876,0.04486521639227157,0.001941841354900606
validation-0,0,2005200,7,0.7000000000000005,-1.445052449216729,0.06252628132623628,1.2018619361943441,0.9989925122867508,0.02802613428616512,0.0350252846792313,0.0013136305103343439
validation-0,0,2005200,8,0.8000000000000006,-1.3887830582924119,0.016032004478908703,1.2005546223076504,0.9994630723279605,0.020840146142352113,0.025270248341363887,0.0008184804725743004
validation-0,0,2005200,9,0.9000000000000007,-1.3275367255809136,-0.034561267254872075,1.1991848424232452,0.999767435395166,0.014138261460389793,0.016277674220489625,0.00047117748369953114
validation-0,0,2005200,10,1.0000000000000007,-1.2630599630636214,-0.08794353967038517,1.1979676234668988,0.9999268940158448,0.008199772367924973,0.008882744685823313,0.0002592369328623264
validation-0,0,2005200,11,1.1000000000000008,-1.196824507493718,-0.14295422818506875,1.197019122266865,0.9999920030960124,0.0031882518197827916,0.0024097266118068236,0.00014836447185434195
validation-0,0,2005200,12,1.2000000000000008,-1.1300775544375308,-0.19859867514400803,1.1963839574388768,0.999997001183862,-0.001252824421591683,-0.0021017931515577657,0.00010256608143374377
validation-0,0,2005200,13,1.300000000000001,-1.0637173443336032,-0.25401431040701783,1.196053933739523,0.9999772918705694,-0.004688980018848595,-0.004839562424861191,8.857268970551874e-05
validation-0,0,2005200,14,1.400000000000001,-0.9983156833607368,-0.3085301872160251,1.195989591829688,0.9999483171812262,-0.006756289950093453,-0.007596476918984632,9.513655069514834e-05
validation-0,0,2005200,15,1.500000000000001,-0.934432551249524,-0.3617146837039442,1.1961537071609658,0.9998967362605332,-0.008666664623137404,-0.01146244882416302,0.00013418940852240384
validation-0,0,2005200,16,1.6000000000000012,-0.872834680290338,-0.4131530274115657,1.1965360375389,0.9997815088575215,-0.012493853947350114,-0.01675627317538856,0.00025586987414186484
validation-0,0,2005200,17,1.7000000000000013,-0.8145477145358653,-0.4620917915746681,1.1971431745176668,0.9995738079080915,-0.018463310878858597,-0.022606903139923543,0.0004864421143023236
validation-0,0,2005200,18,1.8000000000000014,-0.7606133893780733,-0.5073913328721815,1.1978754556498337,0.9994094142101432,-0.024882240957524348,-0.023691783564491233,0.0006294955161820134
validation-0,0,2005200,19,1.9000000000000015,-0.7112073135557946,-0.5478605052582153,1.1985056931844837,0.99943628337418,-0.02851634216420977,-0.017710451250682983,0.0005230882121606568
validation-0,0,2005200,20,2.0000000000000013,-0.6652237812411721,-0.5827577327211533,1.1989601822887879,0.9995040461941431,-0.030377855031569072,-0.008293578159554484,0.0002532321629117247
validation-0,0,2005200,21,2.0999999999999903,-0.6207958768255665,-0.6116759721331207,1.1993399246034417,0.9994569766833952,-0.03262910982460941,0.004588612233928282,-0.00019387807341914463
validation-0,0,2005200,22,2.1999999999999793,-0.5754779486859569,-0.6341563099885652,1.199799313377786,0.9992175146491132,-0.03571478655104873,0.01698061838964959,-0.0006863229321760476
validation-0,0,2005200,23,2.2999999999999683,-0.5268870942342184,-0.6496273610077542,1.200347689448668,0.9989719586758584,-0.037763853663088064,0.025057308744709968,-0.0010239210438104786
validation-0,0,2005200,24,2.3999999999999573,-0.47346026478533143,-0.6577911326819419,1.2007166992361495,0.999025569563618,-0.0343152998134361,0.027736001324199337,-0.0010420112023919934
validation-0,0,2005200,25,2.4999999999999463,-0.41466550798946955,-0.6592944493936479,1.2007048247527554,0.9993003456358337,-0.02697442711133872,0.025894579239275732,-0.0008186941663819076
validation-0,0,2005200,26,2.5999999999999353,-0.35082095411564995,-0.6555483844174292,1.2003662160223918,0.9995962079422163,-0.01788402261080279,0.02207469963349483,-0.0005389238237091669
validation-0,0,2005200,27,2.6999999999999242,-0.28265917842919447,-0.6483019419480266,1.199851987880801,0.9998102647304539,-0.00857239084175188,0.01748883856353493,-0.00029863116610362754
validation-0,0,2005200,28,2.7999999999999132,-0.2110524744454734,-0.6392882195351748,1.1993418128019389,0.9999042688002825,-0.00356715662165305,0.013368194354384142,-0.00014145073991826711
validation-0,0,2005200,29,2.899999999999902,-0.1368238988312233,-0.6295589045941128,1.1989173681705847,0.9999573090418009,-0.00024666998136937604,0.009236629418106065,-6.264817416245043e-05
validation-0,0,2005200,30,2.999999999999891,-0.06077533754197539,-0.6197828729559963,1.1986004492522175,0.9999807110567837,0.003133332019730096,0.005362728610809467,-2.9777018090210654e-05
validation-0,0,2005200,31,3.09999999999988,0.01631972733067986,-0.610645640379916,1.198409561928825,0.9999712940956296,0.0074597030801454665,0.0013274637341734092,-4.067803653727275e-05
validation-0,0,2005200,32,3.199999999999869,0.09367521652433869,-0.6029763871255308,1.198355292572485,0.9999252261943692,0.011928745112857833,-0.0026906904940511736,-8.511660734347739e-05
validation-0,0,2005200,33,3.299999999999858,0.17047791053915118,-0.5975815419739011,1.1984089247104648,0.9998875040863167,0.012891126533872862,-0.0076668492486396235,-0.00013210345175399864
validation-0,0,2005200,34,3.399999999999847,0.24569342853943818,-0.5946799271040355,1.1985658974749507,0.9998015778188645,0.011237023914530327,-0.01644693049359333,-0.00018100219278622246
validation-0,0,2005200,35,3.499999999999836,0.3176838780141756,-0.5939945896337007,1.198862313493276,0.9996367355294192,0.009736814693563186,-0.025130507662801414,-0.00022136919606406262
validation-0,0,2005200,36,3.599999999999825,0.3848247661699993,-0.5951684186142772,1.1991978838035267,0.9995641871887058,0.005862998634747747,-0.028931535679090455,-0.00016486370259802033
validation-0,0,2005200,37,3.699999999999814,0.4464760335866557,-0.5973492670658793,1.1993263052818273,0.9997200255450288,-0.005154068173198071,-0.02309320342278992,-0.00010030546898091165
validation-0,0,2005200,38,3.799999999999803,0.5036657362339135,-0.5984395267823072,1.1993205566570193,0.9997064401292466,-0.020667641072499195,-0.012643378905886002,-0.00016476180229151887
validation-0,0,2005200,39,3.899999999999792,0.5583488903260679,-0.595505959548729,1.199471326839456,0.999418850840793,-0.03393053250316276,-0.00325244014287921,-0.0003180899859701375
validation-0,0,2005200,40,3.999999999999781,0.6123526271803802,-0.5860071213797562,1.1997801570556499,0.999166079650967,-0.040663304619844215,0.0036652252229180658,-0.000455034479720021
validation-0,0,2005200,41,4.0999999999997705,0.6670395484946151,-0.5686213423480998,1.2000481518260535,0.9991281226017026,-0.04095180308436112,0.008104479131474975,-0.000511730931304785
validation-0,0,2005200,42,4.1999999999997595,0.7232840241183327,-0.5432661051262198,1.20012501867853,0.9992643548398613,-0.03694168655611746,0.010287441029876398,-0.0004790594143423994
validation-0,0,2005200,43,4.2999999999997485,0.7815176560053383,-0.5107164031065311,1.1999618429201595,0.9994945128791137,-0.029988515271927592,0.010548111542798284,-0.0003808138772705475
validation-0,0,2005200,44,4.3999999999997375,0.8417714767971325,-0.47232698274855617,1.199582340989851,0.9997490399213228,-0.020868455269252174,0.008142617318130459,-0.00025006854999527127
validation-0,0,2005200,45,4.499999999999726,0.9035469161268694,-0.4298542498236537,1.199088534483584,0.9999354556755143,-0.01122400935088065,0.0017552579800254318,-0.00015863958305177775
validation-0,0,2005200,46,4.599999999999715,0.9656511690885363,-0.3851768652474143,1.1986397305286702,0.9999813819030471,-0.0018866822245819474,-0.005800734044613012,-0.00016661932511553596
validation-0,0,2005200,47,4.699999999999704,1.0266436737322406,-0.34010750527229183,1.1983605307790917,0.9999125439098596,0.006147663290800756,-0.01170699678930512,-0.00023873405937216105
validation-0,0,2005200,48,4.799999999999693,1.085402843795452,-0.2962065704617659,1.1982618589312177,0.9998341442747525,0.011817344448921071,-0.013854762876666846,-0.0002825918986080598
validation-0,0,2005200,49,4.899999999999682,1.14143542441593,-0.25455519629297946,1.1982914061453414,0.9997903707991984,0.013503634987189239,-0.015387715564443231,-0.00029070438972445223
validation-0,0,2005200,50,4.999999999999671,1.1944722000533752,-0.21550216882761195,1.198377518665813,0.9998058227790318,0.01193586507604575,-0.015677668881144212,-0.0002501209382254681
validation-0,0,2005200,51,5.09999999999966,1.244449986183667,-0.17875420847182716,1.198464030440045,0.9998590192020534,0.00824625619182097,-0.014625674047809836,-0.00017503649580720938
validation-0,0,2005200,52,5.199999999999649,1.2915842914494855,-0.1435988306162539,1.1985348810588952,0.9999211750341706,0.0031725639433996763,-0.012147804283305964,-9.699177368264884e-05
validation-0,0,2005200,53,5.299999999999638,1.3363651740758373,-0.10905677665459944,1.198598144478128,0.9999651877238711,-0.0023467042407612506,-0.008007105487133471,-5.080636844712856e-05
validation-0,0,2005200,54,5.399999999999627,1.379584273825982,-0.07406909437696142,1.198684923021645,0.9999701616657943,-0.006999603271721454,-0.003267913545369839,-4.553221765965207e-05
validation-0,1,2005201,0,0.0,-1.6,-0.0027436663461145594,1.2,1.0,0.0,0.0,0.0
validation-0,1,2005201,1,0.10000000000000007,-1.5996385095984753,-0.0030447066944485446,1.2000783042469199,0.9997561621922869,0.014124423790792852,0.01694824865953831,0.0009347077092289357
validation-0,1,2005201,2,0.20000000000000015,-1.5959037518187666,-0.006161935269678325,1.200675320331854,0.9987766272570076,0.03195289628974227,0.03767180764080565,0.0022574704622441793
validation-0,1,2005201,3,0.3000000000000002,-1.5848438360940815,-0.015444370483359643,1.2017582175716166,0.9978682470206814,0.041861574496015914,0.049975164367655894,0.0030088394796432675
validation-0,1,2005201,4,0.4000000000000003,-1.5640401110423232,-0.032822053801640654,1.2027528570324098,0.9975733613915355,0.04380504747835145,0.05402923525989974,0.003057481748614442
validation-0,1,2005201,5,0.5000000000000003,-1.5327150387902484,-0.05869916493513352,1.2031596917683391,0.9978454428950971,0.04103544839070456,0.051124672071660424,0.0026138045886249218
validation-0,1,2005201,6,0.6000000000000004,-1.491430463892549,-0.09255480293884533,1.202813764750334,0.9984083544683126,0.03594726544196869,0.04341287430972784,0.001968293496475233
validation-0,1,2005201,7,0.7000000000000005,-1.4416521332972543,-0.13340175393559606,1.2018465550594488,0.9989995325860298,0.029002033118028573,0.03401491718427253,0.0013421538145889779
validation-0,1,2005201,8,0.8000000000000006,-1.3851988981736825,-0.17991944448083522,1.200535339577079,0.9994685132383639,0.02150436878650009,0.024485831877839547,0.0008349882866842663
validation-0,1,2005201,9,0.9000000000000007,-1.3239195600475406,-0.23066389905439358,1.1991652017423957,0.9997707756851087,0.014489059296197487,0.015755379666024895,0.0004808932168483851
validation-0,1,2005201,10,1.0000000000000007,-1.2595395854024043,-0.28427339665358287,1.197940877376108,0.9999361950253094,0.008521489305281056,0.007410859954243736,0.0002631597689153295
validation-0,1,2005201,11,1.1000000000000008,-1.1936587067591828,-0.33956382177563926,1.1969886093543605,0.9999945281688315,0.003060889738146641,0.0012454347764670097,0.0001532273573307061
validation-0,1,2005201,12,1.2000000000000008,-1.1275023319969995,-0.3954822752654894,1.1963582512444293,0.999995267315591,-0.0010425328091182439,-0.002892669685454306,0.00010456506591239677
validation-0,1,2005201,13,1.300000000000001,-1.0619286304346176,-0.451224409534848,1.1960393571487882,0.9999673178983446,-0.0034078244102815364,-0.007330841536958616,9.289962669364726e-05
validation-0,1,2005201,14,1.400000000000001,-0.9978601136660452,-0.5062587976728323,1.1960283440360295,0.9998664544056793,-0.007206012016283819,-0.014666691142346373,0.0001868581594082322
validation-0,1,2005201,15,1.500000000000001,-0.9365961817657398,-0.5598519643977508,1.196276834149738,0.9997544517224298,-0.01237073605856056,-0.0183825177165084,0.0002901602244923824
validation-0,1,2005201,16,1.6000000000000012,-0.8788262306801412,-0.6109782630742777,1.1966609702358175,0.9997019797124431,-0.019075530255639992,-0.015231613963204974,0.0002717362047185605
validation-0,1,2005201,17,1.7000000000000013,-0.823958867588474,-0.6583403713686725,1.1971302944884152,0.9996253452304472,-0.026494775740951847,-0.006869606868118701,6.73262550245211e-05
validation-0,1,2005201,18,1.8000000000000014,-0.770424980208407,-0.700523089264451,1.1976970668671494,0.9994789622160455,-0.0321621314347796,0.0027108246727482756,-0.00022982320148082238
validation-0,1,2005201,19,1.9000000000000015,-0.7163662523453946,-0.7364299941318044,1.1983360652120305,0.9993263673557485,-0.034849327213410546,0.011492136913420098,-0.0005164198880831311
validation-0,1,2005201,20,2.0000000000000013,-0.6600930113228723,-0.7655494468759894,1.1989436142098178,0.9992658191207759,-0.034018226996417766,0.017610553848793252,-0.0006718348336673588
validation-0,1,2005201,21,2.0999999999999903,-0.6004172318250175,-0.7880287378379498,1.1994057312054565,0.999321064102253,-0.030804892159675412,0.020199567576538728,-0.0006685284541618169
validation-0,1,2005201,22,2.1999999999999793,-0.5368703506214392,-0.8045359765117616,1.1995895659721854,0.9995478308313118,-0.024250523621629008,0.017770175648973263,-0.0005165674209976017
validation-0,1,2005201,23,2.2999999999999683,-0.4698506367753276,-0.8163093973154201,1.1995171704759788,0.9997670212228551,-0.01643513195968358,0.01398847388106924,-0.0003351285203590169
validation-0,1,2005201,24,2.3999999999999573,-0.4000756379917121,-0.8248224908148611,1.1993535447439172,0.9998856507097587,-0.010546652674137952,0.010835825813403352,-0.0001962168052574897
validation-0,1,2005201,25,2.4999999999999463,-0.328168805801373,-0.8312448577413102,1.199187973255468,0.9999490410650681,-0.006146909182745943,0.008007462740203912,-0.00010640025252449686
validation-0,1,2005201,26,2.5999999999999353,-0.25467425024106893,-0.8364396178806233,1.199061152399772,0.9999777605244534,-0.0029456426213042815,0.005983210661602554,-5.3256232570860654e-05
validation-0,1,2005201,27,2.6999999999999242,-0.17997800997850943,-0.8409842880050137,1.1989990203902796,0.999979728959212,-0.0033806955884358174,0.005395501661720842,-3.361275254086089e-05
validation-0,1,2005201,28,2.7999999999999132,-0.10423530769313345,-0.8448491087608839,1.1989973557103817,0.9999768387508187,-0.0051863298844021235,0.004407184060254899,-2.5940489241519956e-05
validation-0,1,2005201,29,2.899999999999902,-0.027654378711034745,-0.8477310606711865,1.1990321766815852,0.9999844373068036,-0.005219203850126151,0.001970997863736128,-1.4926083527212943e-05
validation-0,1,2005201,30,2.999999999999891,0.0493021269148093,-0.849529907208473,1.1991066253448395,0.9999701566045162,-0.007641764322923908,-0.001135334044714383,1.8840914782017124e-05
validation-0,1,2005201,31,3.09999999999988,0.1260497088920869,-0.8499209486861813,1.1992003533847604,0.9999740130918715,-0.006284969470629064,-0.003531491859299586,2.9409872255222358e-05
validation-0,1,2005201,32,3.199999999999869,0.20208210098007398,-0.8491951803657048,1.1992837290604887,0.9999760676128544,0.001619957850827676,-0.0067259245769156545,-4.332065717547774e-05
validation-0,1,2005201,33,3.299999999999858,0.2767274532221173,-0.8486687385133954,1.1994130510069518,0.9999033108170828,0.0044871461701999635,-0.013161551605607509,-8.997564546989607e-05
validation-0,1,2005201,34,3.399999999999847,0.3487948338175832,-0.8489212751554955,1.1996023913262261,0.9998081501538021,0.0010480460901986317,-0.019559244250779723,-2.120762199596523e-05
validation-0,1,2005201,35,3.499999999999836,0.41710435102940335,-0.8493358662384479,1.1997982347284135,0.9997558489921043,-0.004927449891808458,-0.02153956375656331,9.918073369830256e-05
validation-0,1,2005201,36,3.599999999999825,0.4813202903650102,-0.8486994591693048,1.1999232832409177,0.9997549721508818,-0.014914362410527347,-0.016356847507998203,0.00010484786866165582
validation-0,1,2005201,37,3.699999999999814,0.5423822897582707,-0.8451322874910203,1.2000348229651114,0.9996506388762818,-0.025351818240916577,-0.007475553549854062,-4.006548356539927e-05
validation-0,1,2005201,38,3.799999999999803,0.6019419135045339,-0.8366383773334926,1.200218871796555,0.9994735494997621,-0.03244314236993605,-0.00016586512273059574,-0.0001971097944153197
validation-0,1,2005201,39,3.899999999999792,0.6614140863364502,-0.8218281268933599,1.2004381959503412,0.9993537347086442,-0.03573465558420646,0.003882394729238052,-0.00027262672148232185
validation-0,1,2005201,40,3.999999999999781,0.7216159999758693,-0.8000672323033303,1.2005755658834436,0.9993687410276875,-0.035061298757450725,0.005722484858087309,-0.00027920104767289186
validation-0,1,2005201,41,4.0999999999997705,0.7829094018472866,-0.7715085949970208,1.2005071208718006,0.9995357206894204,-0.029927592748926295,0.005712350270364366,-0.000226522681329787
validation-0,1,2005201,42,4.1999999999997595,0.8452725530513694,-0.7371055375199785,1.2002355059382035,0.9997293871741451,-0.023070210509112662,0.00298331688621751,-0.0001327698393800747
validation-0,1,2005201,43,4.2999999999997485,0.9081885505956097,-0.6981760968609585,1.1998658363294974,0.9998658566158072,-0.016295417222295727,-0.0016508172863091337,-5.43486639854271e-05
validation-0,1,2005201,44,4.3999999999997375,0.9707788831505259,-0.656078010435196,1.1994821467811096,0.9999451677223788,-0.00828404337164367,-0.006405791759958629,-4.478849037270491e-05
validation-0,1,2005201,45,4.499999999999726,1.0321553753623822,-0.6123288369070592,1.1991614087556413,0.9999598661957421,-0.0013428311558760222,-0.008857650566130457,-6.948906830446984e-05
validation-0,1,2005201,46,4.599999999999715,1.0918237254436225,-0.568249989436685,1.1989415702521236,0.9999551213321423,0.001965888066283266,-0.009267401635260861,-7.66332987966854e-05
validation-0,1,2005201,47,4.699999999999704,1.1497136724263175,-0.5245007978660532,1.1988024336827459,0.9999702159382182,0.0019655448392633793,-0.00746324836136955,-6.159427590480305e-05
validation-0,1,2005201,48,4.799999999999693,1.206197166513219,-0.4811084231434205,1.1987154596663019,0.9999967050809097,0.00020293041679392477,-0.0025585568016631426,-4.9332170145457966e-05
validation-0,1,2005201,49,4.899999999999682,1.2621637528403338,-0.4377418397695012,1.1986910548098089,0.9999953145848928,-0.0023303827516866203,0.0019843317704838063,-5.051649285832702e-05
validation-0,1,2005201,50,4.999999999999671,1.318488748317741,-0.3939268375293933,1.1987372296664032,0.9999795343021833,-0.004424967116047293,0.004620351427618253,-5.473111572372313e-05
validation-0,1,2005201,51,5.09999999999966,1.3756953603634143,-0.3492689838053033,1.1988354567612574,0.9999706330324861,-0.005097737733072402,0.005722189787103558,-5.183295182804018e-05
validation-0,1,2005201,52,5.199999999999649,1.4339848801001027,-0.30364563126488026,1.1989540968864159,0.9999816005100423,-0.0038576961776977804,0.004681380895389778,-3.865860449772022e-05
validation-0,2,2005202,0,0.0,-1.6,-0.20902026574681618,1.2,1.0,0.0,0.0,0.0
validation-0,2,2005202,1,0.10000000000000007,-1.5996267793599512,-0.20930663463127175,1.2000783043077201,0.9997561774416905,0.013436439899921207,0.017498711685816154,0.0009180628142441211
validation-0,2,2005202,2,0.20000000000000015,-1.5957702913958458,-0.2122475392883057,1.2006577578571465,0.9988080941681359,0.029298422110789684,0.038978855833487695,0.0021545960050877227
validation-0,2,2005202,3,0.3000000000000002,-1.5843408647741888,-0.22080092660408174,1.2016569382312061,0.9979993307593152,0.03603787834435494,0.05187602499769697,0.0027359018321886906
validation-0,2,2005202,4,0.4000000000000003,-1.5627920203884447,-0.23634005811497188,1.2025791662342697,0.9977082763647491,0.03660199283366872,0.056843262318039045,0.0027079370243389012
validation-0,2,2005202,5,0.5000000000000003,-1.530170391585883,-0.25899127979123726,1.203004690584676,0.9979130174905606,0.0339771739085543,0.054861736100978255,0.0023132418935546376
validation-0,2,2005202,6,0.6000000000000004,-1.4868655561224973,-0.2882556210710116,1.2027363938848041,0.9984180279188001,0.029801497845572712,0.04764681648349233,0.0017587301901070547
validation-0,2,2005202,7,0.7000000000000005,-1.4342567011135352,-0.3233253748887531,1.2018665673398672,0.9989788607273562,0.02466614307493923,0.03783305630509644,0.001215342048588672
validation-0,2,2005202,8,0.8000000000000006,-1.3742501909563851,-0.3632389860760026,1.2006387019758147,0.9994414110040681,0.020191377655083016,0.026619521007690515,0.000758511639647467
validation-0,2,2005202,9,0.9000000000000007,-1.3089946077580172,-0.4071072951842756,1.1993274606677506,0.9997441687126654,0.015657624103747804,0.01631697751888644,0.00043838008020428634
validation-0,2,2005202,10,1.0000000000000007,-1.2405180039046635,-0.4540444348599743,1.1981338051844732,0.9999178385029535,0.010698103718667031,0.007057628708021971,0.00023811221051492056
validation-0,2,2005202,11,1.1000000000000008,-1.1706103459500223,-0.5030842357440729,1.1971875076186,0.9999836624311169,0.005714061837993242,7.847930472245219e-05,0.00013494132373533427
validation-0,2,2005202,12,1.2000000000000008,-1.1006996013589745,-0.5532698128743083,1.1965526578488441,0.9999747482136404,0.0018414613337792202,-0.006863154028587171,9.52470626793779e-05
validation-0,2,2005202,13,1.300000000000001,-1.0320976060515055,-0.6037860883344708,1.1962302609945628,0.9999252606503719,-0.0032077139108959885,-0.011796993162841003,0.00012098374620237499
validation-0,2,2005202,14,1.400000000000001,-0.9657443164249465,-0.653609884645859,1.196179730832831,0.9998564008912743,-0.01132889012890771,-0.012601741495995362,0.00017307935333690016
validation-0,2,2005202,15,1.500000000000001,-0.9017697856829768,-0.7011717348718086,1.1963650479012564,0.9997440284248581,-0.021165958879976375,-0.007991897170307223,9.691824610702604e-05
validation-0,2,2005202,16,1.6000000000000012,-0.8393372213893591,-0.744612419547041,1.196759984463056,0.9995876655161811,-0.028688269876213403,-0.0012148385024395114,-7.928954617895914e-05
validation-0,2,2005202,17,1.7000000000000013,-0.7771509239101586,-0.782485050366062,1.1972799056975423,0.9994809465081326,-0.03181546457273967,0.00505474533750079,-0.0002516561162271821
validation-0,2,2005202,18,1.8000000000000014,-0.7139867175972022,-0.8141534501045581,1.1978233494164354,0.9994432686623738,-0.031765471766859406,0.010196304008164379,-0.00037803898219021065
validation-0,2,2005202,19,1.9000000000000015,-0.6488670562623605,-0.8396393149027657,1.1982838556110118,0.9995084816114952,-0.028669490209880428,0.012676682617906861,-0.000396529437435634
validation-0,2,2005202,20,2.0000000000000013,-0.5812966627221907,-0.8595223574038425,1.1986017859538336,0.999629283532428,-0.024056736304156452,0.012745875413325463,-0.0003340700317886255
validation-0,2,2005202,21,2.0999999999999903,-0.5112744177763636,-0.8747205176686816,1.198761876977389,0.9997887350701485,-0.017861476553305798,0.010168532811920782,-0.00023199702969458556
validation-0,2,2005202,22,2.1999999999999793,-0.4392572110841465,-0.8863637175811332,1.1988401390509549,0.9998774787812832,-0.013907421309808467,0.007182665819905439,-0.00014272426458799688
validation-0,2,2005202,23,2.2999999999999683,-0.3658065447980478,-0.8952246065723494,1.1989310466691774,0.9998999737526779,-0.013051591825577184,0.005448840400911717,-9.262018050330354e-05
validation-0,2,2005202,24,2.3999999999999573,-0.2912759856957643,-0.9015456344575382,1.199030756862157,0.9999246407314948,-0.011458257934378008,0.0044064821959456605,-6.401372416536064e-05
validation-0,2,2005202,25,2.4999999999999463,-0.2158774365579375,-0.9056246947651161,1.1991247224280528,0.9999510533123389,-0.009230683206454027,0.0035614082670171873,-4.2874732840821504e-05
validation-0,2,2005202,26,2.5999999999999353,-0.1397659772226973,-0.9078323927108588,1.1992381582577667,0.9999457201809563,-0.00985202565349786,0.0033901074250594103,-3.813080949909344e-05
validation-0,2,2005202,27,2.6999999999999242,-0.06301584061428418,-0.9081116056962211,1.1993678204161422,0.9999403293128547,-0.010725325546413114,0.0020747516431317203,-2.472331956853927e-05
validation-0,2,2005202,28,2.7999999999999132,0.014118343535997826,-0.9063540248632408,1.1994715332981978,0.9999668457011682,-0.008121315701989677,-0.0005929505326164281,-1.1806325414717413e-05
validation-0,2,2005202,29,2.899999999999902,0.09115190515995586,-0.902883651695917,1.1995848436665444,0.9999409641026856,-0.0105589295806421,-0.0025645847939349754,1.4843737168834992e-05
validation-0,2,2005202,30,2.999999999999891,0.16767706561509724,-0.8975063079123335,1.1996702912504156,0.999968981841471,-0.006454607565656708,-0.004513687015750595,5.062430641766219e-06
validation-0,2,2005202,31,3.09999999999988,0.2432517160093511,-0.8909148192241408,1.1997211671929302,0.9999525743700273,0.0019719321536398413,-0.009536864254175713,-9.335166261147554e-05
validation-0,2,2005202,32,3.199999999999869,0.31696754867813975,-0.8845827730448727,1.1998079093778677,0.9998894321549683,0.004042337858030164,-0.014309579048265712,-0.00013753879060816112
validation-0,2,2005202,33,3.299999999999858,0.3879087716534206,-0.8789446837957607,1.1999030541380764,0.9998567244955304,0.00014204123272920532,-0.016926493318758635,-6.425951743814806e-05
validation-0,2,2005202,34,3.399999999999847,0.4556062078691578,-0.8732641437872041,1.1999678549835278,0.9998520210242057,-0.0075410334354513745,-0.015461827436599688,2.758365325070081e-05
validation-0,2,2005202,35,3.499999999999836,0.5203468836094987,-0.86604897049359,1.2000200813777635,0.9997920232610225,-0.017989010404403805,-0.009607586445865785,3.314621663458789e-06
validation-0,2,2005202,36,3.599999999999825,0.5831981681339004,-0.8553403444650386,1.200134889207943,0.999644260405867,-0.02644991280546322,-0.003427533876614287,-8.222964538269014e-05
validation-0,2,2005202,37,3.699999999999814,0.6453402664941534,-0.8395020629054444,1.2002987995415741,0.9995261824290456,-0.030771826209486715,0.0006965083833758276,-0.0001422203314566183
validation-0,2,2005202,38,3.799999999999803,0.7075827783883059,-0.8176734181068972,1.2004364011453317,0.999493360576373,-0.03171807038422865,0.0026386152737948613,-0.00015454541642624263
validation-0,2,2005202,39,3.899999999999792,0.770327591105756,-0.7896789163492869,1.2004616065533005,0.9995655411959814,-0.02927111373303884,0.0034512503922436146,-0.00014008976157786707
validation-0,2,2005202,40,3.999999999999781,0.8337145525405849,-0.7559750458978831,1.200341286778289,0.9996912348778652,-0.02472606717402607,0.0024592600920060248,-9.246769364762683e-05
validation-0,2,2005202,41,4.0999999999997705,0.8975493074426902,-0.7174276029406422,1.2001170796089913,0.999806465325138,-0.019667021473228262,-0.0004891229967075402,-3.031697544924966e-05
validation-0,2,2005202,42,4.1999999999997595,0.9612878601681005,-0.6750625226861501,1.1998264751970296,0.9999125867304973,-0.012721227542462386,-0.0036040579255349836,-5.848657621207078e-06
validation-0,2,2005202,43,4.2999999999997485,1.0243408018978515,-0.6301947977474595,1.1995314925141216,0.9999678575104637,-0.005828154128884228,-0.0055060280694280974,-1.4841817653477639e-05
validation-0,2,2005202,44,4.3999999999997375,1.086334665986764,-0.5841397463772043,1.1992975086439517,0.9999806020121116,-0.00132198705554698,-0.006086647708797851,-2.5872546137917173e-05
validation-0,2,2005202,45,4.499999999999726,1.1471558974486975,-0.5377766696272956,1.1991384823935713,0.9999853775215557,0.00040358954330150956,-0.005392696009324636,-2.6235532636434767e-05
validation-0,2,2005202,46,4.599999999999715,1.2069653706537946,-0.49146833984263755,1.1990396441815032,0.9999971853758334,0.0005574256600602511,-0.0023061078329571945,-1.9588450005244757e-05
validation-0,2,2005202,47,4.699999999999704,1.2663078803494423,-0.44524166577524255,1.1989970356075819,0.9999996374708517,-0.0007340335103807528,0.00043126087914722175,-1.6340906869982103e-05
validation-0,2,2005202,48,4.799999999999693,1.3257172569796727,-0.39887273738378815,1.199009127087857,0.999995777385593,-0.0021238192476641807,0.001983516437328239,-1.6288940356793827e-05
validation-0,2,2005202,49,4.899999999999682,1.3854963188290599,-0.3521032225276784,1.1990638065626094,0.9999936063535554,-0.002604255772188984,0.0024504897252953274,-1.4282514205091174e-05
validation-0,2,2005202,50,4.999999999999671,1.4457379919293787,-0.30484594963534556,1.1991451895863918,0.999996604783177,-0.0018219802537962314,0.0018629831193823115,-1.0196620235725327e-05
validation-0,3,2005203,0,0.0,-1.6,0.010853419646433105,1.2,1.0,0.0,0.0,0.0
validation-0,3,2005203,1,0.10000000000000007,-1.5996214757914025,0.010574098480035779,1.2000783043431658,0.9997561863311146,0.013105933058212685,0.01774760686033142,0.0009082191758454039
validation-0,3,2005203,2,0.20000000000000015,-1.5957140995205017,0.007688094706210873,1.2006669042040867,0.998791856986621,0.029380851800103754,0.03933039244657655,0.0021707590184275594
validation-0,3,2005203,3,0.3000000000000002,-1.5841579918837947,-0.0008567112573437833,1.2017281457085172,0.9979049139759906,0.03795447907359197,0.05231661828508804,0.0028655945342534613
validation-0,3,2005203,4,0.4000000000000003,-1.5624080220699494,-0.016747794094474786,1.202712419416154,0.9976035843987264,0.039667922506941254,0.05661388478235115,0.0029004083587484313
validation-0,3,2005203,5,0.5000000000000003,-1.5296420975555538,-0.0403460142299479,1.2031300515241703,0.9978581504029864,0.037799082380927496,0.05333053893110427,0.002488907954927004
validation-0,3,2005203,6,0.6000000000000004,-1.4864876187626266,-0.07129167071396403,1.2028062420978247,0.9984077117673544,0.03384359763140149,0.045089546548894154,0.001893350166767739
validation-0,3,2005203,7,0.7000000000000005,-1.4345093095305514,-0.10881023705209861,1.2018635788004082,0.9989920688068163,0.027684881123728352,0.03530844480420564,0.0013067301749043983
validation-0,3,2005203,8,0.8000000000000006,-1.3755995321253016,-0.15173414220499157,1.2005723858804154,0.9994603377293969,0.02057180691179334,0.025596056741838822,0.0008221590428868842
validation-0,3,2005203,9,0.9000000000000007,-1.3116466052259712,-0.1987003869592109,1.199214695429023,0.999764886174653,0.013839471849846657,0.016685734657714873,0.0004771268538282699
validation-0,3,2005203,10,1.0000000000000007,-1.2444069047645732,-0.24839532333385114,1.1979934581582643,0.9999352653824202,0.007763714417096702,0.008313806957224688,0.00026532417091765486
validation-0,3,2005203,11,1.1000000000000008,-1.1754879107980623,-0.2996222685742562,1.1970386448606671,0.9999952970830065,0.0021372114141109282,0.0021939795055373277,0.00015682209442110495
validation-0,3,2005203,12,1.2000000000000008,-1.1061063088147065,-0.35129605974070877,1.1964040499137565,0.9999960855591695,-0.002061445460675246,-0.0018888630151435392,0.00010726350443054512
validation-0,3,2005203,13,1.300000000000001,-1.0370769139427312,-0.40259270154132454,1.1960740677414192,0.9999785416384974,-0.004527808231930117,-0.004733682746785007,8.638755462716605e-05
validation-0,3,2005203,14,1.400000000000001,-0.969032973591986,-0.45297354682247737,1.1960259891635234,0.9999207298800695,-0.00784880159690177,-0.009844303531404747,0.00014127130434491802
validation-0,3,2005203,15,1.500000000000001,-0.9029303256553461,-0.5017826597040611,1.1962480905750548,0.999800917378146,-0.01260194880826239,-0.01546757693143322,0.00026563117556173535
validation-0,3,2005203,16,1.6000000000000012,-0.8397652799433433,-0.5480453368410865,1.1966826632912904,0.9996666979202882,-0.020487718355759844,-0.015704770819817495,0.00032655660758776264
validation-0,3,2005203,17,1.7000000000000013,-0.7796100625564891,-0.5903113908945428,1.1972288422623896,0.9995690304436311,-0.027167160983228866,-0.011118961555336038,0.00025968446245431035
validation-0,3,2005203,18,1.8000000000000014,-0.7215805786247497,-0.6272757850624221,1.197801032378467,0.9995050758792962,-0.03128544559582303,-0.0032897589677279623,4.088185236068284e-05
validation-0,3,2005203,19,1.9000000000000015,-0.6641974085321247,-0.6581330924645229,1.1983673308457363,0.9994442433094314,-0.03299138292307989,0.004767636130552078,-0.00020691589465750545
validation-0,3,2005203,20,2.0000000000000013,-0.6058984993287715,-0.6825033402998647,1.198938292531713,0.9993485817232177,-0.03425986497824971,0.011335426615181146,-0.00042657111530028553
validation-0,3,2005203,21,2.0999999999999903,-0.545414822723694,-0.7001748075560298,1.199464696508228,0.9993079585499373,-0.03389388303042217,0.015313716833781094,-0.0005465790071822442
validation-0,3,2005203,22,2.1999999999999793,-0.48197821684963277,-0.7112478987779105,1.199813775375271,0.9994040247445184,-0.030551465776950466,0.016060224413983987,-0.0005219723272006677
validation-0,3,2005203,23,2.2999999999999683,-0.4154254793163155,-0.7163577992337199,1.1999374178138196,0.9995692253663426,-0.0254891640794982,0.01454288596419076,-0.0004131378591450339
validation-0,3,2005203,24,2.3999999999999573,-0.3460464758960014,-0.7165294228914639,1.1998360901315235,0.9997781496840176,-0.01763124380057618,0.011520102382787487,-0.0002791013030928184
validation-0,3,2005203,25,2.4999999999999463,-0.2743878930448747,-0.7131906172175658,1.1996345361873433,0.9998862599658447,-0.011920226710402583,0.00923827429981748,-0.00017208907008990128
validation-0,3,2005203,26,2.5999999999999353,-0.20089839214524535,-0.7074339357024634,1.1994682155687786,0.9999113425601149,-0.01064587266760835,0.007997472050911456,-0.00011338239594108232
validation-0,3,2005203,27,2.6999999999999242,-0.1258492677421176,-0.6996173260287711,1.1993366846255402,0.9999437800539732,-0.00850271828249569,0.006335200214729891,-7.583810852749102e-05
validation-0,3,2005203,28,2.7999999999999132,-0.049569913281431975,-0.6901210889143983,1.199231527587288,0.9999716302686231,-0.006427874692907704,0.003926732770770454,-4.306496886152493e-05
validation-0,3,2005203,29,2.899999999999902,0.027464985245242716,-0.6793862214728121,1.1991595478766737,0.9999934605392571,-0.003535196881603592,0.000761918722336862,-2.7232148216738876e-05
validation-0,3,2005203,30,2.999999999999891,0.10464414599872573,-0.6680247416129251,1.1991240682648105,0.9999926712741695,0.0027387608432479726,-0.002674644182531156,-5.353029046685457e-05
validation-0,3,2005203,31,3.09999999999988,0.18128834305997457,-0.6571335394476913,1.199146801920066,0.9999599643741728,0.006191580393069511,-0.0064596336168414965,-8.434795316232619e-05
validation-0,3,2005203,32,3.199999999999869,0.2565981351719455,-0.6473997411140683,1.1992414086470287,0.9998944664505119,0.005931032310486865,-0.013261558511694875,-9.941437885729297e-05
validation-0,3,2005203,33,3.299999999999858,0.32931497276879246,-0.6388137909198477,1.1994181439722018,0.9997937006997409,0.0045189226724942685,-0.019802202122586217,-9.03885600975905e-05
validation-0,3,2005203,34,3.399999999999847,0.39822765364192264,-0.631068419258877,1.199603562962077,0.9997624383638652,0.0008756666718810808,-0.021778407544530812,-3.1771740208338916e-05
validation-0,3,2005203,35,3.499999999999836,0.4630017215270609,-0.6233843910449581,1.1996802095076446,0.9998280512981162,-0.00827867036527713,-0.016593109624763708,-1.2937398408594096e-05
validation-0,3,2005203,36,3.599999999999825,0.5245564293011463,-0.6140344412621868,1.199723952928982,0.9997635217702826,-0.019937575444960578,-0.008682614595265955,-7.633248632544126e-05
validation-0,3,2005203,37,3.699999999999814,0.5843664095907878,-0.6008084094343159,1.1998771565980697,0.9995706623502709,-0.029170579893649712,-0.0027473588976914035,-0.00014232496974164892
validation-0,3,2005203,38,3.799999999999803,0.6436093399144488,-0.5819431474177982,1.2000865082230134,0.9994534514432432,-0.03303038707864655,0.0013252731676888579,-0.00018862304691089917
validation-0,3,2005203,39,3.899999999999792,0.7030867395948674,-0.5566642844594366,1.2002250039064655,0.999468873158433,-0.03236055990815769,0.0038372282318578444,-0.00020354198374825997
validation-0,3,2005203,40,3.999999999999781,0.7633013350602745,-0.525090002418942,1.2002199090087369,0.9995806928382756,-0.028479100426772545,0.0052291342464083216,-0.00018841143140113336
validation-0,3,2005203,41,4.0999999999997705,0.8245141873945085,-0.4879775738760904,1.2000480692732278,0.9997458671558888,-0.02195574417165411,0.0051113935944590225,-0.00014162666477994328
validation-0,3,2005203,42,4.1999999999997595,0.8866722600629525,-0.4465678315102945,1.199760161428335,0.9998888925384446,-0.014771366250950312,0.0020006931606704535,-8.089623259007442e-05
validation-0,3,2005203,43,4.2999999999997485,0.9492091553238708,-0.4022631636944506,1.1994471463795477,0.9999688391328946,-0.007590815815199728,-0.0021673236618801575,-5.464993594283915e-05
validation-0,3,2005203,44,4.3999999999997375,1.0113325490476712,-0.3564501738248079,1.1991894430831924,0.9999832430867343,-0.001410239638177579,-0.005614351136284606,-6.189685023318683e-05
validation-0,3,2005203,45,4.499999999999726,1.0724000826431155,-0.31035812010650266,1.1990214312148904,0.999968974898865,0.004293898449591872,-0.006603509230203534,-7.308669447477075e-05
validation-0,3,2005203,46,4.599999999999715,1.1321491173115827,-0.265060788874268,1.1989497150972297,0.999938744571976,0.007537574839365884,-0.00810453783706353,-9.23894480030709e-05
validation-0,3,2005203,47,4.699999999999704,1.1902939693473626,-0.22121892145437244,1.1989653862771281,0.9999054832182043,0.008978895819673137,-0.01041106363074125,-0.00011753342084014783
validation-0,3,2005203,48,4.799999999999693,1.2463702258210287,-0.1791206506083789,1.1990557487138804,0.9998628561902853,0.00929191850241985,-0.013707957796119606,-0.0001447570639301698
validation-0,3,2005203,49,4.899999999999682,1.2997512639166013,-0.13882404726839717,1.1992028415214062,0.9998181688959218,0.008302255855685399,-0.017166201092188096,-0.00015242498220202267
validation-0,3,2005203,50,4.999999999999671,1.3497878685512,-0.1001338528025467,1.1993671984963132,0.9997987130965499,0.006028663049968024,-0.019135658543660675,-0.00012281861670637844
validation-0,3,2005203,51,5.09999999999966,1.3960941683422832,-0.06260759995239475,1.1995119988512861,0.9998067794141592,0.002727339742951131,-0.0194669302442405,-6.389271012091927e-05
validation-0,3,2005203,52,5.199999999999649,1.4386332179725956,-0.025627881011317636,1.1996014992856803,0.9998549836054258,-7.022687755433852e-05,-0.017029582303435056,-1.2415695994489256e-05
validation-0,4,2005204,0,0.0,-1.6,-0.025682995444270634,1.2,1.0,0.0,0.0,0.0
validation-0,4,2005204,1,0.10000000000000007,-1.5996207189806397,-0.02596128812345247,1.2000783043486452,0.999756187705357,0.013057700461856612,0.017783124601350522,0.0009066878801323
validation-0,4,2005204,2,0.20000000000000015,-1.5957041300897798,-0.028832678484182063,1.2006654216938115,0.9987945183546975,0.029089893063007945,0.03947942375869129,0.0021594735170493377
validation-0,4,2005204,3,0.3000000000000002,-1.5841130018193783,-0.037300435632698886,1.2017134861198333,0.9979248990987487,0.03720209590881282,0.0524777484883855,0.002825903808039968
validation-0,4,2005204,4,0.4000000000000003,-1.5622954202497177,-0.052972206060520506,1.2026837835136976,0.9976266963998944,0.038734503080353755,0.05685511753165622,0.002847544874526175
validation-0,4,2005204,5,0.5000000000000003,-1.5294125508517136,-0.07617143669869277,1.2031036391297776,0.9978696009061299,0.036882932923637826,0.053758031679766366,0.0024459918862726644
validation-0,4,2005204,6,0.6000000000000004,-1.4860570154010313,-0.1065390775406021,1.2027927270406984,0.9984093620253557,0.03294104743143804,0.045718183404504134,0.0018657224965762105
validation-0,4,2005204,7,0.7000000000000005,-1.4337603316829324,-0.14330888647582185,1.2018660345062862,0.9989889942508301,0.02707295529076729,0.03586616429139314,0.0012894636719744724
validation-0,4,2005204,8,0.8000000000000006,-1.374429554043981,-0.18537117353168547,1.200589093499368,0.9994556152000906,0.020640470445387825,0.025725212444356063,0.0008109682452999106
validation-0,4,2005204,9,0.9000000000000007,-1.310024154147646,-0.23147971038753454,1.1992414694003202,0.9997608337817062,0.014171927056971472,0.01664955900416976,0.0004731855529555251
validation-0,4,2005204,10,1.0000000000000007,-1.242342052918373,-0.2803751705299182,1.1980216301277402,0.9999361177824406,0.007915252466650834,0.008064630800455294,0.00026620034385727183
validation-0,4,2005204,11,1.1000000000000008,-1.1730241005617335,-0.3308374566798884,1.197065337743967,0.9999953945401344,0.0023139415943458953,0.001957428933856265,0.0001582554498125496
validation-0,4,2005204,12,1.2000000000000008,-1.1032926995979158,-0.3817855374109268,1.1964294370062472,0.9999963589721028,-0.0016074477925678006,-0.002164894912400869,0.00010669653556599575
validation-0,4,2005204,13,1.300000000000001,-1.0339955223870476,-0.43244450837265686,1.1961007411992102,0.9999721851928973,-0.003846603094543495,-0.0063893677078972234,9.200798536779393e-05
validation-0,4,2005204,14,1.400000000000001,-0.9659689004651065,-0.4823014762182146,1.196058227291948,0.9999062561617466,-0.007920563486754864,-0.01116785586895764,0.0001501930210993596
validation-0,4,2005204,15,1.500000000000001,-0.900124932150751,-0.530579361210412,1.196276480671687,0.9997976946115398,-0.013282597252323239,-0.015102149328878975,0.00025989485015701774
validation-0,4,2005204,16,1.6000000000000012,-0.8371493691840252,-0.5761790127993874,1.1966971613576831,0.9996726818920783,-0.021542456054207692,-0.013797627424863066,0.00027774681951450736
validation-0,4,2005204,17,1.7000000000000013,-0.7768071068531377,-0.6175696058930985,1.1972407681990715,0.9995556680155404,-0.028796212811027653,-0.007695706816817648,0.00014409142717600784
validation-0,4,2005204,18,1.8000000000000014,-0.7179587396293693,-0.6533470200887662,1.1978391913204078,0.9994556758599358,-0.03298861387740298,-0.00031353088506872205,-7.102247797259615e-05
validation-0,4,2005204,19,1.9000000000000015,-0.6591608827665046,-0.6826912974108655,1.1984359445679185,0.9993884092643249,-0.034180508850955686,0.007376034504578019,-0.0003071771478545185
validation-0,4,2005204,20,2.0000000000000013,-0.5989599762102579,-0.7053488777533484,1.1989773302229096,0.9993610322147618,-0.033440622364721985,0.012611479298430324,-0.00045017375755548915
validation-0,4,2005204,21,2.0999999999999903,-0.5363270022494768,-0.7214545627930049,1.1994177969547761,0.9993862205908557,-0.031709353777397906,0.014881587731328581,-0.0004871578192387265
validation-0,4,2005204,22,2.1999999999999793,-0.47081762544495653,-0.7313770185126266,1.1996861865608592,0.9995030516435024,-0.027995082560280934,0.014482433992237673,-0.00042920091989116137
validation-0,4,2005204,23,2.2999999999999683,-0.402489954243585,-0.7358340312437249,1.199757570731748,0.9996615767077028,-0.02280300472692318,0.012516016169376335,-0.00032306182403356147
validation-0,4,2005204,24,2.3999999999999573,-0.3317265057250052,-0.7358745183858432,1.1996475847942982,0.9998420608280758,-0.015019111433521025,0.00949921333320559,-0.00021127438318547194
validation-0,4,2005204,25,2.4999999999999463,-0.2590722594768301,-0.7328931039594968,1.199481795955233,0.9999158190543258,-0.010497879674948321,0.007624433614135156,-0.00013167882066911668
validation-0,4,2005204,26,2.5999999999999353,-0.1849053025730872,-0.7277817646057209,1.1993682101329644,0.9999252368006762,-0.010171877920631588,0.006785664061207336,-9.204308378956268e-05
validation-0,4,2005204,27,2.6999999999999242,-0.10941882477834565,-0.720712927125788,1.1992883520953912,0.999950499318156,-0.008361857249543546,0.005392041807996223,-6.435720562598674e-05
validation-0,4,2005204,28,2.7999999999999132,-0.03289000198026359,-0.7119972859958493,1.1992291466702896,0.9999751522499917,-0.00632451889588391,0.0031135181961261197,-3.671218110484495e-05
validation-0,4,2005204,29,2.899999999999902,0.0442343500461072,-0.7020607546488019,1.1991962115151549,0.9999936727241304,-0.0035570033723203156,4.121686257839259e-05,-2.3235400722295912e-05
validation-0,4,2005204,30,2.999999999999891,0.12136250283595686,-0.6914947312760326,1.1991920683405355,0.9999912712896223,0.002623848054533471,-0.0032511724702163807,-5.1415187791939254e-05
validation-0,4,2005204,31,3.09999999999988,0.19783893599132893,-0.6813804882483658,1.1992384818656723,0.9999558725032417,0.006203422619688705,-0.007054297300459893,-8.650825817509452e-05
validation-0,4,2005204,32,3.199999999999869,0.27285900118426204,-0.6724132751745885,1.199351311828879,0.999884668652523,0.005504463791075128,-0.014154220118298247,-9.124061459720463e-05
validation-0,4,2005204,33,3.299999999999858,0.3451270388453406,-0.6645007079096136,1.1995328588414658,0.9997897262205938,0.003100654607138004,-0.020270331744096714,-5.4182483641326814e-05
validation-0,4,2005204,34,3.399999999999847,0.41350443679457183,-0.6571483291088684,1.1997053973558345,0.9997687314176257,-0.0016387159663225044,-0.021442894954562464,2.3356812539541884e-05
validation-0,4,2005204,35,3.499999999999836,0.4778053832043809,-0.6493642966013586,1.1997806862604472,0.999807651548914,-0.01184123781834428,-0.01563472564314392,1.8580641329045407e-05
validation-0,4,2005204,36,3.599999999999825,0.5390578008108203,-0.6392415144472144,1.199856347703263,0.9996992648170089,-0.023212429781314912,-0.007909445823004001,-6.078446629692659e-05
validation-0,4,2005204,37,3.699999999999814,0.5987199298139931,-0.6246208198389689,1.2000284913928585,0.9995213980171305,-0.03085797379396698,-0.002177732208180867,-0.0001335726086531877
validation-0,4,2005204,38,3.799999999999803,0.657925064867808,-0.6040240794368379,1.2002169700320224,0.9994423382607889,-0.033349619055051564,0.0016682526194298877,-0.00017981626550660047
validation-0,4,2005204,39,3.899999999999792,0.717431773420716,-0.5769444787309407,1.2003105616390108,0.9994856213807287,-0.03183006498005346,0.003911962576757411,-0.00019017187757328975
validation-0,4,2005204,40,3.999999999999781,0.7776930767496432,-0.5436708989110542,1.2002520071293088,0.9996126993221495,-0.02733985570023432,0.005191692705733422,-0.00017312141946225124
validation-0,4,2005204,41,4.0999999999997705,0.8389284723711818,-0.5050553039907909,1.200051125675627,0.9997600272745053,-0.021500089985981474,0.004197590700093078,-0.00011927694754851907
validation-0,4,2005204,42,4.1999999999997595,0.9009687278817182,-0.46224541987510054,1.199756954783313,0.9998923859484302,-0.014546818704471942,0.0018978591132034171,-6.869294953090834e-05
validation-0,4,2005204,43,4.2999999999997485,0.9633725971591748,-0.4165767630941989,1.1994449929237823,0.9999697082764438,-0.007739619924011101,-0.0008240023721019753,-4.281410861146106e-05
validation-0,4,2005204,44,4.3999999999997375,1.0256214742673198,-0.3693679384171671,1.199187849894242,0.9999924919353631,-0.0021801871751729947,-0.003203334051205439,-3.882962024711454e-05
validation-0,4,2005204,45,4.499999999999726,1.087269539236064,-0.32173640325332853,1.1990155348603673,0.9999862793792886,0.0032941324884413533,-0.004072819385850501,-4.34346201616454e-05
validation-0,4,2005204,46,4.599999999999715,1.1480866080078869,-0.2747189666328701,1.198939963382714,0.999956003062168,0.007128072042487384,-0.006097354981906468,-6.921788322791717e-05
validation-0,4,2005204,47,4.699999999999704,1.207688176148094,-0.22907813972313057,1.1989579530493564,0.9999137404809435,0.009345768033839916,-0.009227994426965324,-0.00011106809485805178
validation-0,4,2005204,48,4.799999999999693,1.2654421244970848,-0.18526283633171184,1.199068064905013,0.9998448331025193,0.01083157856289687,-0.013890848360303118,-0.00017594278347524017
validation-0,4,2005204,49,4.899999999999682,1.3204528018559665,-0.14355014477419356,1.1992641473236405,0.999753870545017,0.010968672755168269,-0.01928296728435874,-0.00023177781678974938
validation-0,4,2005204,50,4.999999999999671,1.3716879242328806,-0.10396136291496591,1.1995117035242273,0.9996722834897709,0.009399188141734462,-0.023810196639212355,-0.00023541585600500778
validation-0,4,2005204,51,5.09999999999966,1.418274225672949,-0.06620438771998687,1.1997640224644166,0.9996220430498799,0.00697780782192287,-0.026590314209173457,-0.0001908848920071171
validation-0,5,2005205,0,0.0,-1.6,-0.07976606708953621,1.2,1.0,0.0,0.0,0.0
validation-0,5,2005205,1,0.10000000000000007,-1.599614064418271,-0.08003505555077035,1.2000783044015009,0.9997562009608035,0.012621351541183011,0.01809543725754094,0.0008917825717126735
validation-0,5,2005205,2,0.20000000000000015,-1.5956278923466007,-0.08279980054558636,1.200659199854717,0.9988056862013649,0.027636210141503265,0.040237350519626236,0.0020968366645416295
validation-0,5,2005205,3,0.3000000000000002,-1.5838260892903278,-0.09086842397129827,1.2016770396775613,0.9979722486534641,0.034526303827837064,0.05340506675973426,0.002687769693589619
validation-0,5,2005205,4,0.4000000000000003,-1.5616165745284478,-0.1056319217384101,1.202621049417553,0.9976758378115145,0.03573135715859389,0.05795683683300057,0.002682876629796977
validation-0,5,2005205,5,0.5000000000000003,-1.5281279689124123,-0.1273492992159964,1.203048504614205,0.9978934446097153,0.03441074754750888,0.05494737742097127,0.0023150319082617197
validation-0,5,2005205,6,0.6000000000000004,-1.4839350456011844,-0.15575076949492572,1.202763818583471,0.9984153264622182,0.03101239497472379,0.046924276104590684,0.0017831307671894762
validation-0,5,2005205,7,0.7000000000000005,-1.4305671335941441,-0.19017794934602558,1.2018695089349207,0.9989842302129962,0.025679373471199765,0.03700717267789247,0.0012436777163598795
validation-0,5,2005205,8,0.8000000000000006,-1.3699453237684438,-0.22962739148736977,1.2006233957426236,0.9994465206136626,0.019931607913344206,0.026622598596901286,0.0007878344873197852
validation-0,5,2005205,9,0.9000000000000007,-1.304083011327929,-0.27298985883361865,1.1992965898435464,0.9997540416308983,0.01444690360929077,0.016820599564807564,0.0004589652135031467
validation-0,5,2005205,10,1.0000000000000007,-1.2348912575269348,-0.31917640117486834,1.1980901818050251,0.9999297357120408,0.00840657301554086,0.00835378912570188,0.00025956930650207575
validation-0,5,2005205,11,1.1000000000000008,-1.1640106128831764,-0.36701876207516704,1.1971382188178927,0.9999940494341966,0.002477783272038674,0.002395282526696708,0.00015590981755519818
validation-0,5,2005205,12,1.2000000000000008,-1.0926390444015395,-0.4153888694293368,1.1964992707321305,0.9999969292652879,-0.0013255048526412175,-0.0020912753317174483,0.00010518729217998976
validation-0,5,2005205,13,1.300000000000001,-1.0216992067439226,-0.4635107667656516,1.1961680915529211,0.9999653119324837,-0.004034754596357679,-0.007285942795210841,0.00010356013936901605
validation-0,5,2005205,14,1.400000000000001,-0.9521841057975342,-0.5107938139837649,1.196126862374234,0.9998893266427783,-0.008724177802158208,-0.012049655482630487,0.00017026531879345635
validation-0,5,2005205,15,1.500000000000001,-0.8849953689183183,-0.5563394294247824,1.196335960729975,0.9997901134754917,-0.014644357396247785,-0.014325011341665497,0.0002565992506183253
validation-0,5,2005205,16,1.6000000000000012,-0.8205262572042609,-0.5989403439075495,1.1967442928863072,0.9996616206141673,-0.023383110106287686,-0.011394103495761549,0.00022099398487310985
validation-0,5,2005205,17,1.7000000000000013,-0.7582415124537998,-0.636990434071043,1.1972845533681926,0.9995351192667422,-0.030085369674874855,-0.004940853334995083,6.20666273369794e-05
validation-0,5,2005205,18,1.8000000000000014,-0.6969238831835435,-0.6691656409957226,1.1978895417914657,0.9994243764431675,-0.033873924626835694,0.001858040810576805,-0.00014382595968845835
validation-0,5,2005205,19,1.9000000000000015,-0.6352409577632705,-0.6947207511493396,1.1985100297469307,0.9993410399958305,-0.03532433137710559,0.008339848081865128,-0.0003526000343666494
validation-0,5,2005205,20,2.0000000000000013,-0.5719728133269499,-0.7133662419056411,1.1990676489325651,0.9993225593056009,-0.034802537483962434,0.011958352322770116,-0.00045128406387785687
validation-0,5,2005205,21,2.0999999999999903,-0.5064011730063677,-0.7252463615670723,1.1994419179621918,0.9994409960644285,-0.030929275225030143,0.01268443074878934,-0.0004248957242589776
validation-0,5,2005205,22,2.1999999999999793,-0.43836625879250224,-0.7310661070726573,1.1996135562748629,0.9995869992583215,-0.02622399621722444,0.011748103657959452,-0.00033911146516239706
validation-0,5,2005205,23,2.2999999999999683,-0.3680419452397918,-0.7317793119362962,1.1996124223044724,0.9997522143747747,-0.019969885791438737,0.009831395956862759,-0.00023909778693686137
validation-0,5,2005205,24,2.3999999999999573,-0.2957806995311737,-0.7285517292858551,1.1995106332485206,0.9998605321518447,-0.014565853685470526,0.00816872027320694,-0.00015543661881844474
validation-0,5,2005205,25,2.4999999999999463,-0.2219101222786049,-0.7224385201354669,1.1993972264450465,0.9999172134205245,-0.01087276603828152,0.00688037953978012,-9.819062639900868e-05
validation-0,5,2005205,26,2.5999999999999353,-0.1466881280831868,-0.7141271913521042,1.1993195620690678,0.9999301374554058,-0.010389950294353686,0.005636041250659933,-6.465534865886442e-05
validation-0,5,2005205,27,2.6999999999999242,-0.07037097789202686,-0.703783550442699,1.1992814067722188,0.9999417272787409,-0.010083456467823859,0.003855418101289982,-4.127630005326265e-05
validation-0,5,2005205,28,2.7999999999999132,0.006693595629815748,-0.6915272325708213,1.1992471384472574,0.9999784371190307,-0.006378400575143033,0.001562226206415798,-2.7429260499859003e-05
validation-0,5,2005205,29,2.899999999999902,0.0840430698717343,-0.6780481609442882,1.1992195039107645,0.9999981399533492,-0.0008260327617466432,-0.0017425095522030827,-3.768526306171722e-05
validation-0,5,2005205,30,2.999999999999891,0.16104787459393413,-0.6643928697865223,1.1992328264716188,0.9999782439164767,0.0039998394072704715,-0.005244841472809348,-6.794380621949145e-05
validation-0,5,2005205,31,3.09999999999988,0.2369663283610289,-0.6514483304563818,1.1993084938687155,0.9999246548974281,0.00497057765357678,-0.011223671783964337,-8.412927635166251e-05
validation-0,5,2005205,32,3.199999999999869,0.31067460854973955,-0.6394620080829563,1.199459983464631,0.9998326611839378,0.004366820094896427,-0.017764370654670476,-8.744911890348388e-05
validation-0,5,2005205,33,3.299999999999858,0.3809667989746813,-0.6282951778846002,1.1996366373759375,0.9997878622676563,0.0020090964037429225,-0.02049856474698095,-5.3265608969760414e-05
validation-0,5,2005205,34,3.399999999999847,0.44732668069659065,-0.6174498156063939,1.199744599260331,0.9998269134218916,-0.004069814654061396,-0.018154331220842902,7.991246868493892e-06
validation-0,5,2005205,35,3.499999999999836,0.5102005684316865,-0.605718043105349,1.199787952927657,0.9998258530472599,-0.014652408091370792,-0.011557260836896146,-1.540754766091128e-05
validation-0,5,2005205,36,3.599999999999825,0.570794761185782,-0.5911281881169969,1.1998848957877144,0.999686659733392,-0.024519345482756895,-0.005037580575188948,-8.264465267986609e-05
validation-0,5,2005205,37,3.699999999999814,0.6303663822319089,-0.5717964492552251,1.2000540518677165,0.9995526480654339,-0.029903807472709487,-0.0004980246902851679,-0.00013422153512173565
validation-0,5,2005205,38,3.799999999999803,0.6898154904191989,-0.5466682217993928,1.2001994819338646,0.9995261392170739,-0.03068261734485699,0.0024592631203754246,-0.00016136784864236552
validation-0,5,2005205,39,3.899999999999792,0.7497311789481793,-0.5155785606319049,1.2002327854257244,0.9996024043843824,-0.027860935530396595,0.004333004321026229,-0.00016276942856769525
validation-0,5,2005205,40,3.999999999999781,0.8104772909035528,-0.47906631874112515,1.2001240759951468,0.9997328853524009,-0.02255349286464046,0.005047723917433259,-0.00013560169782534358
validation-0,5,2005205,41,4.0999999999997705,0.8721607755400826,-0.4381492379031504,1.1999000789828567,0.9998653407977194,-0.016126179540208674,0.0030396670883762597,-8.383846343062878e-05
validation-0,5,2005205,42,4.1999999999997595,0.9344175122893167,-0.3940816016060756,1.1996234689425396,0.9999584051427104,-0.00910756369033543,-0.000487417040875198,-5.1891246783109256e-05
validation-0,5,2005205,43,4.2999999999997485,0.9965690715830038,-0.34820682659679186,1.1993749882497693,0.9999854103489535,-0.0030848389455747083,-0.004433986870574181,-5.116976883811707e-05
validation-0,5,2005205,44,4.3999999999997375,1.0579080458695145,-0.3017247640024558,1.199197372629204,0.999981468875385,0.0024688223117582653,-0.005564508664835189,-5.536730969435263e-05
validation-0,5,2005205,45,4.499999999999726,1.118145583269615,-0.2556900377141668,1.1991018525824433,0.9999605174951621,0.006114913451616335,-0.006447235648503674,-6.660915366323304e-05
validation-0,5,2005205,46,4.599999999999715,1.1770925460361557,-0.21082884095256385,1.199088516376357,0.9999309607026179,0.007943841447553938,-0.008658000142342656,-9.080159668632909e-05
validation-0,5,2005205,47,4.699999999999704,1.2343041152243361,-0.16751129926317862,1.199153698519892,0.9998831575347822,0.008740144743681948,-0.012540526020449994,-0.00012788770270292962
validation-0,5,2005205,48,4.799999999999693,1.2890307362333466,-0.1258958388715098,1.1992974049664462,0.9998090456176246,0.00866538633008017,-0.017514463639228837,-0.00016414735556811064
validation-0,5,2005205,49,4.899999999999682,1.340345629515867,-0.08595600771633223,1.199484964972507,0.9997531522588664,0.007224242130432369,-0.021009977614214408,-0.00016035819552762177
validation-0,5,2005205,50,4.999999999999671,1.3875648021506568,-0.04740894450227495,1.1996642766964103,0.9997355722156924,0.004394593222939909,-0.022571251003466776,-0.00010874330150446327
validation-0,5,2005205,51,5.09999999999966,1.4304241034280503,-0.009727684536703524,1.1997723482737577,0.9997884074411504,0.0016359171017621024,-0.020505164600263512,-4.843800776865234e-05
validation-0,6,2005206,0,0.0,-1.6,0.010047633837528519,1.2,1.0,0.0,0.0,0.0
validation-0,6,2005206,1,0.10000000000000007,-1.5996392493723184,0.009745707394212327,1.2000783042438634,0.9997561614254108,0.014165973229281887,0.016913534965361035,0.0009355369420768927
validation-0,6,2005206,2,0.20000000000000015,-1.595913239858281,0.006618078670424013,1.2006752931908562,0.9987766673656976,0.032103457523816915,0.03754237710009563,0.0022597925926847186
validation-0,6,2005206,3,0.3000000000000002,-1.584886348253136,-0.002703200154868965,1.2017581220824074,0.9978683367725917,0.04206216141510191,0.04980441549623283,0.0030128459750055313
validation-0,6,2005206,4,0.4000000000000003,-1.564148782341407,-0.020159006987231103,1.2027527331055712,0.9975734089496979,0.04402037097775663,0.05385280041499003,0.003062120657565067
validation-0,6,2005206,5,0.5000000000000003,-1.5329247973907276,-0.04615700059799226,1.203159562044287,0.9978455004164068,0.04128429540162468,0.05092258771052334,0.0026180742514199085
validation-0,6,2005206,6,0.6000000000000004,-1.491780595386761,-0.0801819507112856,1.2028135933756736,0.9984084104930663,0.03621242260535725,0.043190493047955074,0.001971703840236673
validation-0,6,2005206,7,0.7000000000000005,-1.4421837819709848,-0.12124757370895749,1.2018463832673958,0.9989995661048371,0.029152434308329075,0.0338849888823722,0.001345371579530524
validation-0,6,2005206,8,0.8000000000000006,-1.3859367525969781,-0.16801264308296715,1.200535167020777,0.9994686181721737,0.021481172924595955,0.024501822406814432,0.0008373753837982549
validation-0,6,2005206,9,0.9000000000000007,-1.3248638920253015,-0.21900393971101875,1.1991650635703166,0.9997708565877675,0.014486900983013126,0.015752220939528768,0.00048119968986797457
validation-0,6,2005206,10,1.0000000000000007,-1.2606907865282049,-0.2728597743159551,1.1979409405200334,0.9999360661549639,0.00857512464955824,0.007366262464193494,0.00026271103750591455
validation-0,6,2005206,11,1.1000000000000008,-1.1950251396041591,-0.328406940941557,1.1969889728866496,0.9999943210045182,0.003148545062609353,0.0011921958712139446,0.00015261620577277344
validation-0,6,2005206,12,1.2000000000000008,-1.1290912395623511,-0.38459681164770915,1.1963586095870031,0.999995527270139,-0.0010413822469863745,-0.0028018160354489046,0.0001038731737653926
validation-0,6,2005206,13,1.300000000000001,-1.0637179701485182,-0.44061145567652094,1.1960381593976208,0.9999703198734103,-0.0034755583467116773,-0.006875436449885207,9.077484230861253e-05
validation-0,6,2005206,14,1.400000000000001,-0.9997643472856533,-0.49590985236402674,1.1960214575186285,0.9998764062218229,-0.007098899038151962,-0.014026627071779069,0.00017789425878540627
validation-0,6,2005206,15,1.500000000000001,-0.9384995228721275,-0.5497871835861133,1.196266442808201,0.999763093662357,-0.01209350225606126,-0.01809486723688872,0.0002820169051292231
validation-0,6,2005206,16,1.6000000000000012,-0.8806781054302696,-0.6012515589010581,1.1966566123071347,0.9997032234317327,-0.018673912882279577,-0.015641958922755883,0.0002813519619564024
validation-0,6,2005206,17,1.7000000000000013,-0.8258374319501931,-0.6490311601192149,1.1971309378532735,0.9996320876302853,-0.02595743741855417,-0.007867047438907055,0.00010191748600970392
validation-0,6,2005206,18,1.8000000000000014,-0.7725163976411988,-0.691733159709158,1.1976939826965995,0.999495907637629,-0.03170434405484058,0.0016521628883797346,-0.00018852447082458548
validation-0,6,2005206,19,1.9000000000000015,-0.7188745965614974,-0.7282514478503079,1.1983238574048842,0.9993494266717762,-0.03444602104231764,0.010675395675070812,-0.00048059580290489654
validation-0,6,2005206,20,2.0000000000000013,-0.6631731846709115,-0.7580483623987476,1.198941126388442,0.9992644543722817,-0.03421302259135988,0.017308342046683693,-0.0006637837183096358
validation-0,6,2005206,21,2.0999999999999903,-0.6041290401479397,-0.7811693710987728,1.1994350561950036,0.9992951254583666,-0.031511313155995,0.020391555187225935,-0.0006883715403117466
validation-0,6,2005206,22,2.1999999999999793,-0.5411783992556221,-0.798184202384926,1.1996482041359688,0.9995160052538214,-0.025156960232413803,0.018291699699484066,-0.0005443486105088552
validation-0,6,2005206,23,2.2999999999999683,-0.4746519902348469,-0.8102847882604284,1.1995982192315238,0.9997343709082612,-0.017640952159796938,0.014827463252735911,-0.0003616145024772187
validation-0,6,2005206,24,2.3999999999999573,-0.40521709663150707,-0.818906875779542,1.1994342520424979,0.9998712354929004,-0.011230354578572044,0.011460603535717127,-0.00021479417484426591
validation-0,6,2005206,25,2.4999999999999463,-0.3335278545914044,-0.8253044218401502,1.1992484335760045,0.9999465245055763,-0.006142273347409963,0.008319079597095241,-0.00011628414752480962
validation-0,6,2005206,26,2.5999999999999353,-0.26018749487615483,-0.8304715947205049,1.1990988369960591,0.9999780747331626,-0.0025049610186089347,0.006129595738488873,-5.7265488481370745e-05
validation-0,6,2005206,27,2.6999999999999242,-0.1856145538442345,-0.835068350115094,1.1990161208539176,0.999980813159347,-0.002863368481661271,0.005493018055954757,-3.444920949217795e-05
validation-0,6,2005206,28,2.7999999999999132,-0.10997486321474693,-0.8390854627673395,1.1989969022335387,0.9999786058163296,-0.004722064534790081,0.004526514651094452,-2.6101197103438148e-05
validation-0,6,2005206,29,2.899999999999902,-0.03347243126494156,-0.8421985954011406,1.1990202919702293,0.9999831961553508,-0.005377457227646008,0.0021656824464444755,-1.3425158676288811e-05
validation-0,6,2005206,30,2.999999999999891,0.04344228942119977,-0.8442711482848413,1.199074681305959,0.9999867303177578,-0.005066826498404984,-0.0009308362427363518,1.234317956098817e-06
validation-0,6,2005206,31,3.09999999999988,0.12018331458016467,-0.845335603891547,1.1991603163307212,0.999979644019285,-0.005292467071731977,-0.003563853755870782,1.6904580565183096e-05
validation-0,6,2005206,32,3.199999999999869,0.19619216143395782,-0.8455336311886417,1.1992558276054375,0.9999686562057816,0.0024575686429720266,-0.007526022437336398,-7.712742124302505e-05
validation-0,6,2005206,33,3.299999999999858,0.27065563839230466,-0.8460918941669688,1.1994058995597932,0.9998724559393758,0.0059078185426965175,-0.014837407905553528,-0.0001444315482209404
validation-0,6,2005206,34,3.399999999999847,0.3422225927987405,-0.8476969929315179,1.1996183882169587,0.9997655209447639,0.0022048353667206227,-0.021541530893593296,-6.540498016052529e-05
validation-0,6,2005206,35,3.499999999999836,0.409652975466878,-0.8496856472542145,1.1998227997638578,0.9997211371163547,-0.004309894223102379,-0.02321781897938235,7.547456714927229e-05
validation-0,6,2005206,36,3.599999999999825,0.4726731210522662,-0.8507401967841148,1.1999285542857145,0.9997400259082485,-0.015075521913519003,-0.017105640493130975,7.936831478317623e-05
validation-0,6,2005206,37,3.699999999999814,0.5323881521414193,-0.8488283953005901,1.2000195077501121,0.9996222543144831,-0.026460583039776796,-0.007428272622009422,-8.360787992769607e-05
validation-0,6,2005206,38,3.799999999999803,0.5906031371951235,-0.8417727311783294,1.2002100576537178,0.9994096099312216,-0.03435543391939635,0.0002671442783195739,-0.00025371493431862403
validation-0,6,2005206,39,3.899999999999792,0.6488188948212574,-0.8280395801111474,1.2004413760689767,0.9992809381959986,-0.03761315074374146,0.00476882301247797,-0.0003402592067211009
validation-0,6,2005206,40,3.999999999999781,0.707934592905723,-0.8069886537335679,1.2005771375468661,0.9993048764020971,-0.03663977516644954,0.006868131057519877,-0.00034590535854370414
validation-0,6,2005206,41,4.0999999999997705,0.7683638430263849,-0.7788302488816629,1.2004923077070548,0.9994885677551524,-0.03122519055212327,0.006892844536327062,-0.0002812399937814506
validation-0,6,2005206,42,4.1999999999997595,0.8300956471702968,-0.7445788984656705,1.200184678019284,0.9997071575591914,-0.023827138933038037,0.004223308253048019,-0.00017390395862813005
validation-0,6,2005206,43,4.2999999999997485,0.8926164798187487,-0.7056430785938352,1.1997737667199018,0.9998564797521998,-0.016927503402644928,-0.0006881301663507772,-7.747880614195619e-05
validation-0,6,2005206,44,4.3999999999997375,0.9550071520271453,-0.6634135747964314,1.199354300559435,0.9999450391678323,-0.008933324234681505,-0.0054874069135327636,-5.222187946499236e-05
validation-0,6,2005206,45,4.499999999999726,1.0163573274690563,-0.6194123114882835,1.1990047557077672,0.999964772878992,-0.0016542884152766315,-0.008228683918887083,-7.135732504439498e-05
validation-0,6,2005206,46,4.599999999999715,1.0761252731012705,-0.5750268792981761,1.198769204201682,0.9999576572822302,0.002359073429771079,-0.008894483440573461,-8.111419580206148e-05
validation-0,6,2005206,47,4.699999999999704,1.1341768387030369,-0.5310373720184076,1.1986304007540611,0.999966257156745,0.0025687261098130015,-0.0078026703672926185,-6.729965767313635e-05
validation-0,6,2005206,48,4.799999999999693,1.1907725579419126,-0.4875279020486885,1.198550825975763,0.9999952091019598,0.0011087471475039938,-0.0028896455980922204,-4.900213847941352e-05
validation-0,6,2005206,49,4.899999999999682,1.2467866196593123,-0.44421305447814696,1.1985349291801486,0.9999971375274207,-0.0014791550398187143,0.0018801149151032434,-4.69599849474735e-05
validation-0,6,2005206,50,4.999999999999671,1.3031374306174863,-0.40061448909307873,1.1985932906561627,0.9999818745854321,-0.003856963810266322,0.004622945236199891,-5.203954949347534e-05
validation-0,6,2005206,51,5.09999999999966,1.3603687712265373,-0.35628217799679773,1.198708335614702,0.9999713752172461,-0.004909880322523698,0.005756666086290503,-5.115583322481654e-05
validation-0,6,2005206,52,5.199999999999649,1.418692893571993,-0.31102309182622956,1.1988477798547943,0.9999802204314912,-0.003975667632008852,0.004873526733351951,-3.936808909654029e-05
validation-0,7,2005207,0,0.0,-1.6,0.01311405826626022,1.2,1.0,0.0,0.0,0.0
validation-0,7,2005207,1,0.10000000000000007,-1.5996386862375587,0.012812805939172866,1.2000783042461822,0.9997561620071391,0.014134363601053199,0.016939959900129108,0.0009349079795530558
validation-0,7,2005207,2,0.20000000000000015,-1.5959067553717017,0.009692240402065185,1.200675295617535,0.9987766665225262,0.03202851546643951,0.03760643943986361,0.0022583887668601323
validation-0,7,2005207,3,0.3000000000000002,-1.5848615427569286,0.00039265365060805487,1.2017581219879947,0.9978683445766937,0.04195652073200521,0.04989341163853009,0.0030107698186647913
validation-0,7,2005207,4,0.4000000000000003,-1.5640882105052982,-0.01702054747469571,1.2027526920898084,0.9975734528643637,0.04388552056312901,0.05396208901762698,0.0030594401492863603
validation-0,7,2005207,5,0.5000000000000003,-1.5328073623067358,-0.042949823474832435,1.2031594885174923,0.997845523738992,0.04114026777000574,0.05103870834715879,0.002615219325683172
validation-0,7,2005207,6,0.6000000000000004,-1.4915848841161796,-0.07687930611693225,1.2028133705296127,0.9984085452249425,0.03613582118748983,0.043251620815152145,0.001968894558173587
validation-0,7,2005207,7,0.7000000000000005,-1.44189728799243,-0.11783375578134768,1.2018460188910811,0.9989996352873151,0.02912222322257315,0.0339089812532061,0.0013438008617495795
validation-0,7,2005207,8,0.8000000000000006,-1.3855543250462241,-0.16448119807327166,1.2005347777119504,0.9994686215123537,0.021459927750034427,0.024520316656682712,0.0008367701090857703
validation-0,7,2005207,9,0.9000000000000007,-1.3243818397966667,-0.21535062652610426,1.199164708411852,0.9997708351054696,0.014468971580616113,0.015770059101707905,0.0004810091885236245
validation-0,7,2005207,10,1.0000000000000007,-1.2601060521677687,-0.2690811094250303,1.197940447790766,0.9999361997437977,0.008562648544161383,0.007362642854854979,0.00026264430935008437
validation-0,7,2005207,11,1.1000000000000008,-1.1943380765461153,-0.32450047446507696,1.1969883709670297,0.9999943549471411,0.003142178545438502,0.0011804655687793447,0.00015260695103634146
validation-0,7,2005207,12,1.2000000000000008,-1.1283025805837332,-0.3805610869304858,1.1963579969187081,0.9999956806737722,-0.0010514681719219316,-0.0027426873224549522,0.00010351200521618489
validation-0,7,2005207,13,1.300000000000001,-1.0628147354632123,-0.43644418028974685,1.1960369773429924,0.9999715965365639,-0.0035055825239493706,-0.00667150322185063,8.975547575462952e-05
validation-0,7,2005207,14,1.400000000000001,-0.9987049991575537,-0.49160539105499235,1.1960172730479912,0.9998818608620256,-0.007138392878869356,-0.013611662474222706,0.000174100225756302
validation-0,7,2005207,15,1.500000000000001,-0.9372093431213357,-0.545339332701236,1.1962597218487232,0.9997688476000516,-0.01206420102310733,-0.01779406427045556,0.0002787451865746785
validation-0,7,2005207,16,1.6000000000000012,-0.8791000479663741,-0.5966659684316751,1.196652110624529,0.9997056388374983,-0.01856416490147021,-0.015618174020929874,0.0002830163822344262
validation-0,7,2005207,17,1.7000000000000013,-0.8239693252950288,-0.6443278870348468,1.1971321973978646,0.9996322291786227,-0.025841161533775758,-0.008223579071942645,0.00011621191946868168
validation-0,7,2005207,18,1.8000000000000014,-0.7704254141995581,-0.6869373888682642,1.1976966766248163,0.999503210792135,-0.03149941440990763,0.0010451100549260285,-0.00016202783156560956
validation-0,7,2005207,19,1.9000000000000015,-0.7166776427514201,-0.723395940429353,1.198328281384668,0.9993550908742905,-0.03448876453069274,0.00998599513520254,-0.0004553745089034723
validation-0,7,2005207,20,2.0000000000000013,-0.6610006188704316,-0.7531349326236947,1.1989431105165391,0.9992763345612119,-0.0341114636477107,0.016816681281450897,-0.0006437890944826299
validation-0,7,2005207,21,2.0999999999999903,-0.6020762454049311,-0.7762107884465306,1.1994372396956536,0.9992998099011933,-0.03148428905083507,0.02020322476884085,-0.0006776306826977264
validation-0,7,2005207,22,2.1999999999999793,-0.539284366575186,-0.7931790180746642,1.1996663900566504,0.9995056128497287,-0.025578107299423107,0.01827553241943024,-0.0005433448753527177
validation-0,7,2005207,23,2.2999999999999683,-0.4729201847239833,-0.8051547666943413,1.199633824191581,0.9997209161323192,-0.018304392406404506,0.01492999848546693,-0.0003663487599665561
validation-0,7,2005207,24,2.3999999999999573,-0.40362909084789983,-0.8135239861028372,1.199479697589264,0.9998608874897343,-0.01198066726219937,0.01160260575914937,-0.0002209520100443713
validation-0,7,2005207,25,2.4999999999999463,-0.3320557423287933,-0.8195268538426616,1.1992949073613668,0.9999413876882313,-0.006720352576186999,0.008487832312073982,-0.00012145792645755237
validation-0,7,2005207,26,2.5999999999999353,-0.25879305808259,-0.8241757465173613,1.1991438248184896,0.9999728469319238,-0.00334018351655597,0.006568470196472903,-6.141838030847253e-05
validation-0,7,2005207,27,2.6999999999999242,-0.1842192003351498,-0.828110724400234,1.1990573732830696,0.9999779188241212,-0.0030928327125253137,0.005881755627161184,-3.465158502158956e-05
validation-0,7,2005207,28,2.7999999999999132,-0.10850373598598968,-0.8314125738646835,1.1990310121101908,0.9999786571205121,-0.004528810398769718,0.004708997551334812,-2.2844899024598703e-05
validation-0,7,2005207,29,2.899999999999902,-0.0318893794506974,-0.8338413450683888,1.19904674709881,0.9999838174356148,-0.005256874871624399,0.002174865571128775,-9.655429029337793e-06
validation-0,7,2005207,30,2.999999999999891,0.04514211085531593,-0.8352616383902696,1.1990927056355116,0.9999887594214283,-0.004646059866277354,-0.0009461267698844856,1.6268449547560708e-06
validation-0,7,2005207,31,3.09999999999988,0.12199658660694916,-0.8357632526757959,1.1991680084200884,0.9999848481380293,-0.004174663227006335,-0.0035882529712352985,1.1041610368600941e-05
validation-0,7,2005207,32,3.199999999999869,0.19810975622045454,-0.8355949743156145,1.1992628596506392,0.9999646382108031,0.0032130855792360125,-0.0077711747622397,-8.515757588497412e-05
validation-0,7,2005207,33,3.299999999999858,0.27263858762674525,-0.8359403830045349,1.1994168813907111,0.9998690293046314,0.0063185358148557065,-0.014898882467370799,-0.00015376538132706198
validation-0,7,2005207,34,3.399999999999847,0.34425945209504544,-0.8374110298698305,1.199625730660064,0.9997704168573585,0.0022962798609833285,-0.02130342101559566,-7.020466584625383e-05
validation-0,7,2005207,35,3.499999999999836,0.4117909281685812,-0.8392851445060053,1.1998208540018818,0.9997320365996125,-0.004489158831920444,-0.022708963402645964,7.36922594129654e-05
validation-0,7,2005207,36,3.599999999999825,0.4750043661458662,-0.8401880201539476,1.1999260731356272,0.9997397723861866,-0.01556636402081863,-0.01667541856586678,7.896859965084376e-05
validation-0,7,2005207,37,3.699999999999814,0.5349948450926697,-0.8380362318208434,1.2000275958912934,0.9996123147115046,-0.026884963612714828,-0.007239667562194265,-7.888117030218145e-05
validation-0,7,2005207,38,3.799999999999803,0.5935243333567221,-0.8306624170890596,1.2002217197721532,0.9994084298683142,-0.03438939119554925,0.0003165222978235682,-0.0002447345166140319
validation-0,7,2005207,39,3.899999999999792,0.6520609969924821,-0.8165970984911459,1.2004532160522408,0.9992825173854302,-0.037598756348651514,0.004547447183659645,-0.000323562952721049
validation-0,7,2005207,40,3.999999999999781,0.7114577761439997,-0.7952195812087322,1.2005869555644266,0.9993109002242846,-0.036537695968271985,0.006527955370926684,-0.00032751326003463367
validation-0,7,2005207,41,4.0999999999997705,0.7721006696222164,-0.7667575976997375,1.2004923222021664,0.9995021269126094,-0.03088063290077003,0.00646647643720942,-0.0002636120372173573
validation-0,7,2005207,42,4.1999999999997595,0.8339635983093799,-0.732266893425074,1.200176830666484,0.9997190584834944,-0.023402460108081335,0.0037554489870918815,-0.0001599020687267296
validation-0,7,2005207,43,4.2999999999997485,0.8965259616413727,-0.6931734579661362,1.1997656227914189,0.9998628382010653,-0.016527346038200087,-0.0010708846611522302,-6.945132136265323e-05
validation-0,7,2005207,44,4.3999999999997375,0.9588842175139078,-0.6508597134790547,1.199353263139778,0.9999450031576466,-0.008796123964795557,-0.005711105025351968,-4.6288648651412254e-05
validation-0,7,2005207,45,4.499999999999726,1.0201590537966707,-0.606799034325579,1.199013038856233,0.9999641968485679,-0.0019166274169887143,-0.008241817090818625,-6.333549458396999e-05
validation-0,7,2005207,46,4.599999999999715,1.079848557923823,-0.5623041857930251,1.1987831689710042,0.9999603702657868,0.001776864852579846,-0.008723279773061325,-7.098736689259446e-05
validation-0,7,2005207,47,4.699999999999704,1.1378648665421982,-0.5181023818894346,1.1986448631411941,0.9999728681209784,0.00223622809852258,-0.007018467759749992,-5.844742348672935e-05
validation-0,7,2005207,48,4.799999999999693,1.1945627514832104,-0.4743094452234647,1.198568196411667,0.9999972165184324,0.0008491226004795858,-0.0022008878749847456,-4.515262423045852e-05
validation-0,7,2005207,49,4.899999999999682,1.2508104133226652,-0.4306612775459893,1.1985588257719555,0.999996328575433,-0.0017033845461843086,0.002106961858725383,-4.503853884520067e-05
validation-0,7,2005207,50,4.999999999999671,1.3074419053279105,-0.3866869769865281,1.1986216644565661,0.9999819579421204,-0.0039337727269775965,0.004539469981284122,-4.9342327374197e-05
validation-0,7,2005207,51,5.09999999999966,1.3649398137005477,-0.3419682544114664,1.1987372298335193,0.9999741324483974,-0.004632969127490915,0.00550162288383742,-4.665600403037826e-05
validation-0,7,2005207,52,5.199999999999649,1.4234765823823115,-0.29637648945737055,1.1988735684817484,0.9999851874701986,-0.0033474602875361867,0.004291636195373667,-3.476466933328741e-05
validation-1,0,2005200,0,0.0,-1.6,0.1957435209919313,1.2,1.0,0.0,0.0,0.0
validation-1,0,2005200,1,0.10000000000000007,-1.5997155586825254,0.19544819797961302,1.2000592702276762,0.9998145986815473,0.013862677844231794,0.01334447282358572,0.000720743576795478
validation-1,0,2005200,2,0.20000000000000015,-1.5967890827948463,0.19237276104954912,1.2005216414846465,0.9990511964851476,0.032251417930431625,0.02921418799129462,0.001756150073337172
validation-1,0,2005200,3,0.3000000000000002,-1.5881474202036705,0.18305967189588485,1.2014354275938497,0.9982353262225927,0.04351422057209914,0.040330556176169575,0.0024884388274753894
validation-1,0,2005200,4,0.4000000000000003,-1.5715888633900508,0.16534273202198063,1.2023998544311014,0.9978330363913185,0.04542961344862285,0.04751795618714908,0.002724985832153798
validation-1,0,2005200,5,0.5000000000000003,-1.5457858914892975,0.1388304568999213,1.2028937290087756,0.9980014097880933,0.04071372895111563,0.048267702209031337,0.0024098255812628148
validation-1,0,2005200,6,0.6000000000000004,-1.510625540039875,0.10438950856003638,1.2026564856698179,0.9985283556627434,0.03404742346221709,0.04217401874648725,0.0018022307878286692
validation-1,0,2005200,7,0.7000000000000005,-1.4672592589406996,0.06330057299189275,1.2017843947103306,0.9991115135036062,0.02719429143297573,0.03217500918811089,0.0011928460658407246
validation-1,0,2005200,8,0.8000000000000006,-1.4175742467406316,0.01690041096157916,1.2005645249077148,0.9995568993610188,0.0198324588888844,0.02218453495018132,0.0007245158742607325
validation-1,0,2005200,9,0.9000000000000007,-1.3634963290226227,-0.03340448039263079,1.1993057313299313,0.9998142155953421,0.013115843255227019,0.01411874667857249,0.0004122394957370901
validation-1,0,2005200,10,1.0000000000000007,-1.306610378750147,-0.08629633252123706,1.1982065559010961,0.9999428742685064,0.007136897362915711,0.007953732659149709,0.00022590364324940747
validation-1,0,2005200,11,1.1000000000000008,-1.2481495619334857,-0.1405986959154441,1.1973553755249844,0.999995163115154,0.0016747392231559926,0.0026175347879715673,0.0001323119990347974
validation-1,0,2005200,12,1.2000000000000008,-1.1891319591615317,-0.19524707392972188,1.196788571115811,0.9999959435262088,-0.002788323808961115,-0.0005748767353331966,8.773940273691923e-05
validation-1,0,2005200,13,1.300000000000001,-1.1302119245672737,-0.2493641436759201,1.1964954136353887,0.9999779711492429,-0.006134184943095888,-0.00253458289879715,6.986313179478932e-05
validation-1,0,2005200,14,1.400000000000001,-1.0717963620182782,-0.30229069931058355,1.1964377979685237,0.9999533694715508,-0.008460633394759146,-0.004655204617374114,7.506678608127137e-05
validation-1,0,2005200,15,1.500000000000001,-1.0143462126233742,-0.353571401821932,1.196578847327182,0.9999115074098193,-0.009712562372186245,-0.00909011913654401,0.00011495944236062478
validation-1,0,2005200,16,1.6000000000000012,-0.9587550309451304,-0.4029159134401701,1.1969274455649412,0.9997820545971889,-0.01195621349245037,-0.017112288779121687,0.00024867063946534525
validation-1,0,2005200,17,1.7000000000000013,-0.9065078850313041,-0.44984880579535125,1.197499205985344,0.9995601220176699,-0.017149129698736828,-0.024191816778983494,0.00047520893308494787
validation-1,0,2005200,18,1.8000000000000014,-0.858924199796296,-0.4934064551653604,1.1981817814637221,0.9994021194399523,-0.022788173041736668,-0.025994257006798697,0.0006335858398402498
validation-1,0,2005200,19,1.9000000000000015,-0.8163453933245488,-0.532485736637505,1.198812723358085,0.999361944392186,-0.028240893733556375,-0.021858491365695152,0.0006019775865165106
validation-1,0,2005200,20,2.0000000000000013,-0.7779714016508471,-0.5660594040932012,1.1992843134125708,0.9994118905486301,-0.03181412930793348,-0.012790622354208834,0.0003663143244690914
validation-1,0,2005200,21,2.0999999999999903,-0.7420603450884583,-0.5934251585763396,1.199592543399384,0.9994504985465605,-0.03313132170469232,-0.0010082033268111223,1.78442782013939e-06
validation-1,0,2005200,22,2.1999999999999793,-0.7063360334811639,-0.6143176997301123,1.1998226016921762,0.9994109761640431,-0.03243651391617335,0.01120002535548802,-0.00036430734002447317
validation-1,0,2005200,23,2.2999999999999683,-0.6684251833047408,-0.6288539191648448,1.2000572892614365,0.9992911780122035,-0.030441021709503233,0.02213744959324386,-0.0006473559844647064
validation-1,0,2005200,24,2.3999999999999573,-0.6262200897318226,-0.6374181813211773,1.2003026536514856,0.9991818100972278,-0.027690124982160957,0.02946790778567267,-0.0007808713316770043
validation-1,0,2005200,25,2.4999999999999463,-0.578309847444245,-0.6405971798926395,1.2004193200392774,0.9992432082171331,-0.02245924118617884,0.03175042689800456,-0.0007097246426302779
validation-1,0,2005200,26,2.5999999999999353,-0.5242412207141074,-0.6394228407500486,1.200283924155943,0.9994528795969446,-0.01456383210985741,0.0296916504603665,-0.0004920900224279418
validation-1,0,2005200,27,2.6999999999999242,-0.4643820302914538,-0.6354256099133595,1.1999369093828496,0.9996632913287645,-0.005091484733672425,0.02544249929121117,-0.00024491379296597536
validation-1,0,2005200,28,2.7999999999999132,-0.399537559297084,-0.6303739097713911,1.199521116371819,0.9997864584705384,0.0016316377763482103,0.02060027477119866,-6.242160255131855e-05
validation-1,0,2005200,29,2.899999999999902,-0.33063479488437086,-0.6255884177917598,1.19914097216828,0.9998541975804154,0.004949828800352684,0.016342639910249954,2.9940538959822038e-05
validation-1,0,2005200,30,2.999999999999891,-0.2585177054671718,-0.6217534443683973,1.1988341957062976,0.9998997837129786,0.006754877171091588,0.012441483998601002,6.0341148172059695e-05
validation-1,0,2005200,31,3.09999999999988,-0.18395707117618623,-0.6192138581250637,1.1986051658333976,0.9999394971198907,0.006883655710764253,0.008579870111169537,5.6679371797472886e-05
validation-1,0,2005200,32,3.199999999999869,-0.10771929395292648,-0.618029691197996,1.198456308143041,0.9999667247114676,0.006861470250502938,0.00441232649858629,3.27214094589195e-05
validation-1,0,2005200,33,3.299999999999858,-0.030621520804635646,-0.6181793742578571,1.1983888391253275,0.999980328406213,0.006272296467139798,-3.232161785188014e-05,7.276245840785017e-06
validation-1,0,2005200,34,3.399999999999847,0.046463202991893424,-0.6196116259653401,1.1984149783995535,0.9999579789393472,0.007878917446593197,-0.004686260892420603,-4.443258870407879e-05
validation-1,0,2005200,35,3.499999999999836,0.12261086848561509,-0.6225611290804925,1.1985344127188073,0.9999139163128494,0.008505633871284867,-0.009990261079891831,-9.402076461320028e-05
validation-1,0,2005200,36,3.599999999999825,0.19672369730474834,-0.6271355180125667,1.1987575677425593,0.9998065921633063,0.006450083608584227,-0.01857861410895618,-9.892436450111252e-05
validation-1,0,2005200,37,3.699999999999814,0.26705300137171883,-0.6329975848190812,1.1992327166790002,0.9994326237734086,0.004982577132083606,-0.03331048027159856,-0.00012793201482489555
validation-1,0,2005200,38,3.799999999999803,0.33081743628904214,-0.63980427100811,1.2000685899001216,0.9988420696978361,0.002050237836741837,-0.048065736125358756,-3.6568873229607567e-05
validation-1,0,2005200,39,3.899999999999792,0.3852740734097522,-0.6468728335044135,1.2009734021209526,0.9985002094409333,-0.007929955236017036,-0.05416907255660853,0.00039891693999740877
validation-1,0,2005200,40,3.999999999999781,0.42924673072146335,-0.6523474265716007,1.2015724695633718,0.9984915820315843,-0.020720873827347285,-0.050837169218043855,0.0008878208106412238
validation-1,0,2005200,41,4.0999999999997705,0.46336904738869644,-0.6537784101255183,1.2017232494176309,0.9986651574749336,-0.03239745442242199,-0.040215254152227174,0.0010205518045335227
validation-1,0,2005200,42,4.1999999999997595,0.4896685264679025,-0.6488878779875912,1.2015138777956882,0.9988008580148016,-0.04195481212805918,-0.025221466759299378,0.000719293198392811
validation-1,0,2005200,43,4.2999999999997485,0.5110170688231428,-0.6358279042243645,1.2011274334419828,0.9988386045539861,-0.047226214577493215,-0.009544227467597595,0.00018555692740099695
validation-1,0,2005200,44,4.3999999999997375,0.5304568561343039,-0.6135642809620194,1.200657847869955,0.9988692600621825,-0.04734892712518059,0.004263080044224742,-0.0003264222096932994
validation-1,0,2005200,45,4.499999999999726,0.5506918966093018,-0.5820638946365639,1.200114413688575,0.9989640936902716,-0.0429037508996629,0.015152043332988321,-0.0006505836983394212
validation-1,0,2005200,46,4.599999999999715,0.573872181156573,-0.5421856691138497,1.1994983098049832,0.9991119366396847,-0.03505975533285174,0.023358059993246992,-0.0007434066524605633
validation-1,0,2005200,47,4.699999999999704,0.6015646352215505,-0.49545850366566707,1.19880598508604,0.999324824760946,-0.02499265325596618,0.02692386081160114,-0.0006063157007180636
validation-1,0,2005200,48,4.799999999999693,0.6345081133400748,-0.44381628669506223,1.1981014582039367,0.9995113014540155,-0.015087291726019608,0.027374995811609303,-0.00037616271461393956
validation-1,0,2005200,49,4.899999999999682,0.6728177622235894,-0.3892178212049893,1.1974871381871495,0.9996347654928214,-0.005124289483811569,0.02653412801252422,-0.0001316283147857751
validation-1,0,2005200,50,4.999999999999671,0.7163235126041207,-0.33360605141095284,1.197024389162448,0.9996947878005398,0.004387783354557136,0.024311970661217798,8.175717154463723e-05
validation-1,0,2005200,51,5.09999999999966,0.7646371099248324,-0.2788287026429857,1.1967843418745543,0.9996652583425386,0.012104128537305813,0.022864678021677055,0.0002604501138018825
validation-1,0,2005200,52,5.199999999999649,0.8173882984901262,-0.22642306278202334,1.196737164438535,0.9996484335120729,0.018825401857252563,0.018668644728009956,0.0003087487490306933
validation-1,0,2005200,53,5.299999999999638,0.8737221983590275,-0.17770330255989106,1.19679928647078,0.9996530814247035,0.024517354241738024,0.0096226070302979,0.00014687756867478249
validation-1,0,2005200,54,5.399999999999627,0.9319117341992271,-0.13385599409339255,1.1970542572167586,0.9994879565994311,0.0319546196408011,-0.0016354563419575404,-0.0002284269200031897
validation-1,0,2005200,55,5.499999999999616,0.989682734904414,-0.09631004430669934,1.1976414868770744,0.9990743009671551,0.039473058903238115,-0.017074067333556174,-0.0009460404327997074
validation-1,0,2005200,56,5.599999999999605,1.043983179374585,-0.0664763454181163,1.1986323007272757,0.9984134221672646,0.042486529055592546,-0.036908371711325307,-0.0018180711424134377
validation-1,0,2005200,57,5.699999999999594,1.0909478877101089,-0.04493570483994033,1.200027396638778,0.9975814998622979,0.03952803363407004,-0.05712324329712636,-0.002370815203330576
validation-1,0,2005200,58,5.799999999999583,1.1267692107180323,-0.03106082499591872,1.2014001527132396,0.9971627036265506,0.03007874166916806,-0.06897294771308529,-0.0021317315858550806
validation-1,0,2005200,59,5.899999999999572,1.1492285864120322,-0.022971253678097672,1.2020552002937634,0.9974764359616182,0.015292001691388933,-0.06932045837990132,-0.0012603315356316017
validation-1,0,2005200,60,5.999999999999561,1.158180405885754,-0.017783360100330593,1.2018881049682426,0.9979609560786216,-0.003458606991418703,-0.06373334544127078,-0.00016987992043018205
validation-1,0,2005200,61,6.09999999999955,1.1546054312035097,-0.011919839058197032,1.2013516584200605,0.9981299779871564,-0.021690231915035427,-0.057143549270720316,0.000834062094208752
validation-1,0,2005200,62,6.199999999999539,1.1397430082999684,-0.0018617764493520997,1.2008082108897824,0.9980780769967013,-0.035328541896939125,-0.05088931899638914,0.0015243221728853211
validation-1,0,2005200,63,6.299999999999528,1.114815187683586,0.015046823121462086,1.200300960927491,0.9980774340403158,-0.042563081229741444,-0.04501676317968156,0.001819562736981995
validation-1,0,2005200,64,6.399999999999517,1.0810126430463776,0.04024954523562038,1.1997064924639846,0.9982638562345364,-0.04464179364556268,-0.03838415518697093,0.0017436245130638282
validation-1,0,2005200,65,6.499999999999506,1.0396676512728715,0.07415023216290208,1.1989015039932815,0.9986419397726553,-0.04235663594616177,-0.030301881982566965,0.0014097754245494508
validation-1,0,2005200,66,6.599999999999495,0.9923694298407072,0.11630424580483806,1.1978678860842682,0.9991087122797399,-0.03635894908278629,-0.02142064159013497,0.000981825942946397
validation-1,0,2005200,67,6.699999999999484,0.9408550089241772,0.165556925355345,1.196723957518497,0.9995303864853186,-0.02792038632168175,-0.012613409904094746,0.0006003421930453761
validation-1,0,2005200,68,6.799999999999473,0.8868427694018765,0.22029403612755474,1.1956674642896896,0.9998065115258578,-0.01909848092716082,-0.004698519536153299,0.00033384268385439
validation-1,0,2005200,69,6.899999999999462,0.8318486369575753,0.2787825149618837,1.1948606450149981,0.9999484370805908,-0.010150392624595377,0.0002364618278800938,0.00019182141078489168
validation-1,0,2005200,70,6.999999999999451,0.7768290415157378,0.3392519288866186,1.194373059251887,0.999999189115948,-0.0005375546452426929,0.0011491991311769682,0.00011019894699669385
validation-1,0,2005200,71,7.09999999999944,0.7219778977049234,0.3998139436345763,1.1942361050847967,0.9999538415477432,0.009528896309221511,-0.0012307989568548824,6.554828031101295e-06
validation-1,0,2005200,72,7.199999999999429,0.6668577492677855,0.4585300922658195,1.1944552279864098,0.9998272699949943,0.017851192190741674,-0.0051717853789410165,-0.00013322056441026362
validation-1,0,2005200,73,7.299999999999418,0.6107123907681609,0.5136934419089452,1.1950356753552993,0.9995880612505149,0.027131270506285634,-0.009353646285357464,-0.0003335675644165317
validation-1,0,2005200,74,7.399999999999407,0.5527362799623686,0.5634593261223342,1.1960126371339705,0.9991774082045414,0.03854292307006092,-0.012594313655301774,-0.0005773027130329411
validation-1,0,2005200,75,7.499999999999396,0.4922985664966433,0.6056348405830904,1.197325511022412,0.998699987937685,0.04896156508706853,-0.014159968472847756,-0.0007710579349521411
validation-1,0,2005200,76,7.599999999999385,0.4291015278952112,0.6383209508053133,1.19859132165987,0.9985698214833113,0.05167032141472772,-0.013706386248904944,-0.0007902427997899691
validation-1,0,2005200,77,7.699999999999374,0.3632347267717498,0.6610277462234823,1.199354558658276,0.9988855364081933,0.045710412250399596,-0.011739881543553314,-0.0006469526694179993
validation-1,0,2005200,78,7.799999999999363,0.295069006696465,0.6749327177618932,1.1994461308757702,0.9994322073999298,0.03232188110113895,-0.009505718718732277,-0.00044735380487414373
validation-1,0,2005200,79,7.899999999999352,0.22503609531950025,0.6825468859044844,1.199078718779387,0.9998311840934027,0.016752418389582083,-0.007542637106704444,-0.0002615682722062354
validation-1,0,2005200,80,7.999999999999341,0.15352248014778966,0.6868043755338223,1.1986291550037633,0.9999715761149899,0.004984372124320441,-0.005655639005519197,-0.00012939887366739057
validation-1,0,2005200,81,8.045999999999356,0.12026290176983152,0.6883295231248848,1.198450713174409,0.9999888222054706,0.0008352560184160756,-0.0046393655236204095,0.0003661953561056364
validation-1,1,2005201,0,0.0,-1.6,-0.0027436663461145594,1.2,1.0,0.0,0.0,0.0
validation-1,1,2005201,1,0.10000000000000007,-1.5996331923241462,-0.0030382046366566706,1.200078304271564,0.9997561683735258,0.013819532327332204,0.0171977657641511,0.0009279968015804293
validation-1,1,2005201,2,0.20000000000000015,-1.5958898656849545,-0.006102990942147892,1.2006444021275273,0.9988312242221031,0.03201815219575557,0.03614335199005479,0.0021636903350727163
validation-1,1,2005201,3,0.3000000000000002,-1.5851023559612842,-0.015352100342569548,1.201678372467738,0.9979558291843512,0.04276000844937059,0.047406148417128424,0.002898580106829976
validation-1,1,2005201,4,0.4000000000000003,-1.5650527501479392,-0.03286901675199854,1.2026705138213716,0.9976276973337633,0.04510461859824643,0.05191846629686041,0.0030039558954741007
validation-1,1,2005201,5,0.5000000000000003,-1.5348981792703231,-0.0591348467163425,1.2030997239420187,0.9978795689581272,0.042232064270848906,0.04945809867059718,0.002591346996176859
validation-1,1,2005201,6,0.6000000000000004,-1.495128108323521,-0.09360611942741698,1.202753666317195,0.9984648303887818,0.03670272933363379,0.041438471890309206,0.001935247673954077
validation-1,1,2005201,7,0.7000000000000005,-1.4472307752290146,-0.13522022535367195,1.2017991899389957,0.999034342557224,0.029422001156561645,0.03260366334716727,0.0013150572395191924
validation-1,1,2005201,8,0.8000000000000006,-1.392935987023316,-0.18258546457837085,1.200524739567805,0.9994860464170757,0.02147638921748333,0.02378524892840736,0.0008183258259825407
validation-1,1,2005201,9,0.9000000000000007,-1.3339530896844904,-0.23417725214279345,1.1991942564132738,0.9997761667208304,0.014228111172227999,0.01565107343936424,0.0004703293207006383
validation-1,1,2005201,10,1.0000000000000007,-1.271907667467401,-0.28857894957550295,1.1979997092938546,0.9999433153891558,0.007932427468799533,0.007097539112525909,0.0002598875568816594
validation-1,1,2005201,11,1.1000000000000008,-1.208446028129491,-0.3445493243671583,1.1970633387119398,0.9999972382598146,0.002289007640644545,-0.000507012828756889,0.00016387420484983024
validation-1,1,2005201,12,1.2000000000000008,-1.145061447657112,-0.4009865375109948,1.196451539903553,0.9999757466750869,-0.002367696377430347,-0.006548281228059911,0.0001417336406079895
validation-1,1,2005201,13,1.300000000000001,-1.0829817686288958,-0.45698852866121603,1.1961719206674433,0.9999024263485842,-0.005274345667824078,-0.012934165096073685,0.0001625830833365348
validation-1,1,2005201,14,1.400000000000001,-1.0234788184599146,-0.5119205978989035,1.196230097362756,0.9997448231034591,-0.009278095317435503,-0.02059428286735433,0.00028484784235867936
validation-1,1,2005201,15,1.500000000000001,-0.9679608855400516,-0.5649909953937032,1.1965688582534588,0.999577491589565,-0.015163187767629573,-0.02479350341327947,0.00044523334604192706
validation-1,1,2005201,16,1.6000000000000012,-0.9172147495966178,-0.6150646675631467,1.1970360179513724,0.9994992060383698,-0.021771103835388893,-0.022958681188241122,0.0005050985571157642
validation-1,1,2005201,17,1.7000000000000013,-0.8708527273500468,-0.6608553905641958,1.19749819989059,0.9994939799981729,-0.028477761933983044,-0.014167058465565789,0.00030899365093809404
validation-1,1,2005201,18,1.8000000000000014,-0.8272249426666576,-0.7010758453741898,1.1979528850627787,0.9994300728772526,-0.033686759979412485,-0.0021742360025150315,-6.579106929731486e-05
validation-1,1,2005201,19,1.9000000000000015,-0.7840353197469246,-0.7347296340128658,1.1984331912472694,0.9993227626464214,-0.03564877469195525,0.009110122105904244,-0.00043196632251597534
validation-1,1,2005201,20,2.0000000000000013,-0.7390778655971201,-0.7614267011217049,1.1989127073124424,0.9992328741614932,-0.0344680867235464,0.018577809503877635,-0.0006922330656836815
validation-1,1,2005201,21,2.0999999999999903,-0.6905310006122563,-0.7814319395587063,1.1992771951411931,0.999275192676134,-0.02918598650424223,0.024428151276873415,-0.0007300130437576946
validation-1,1,2005201,22,2.1999999999999793,-0.6372652694427571,-0.7957542509215723,1.1994209922774572,0.9994395772856398,-0.021399876930982796,0.025734134495706096,-0.0005752774961470435
validation-1,1,2005201,23,2.2999999999999683,-0.578975305770048,-0.8058624280478681,1.1994006824989758,0.999584651743236,-0.014403049679245808,0.024958552398772295,-0.00038317286874890575
validation-1,1,2005201,24,2.3999999999999573,-0.5158377452326479,-0.8131402921661722,1.19926654488305,0.9997348494937893,-0.008063093984354935,0.021567812335359027,-0.00021608816646567848
validation-1,1,2005201,25,2.4999999999999463,-0.44847238668422834,-0.8187951514380012,1.1990773054183026,0.9998405062196092,-0.003830160272777313,0.01744367316462102,-0.00010129820670038237
validation-1,1,2005201,26,2.5999999999999353,-0.3776788825063746,-0.8236736256345222,1.1989039365344312,0.9999068225613721,-0.0012860879183979109,0.01359009473840631,-3.870516300974601e-05
validation-1,1,2005201,27,2.6999999999999242,-0.3042144014351142,-0.8283041125758445,1.198770956422427,0.999950057485137,0.0012676768327206983,0.009913398162080403,-8.234071070841408e-06
validation-1,1,2005201,28,2.7999999999999132,-0.22878578938494976,-0.833166816979122,1.198697572251869,0.9999698844979896,0.0030228355382220062,0.007147902883349849,6.837858237824764e-06
validation-1,1,2005201,29,2.899999999999902,-0.1519452237742489,-0.8385926893505218,1.1986847168096377,0.9999827559983527,0.003091603688035875,0.00499295142680054,1.1341276829823308e-05
validation-1,1,2005201,30,2.999999999999891,-0.07413101690608152,-0.8446103468806349,1.1987205299431174,0.9999942135586022,0.0021876486475538065,0.002605178232019354,9.43857688117611e-06
validation-1,1,2005201,31,3.09999999999988,0.004163030803316323,-0.8510558867173659,1.1987961055107386,0.9999985225506718,0.0011514630371866716,-0.001276312180709192,7.5209195984157174e-06
validation-1,1,2005201,32,3.199999999999869,0.08221894175959701,-0.8577273524106691,1.1989103301344757,0.9999888197903193,0.00014559339563869372,-0.004726415968233961,9.4351587268632e-06
validation-1,1,2005201,33,3.299999999999858,0.15935678812054577,-0.8645366304735195,1.199061205131488,0.9999635278737774,0.004302833128705108,-0.007377487735536579,-3.4985810687839346e-05
validation-1,1,2005201,34,3.399999999999847,0.2349603270946551,-0.8721564501610707,1.1992763967449798,0.999873614461797,0.007745607823244135,-0.013883237769036643,-0.0001279515430477159
validation-1,1,2005201,35,3.499999999999836,0.3078160347607118,-0.8811675010058972,1.1995578415625139,0.999750649626959,0.0042886432558265995,-0.02191436287057906,-8.251953115623514e-05
validation-1,1,2005201,36,3.599999999999825,0.37636579850351776,-0.8909531791008976,1.1999159524264824,0.9995599556164938,-0.003334443797528214,-0.029474564478274397,0.00016328297166379866
validation-1,1,2005201,37,3.699999999999814,0.4392347188980086,-0.900011853072692,1.2002967547575414,0.999402157811887,-0.014464562936128578,-0.03139889005240542,0.0004616096712363499
validation-1,1,2005201,38,3.799999999999803,0.49605044955959027,-0.9062375601386972,1.2005925746981292,0.9993195541948325,-0.0255279091805979,-0.026615831683189657,0.0005932626058969663
validation-1,1,2005201,39,3.899999999999792,0.5476775943549224,-0.9074944071973708,1.2007997818262073,0.9992455058727704,-0.03384324898068197,-0.019046741045293747,0.0005245446179698945
validation-1,1,2005201,40,3.999999999999781,0.5955595003479272,-0.9021535835793693,1.2009440334837815,0.999177536548301,-0.03891966282067647,-0.01137506350278686,0.0003438509867178358
validation-1,1,2005201,41,4.0999999999997705,0.6411865386556213,-0.8892221741490705,1.2010009287393906,0.9991669795477629,-0.04053479139558804,-0.004717877243181107,0.000138932482966231
validation-1,1,2005201,42,4.1999999999997595,0.685844453320865,-0.8683734199669557,1.2009345093829469,0.9992279169137159,-0.039286885313284066,-0.0003327196446571417,-5.430990339206995e-07
validation-1,1,2005201,43,4.2999999999997485,0.7304180432110923,-0.8398462410416789,1.200722905326642,0.9993544011049235,-0.035828159063182215,0.002667693211824947,-8.615852942826343e-05
validation-1,1,2005201,44,4.3999999999997375,0.775501686869135,-0.8043284410136566,1.200355031951974,0.999536461009526,-0.030061318363907543,0.0048129934031257305,-0.00012387606404844735
validation-1,1,2005201,45,4.499999999999726,0.8215162229222828,-0.762923492716139,1.199879575298459,0.9997081567151184,-0.02338341221193343,0.006066538554065818,-0.00012058424779557626
validation-1,1,2005201,46,4.599999999999715,0.8687147567650603,-0.7169113396557982,1.199393972410205,0.9998238929620797,-0.017503042400696923,0.006768788179628009,-0.00010037654965715855
validation-1,1,2005201,47,4.699999999999704,0.9172360813580045,-0.6674600424624867,1.1989599524568735,0.9999039781823628,-0.011940508828245548,0.0070323193985123425,-7.174876786745314e-05
validation-1,1,2005201,48,4.799999999999693,0.9671334211511341,-0.6156667172804738,1.1986077364665526,0.9999561278943448,-0.006300356618963665,0.006931547425985673,-3.799083129356257e-05
validation-1,1,2005201,49,4.899999999999682,1.0183847054383004,-0.562627139113656,1.1983618157352158,0.9999788749053744,-0.0011905811510188556,0.006390008116636251,-7.468150143487247e-06
validation-1,1,2005201,50,4.999999999999671,1.0708783356597757,-0.5093275220157446,1.1982300509245052,0.9999837376703571,0.0024403664431129875,0.005154504164551027,9.657305554050319e-06
validation-1,1,2005201,51,5.09999999999966,1.124383679530747,-0.4564921480641232,1.1982037811328299,0.9999803296224192,0.005001450092665017,0.003784923046822951,1.4924427255543661e-05
validation-1,1,2005201,52,5.199999999999649,1.178647362212031,-0.40465261306875483,1.1982734425904886,0.9999629692281589,0.008003730233066693,0.003162277406898711,2.1825746898583802e-05
validation-1,1,2005201,53,5.299999999999638,1.2334915824809554,-0.35437588333848485,1.1984177920846748,0.9999435528933637,0.010596605379649446,0.0007765182358384969,-9.24170473011627e-07
validation-1,1,2005201,54,5.399999999999627,1.2884333146241767,-0.30618178416038194,1.198621518013707,0.9999051514052699,0.012998813487940828,-0.004551049561666713,-8.36002155042475e-05
validation-1,1,2005201,55,5.499999999999616,1.3424242904022785,-0.2605629782273729,1.198916831323318,0.9997857041342484,0.016322877047221764,-0.012729478114838223,-0.0002643494089587823
validation-1,1,2005201,56,5.599999999999605,1.3938330577605866,-0.21816751312906682,1.1993938529882875,0.9994920763565152,0.020253290113119347,-0.02459738461323155,-0.0006018391181641915
validation-1,2,2005202,0,0.0,-1.6,-0.20902026574681618,1.2,1.0,0.0,0.0,0.0
validation-1,2,2005202,1,0.10000000000000007,-1.5996181648609176,-0.20928724526460468,1.2000767870427274,0.9997608384633386,0.01252759137512894,0.017904149470748722,0.0008756489874886557
validation-1,2,2005202,2,0.20000000000000015,-1.5957071016001938,-0.21205347178735776,1.2006307225555417,0.9988563340983555,0.028497031439083675,0.0383372160109995,0.002049609543513738
validation-1,2,2005202,3,0.3000000000000002,-1.5843094305317162,-0.22029687131292083,1.2016481002115924,0.9979915183804675,0.03656817438607471,0.051655568909945306,0.002720305738356428
validation-1,2,2005202,4,0.4000000000000003,-1.562839285018821,-0.2356196387195699,1.2026406872847388,0.9976478551446735,0.03782957530203642,0.057096073337680624,0.0027782669272568626
validation-1,2,2005202,5,0.5000000000000003,-1.530262162024088,-0.2582780374823986,1.2030871101652694,0.9978826332792733,0.03502302180702282,0.054753688947892155,0.0023815309626360106
validation-1,2,2005202,6,0.6000000000000004,-1.4870310612115087,-0.2877476826381516,1.2027862797207702,0.9984325216139636,0.03043052905009908,0.046938996763483974,0.001792559106521043
validation-1,2,2005202,7,0.7000000000000005,-1.4346254212839955,-0.3231496270898307,1.201876646142214,0.9989996080564522,0.025094949122150653,0.03699351112762983,0.0012275039966168583
validation-1,2,2005202,8,0.8000000000000006,-1.3749810912950773,-0.3634821718983447,1.2006295621637737,0.9994511826091068,0.020554177156881886,0.025966858497506455,0.0007626548569053692
validation-1,2,2005202,9,0.9000000000000007,-1.3102259716120517,-0.40783532226392966,1.1993003728344884,0.999758193005916,0.015706967697037742,0.015383622522932912,0.00043685395884288856
validation-1,2,2005202,10,1.0000000000000007,-1.2424402153342826,-0.4552614664390172,1.1980841685037955,0.9999337140491527,0.010140921879290206,0.0054471869231556246,0.00023951185832603284
validation-1,2,2005202,11,1.1000000000000008,-1.1735538361137128,-0.5046789400189027,1.1971237955849987,0.999986029071313,0.004451934259906891,-0.0028458401721118726,0.00015210932871608627
validation-1,2,2005202,12,1.2000000000000008,-1.105244047645224,-0.554990754951322,1.1965034746681416,0.9999356668940879,-0.00025644629957404744,-0.01133907253237032,0.00014745330710636733
validation-1,2,2005202,13,1.300000000000001,-1.0391113046031406,-0.6052244984456865,1.1962304516371753,0.9998361092880595,-0.005943302891166207,-0.01709929264950302,0.0002142553304151116
validation-1,2,2005202,14,1.400000000000001,-0.9762598796747911,-0.6542428036457226,1.1962396232622095,0.9997419846069168,-0.013897827604050332,-0.017964592992585765,0.00029664915662579416
validation-1,2,2005202,15,1.500000000000001,-0.9168342205891129,-0.7005245274454648,1.1964404672764308,0.9996738556058121,-0.02202983021281527,-0.012915558028153007,0.0002394991155251883
validation-1,2,2005202,16,1.6000000000000012,-0.8598984724433608,-0.7424924942768568,1.196791573061495,0.9995741489684972,-0.028805234058732754,-0.004666720020059001,3.0479182014720445e-05
validation-1,2,2005202,17,1.7000000000000013,-0.8038922504407209,-0.7788529855231151,1.197261628755005,0.9994737363031232,-0.03229377423749825,0.0030538363443664007,-0.00019149243654587215
validation-1,2,2005202,18,1.8000000000000014,-0.747300817233128,-0.8089283570587857,1.1977580218720298,0.9994412352446963,-0.03202403132544682,0.009568203331776713,-0.00035804360676537086
validation-1,2,2005202,19,1.9000000000000015,-0.6888525250170554,-0.8327663912809345,1.1981935138433857,0.9994825133960215,-0.02867929812970539,0.014560785575917425,-0.0004322010781372676
validation-1,2,2005202,20,2.0000000000000013,-0.6275881166850144,-0.8510295648105636,1.1984942222937842,0.9996023281059817,-0.022456112326358857,0.017051652146177786,-0.00038707024246691015
validation-1,2,2005202,21,2.0999999999999903,-0.5630384131149221,-0.8648694786553068,1.1986636517287799,0.9997290723234696,-0.01680651776672761,0.01610108773923978,-0.000279079602575327
validation-1,2,2005202,22,2.1999999999999793,-0.49534772260996746,-0.8753583160616987,1.1987751296612985,0.9998076791406693,-0.01406966758114738,0.013660604249322634,-0.00019255401070985553
validation-1,2,2005202,23,2.2999999999999683,-0.4249735136444336,-0.8830662584081204,1.1988726220310963,0.999856213779637,-0.012696571674240953,0.01123964106554676,-0.00013893411029272199
validation-1,2,2005202,24,2.3999999999999573,-0.3523920394729862,-0.8883077946027714,1.1989511855923294,0.9999084672106421,-0.010180639087888282,0.008910794232786026,-9.764408597463329e-05
validation-1,2,2005202,25,2.4999999999999463,-0.27805891521226356,-0.8915631760014708,1.1990124911545939,0.9999535186133437,-0.006889441597091681,0.006744803451658873,-6.191665542850973e-05
validation-1,2,2005202,26,2.5999999999999353,-0.20239167503727407,-0.893438254541283,1.1990806048433609,0.9999745437082918,-0.004964029060772781,0.00512532856345743,-3.685098269792293e-05
validation-1,2,2005202,27,2.6999999999999242,-0.12571225422223467,-0.8943531796254582,1.1991612129393308,0.9999886790314053,-0.002700327843024592,0.0039178577881174475,-2.0710328744756938e-05
validation-1,2,2005202,28,2.7999999999999132,-0.04829401700661248,-0.8946968774906563,1.199250973561465,0.9999966250391386,-0.0022196001461942515,0.0013502858969616928,-3.6770544466136365e-06
validation-1,2,2005202,29,2.899999999999902,0.029369903620110605,-0.8945687491379473,1.1993544191481436,0.9999895857608405,-0.003912298679386097,-0.0023498503086440727,2.2190820703945565e-05
validation-1,2,2005202,30,2.999999999999891,0.10661039688026568,-0.8936977526329706,1.1994687916401543,0.9999805332649191,-0.004575455385533322,-0.004242305180665935,3.385225663138376e-05
validation-1,2,2005202,31,3.09999999999988,0.18301893247834486,-0.8920729607344549,1.199569263574939,0.9999823553453803,0.0018790197147128206,-0.005635438560981303,-1.072583212057405e-05
validation-1,2,2005202,32,3.199999999999869,0.2582410165716052,-0.8907616492655981,1.199694040246463,0.9999180641216738,0.006813910969330201,-0.010836358376262595,-9.485572481018347e-05
validation-1,2,2005202,33,3.299999999999858,0.33132496999864874,-0.8906584862149085,1.199852937412313,0.9998442811184192,0.004545366625184126,-0.017051286489968343,-8.237761484668637e-05
validation-1,2,2005202,34,3.399999999999847,0.4010702771569786,-0.8913793002420631,1.2000392311624881,0.9997474184707684,-0.0018722054724254413,-0.022396192964767962,6.817907534815523e-05
validation-1,2,2005202,35,3.499999999999836,0.4665181354354589,-0.8916686205168924,1.200216169722532,0.9996767286963895,-0.011470418005174928,-0.022689475985998343,0.0002351449576775313
validation-1,2,2005202,36,3.599999999999825,0.5275825097883583,-0.8897015366183667,1.2003616057507531,0.9995984862922226,-0.021447017100128116,-0.018514761624774192,0.0003086450734298098
validation-1,2,2005202,37,3.699999999999814,0.5850392429660243,-0.8835680380670193,1.20049646638287,0.9995083003166942,-0.028744430234149534,-0.012523894514448122,0.0002596049659046679
validation-1,2,2005202,38,3.799999999999803,0.6400300005536135,-0.8718382023687516,1.2006139018146107,0.999437472624025,-0.03286538687249504,-0.006677114938396073,0.0001442106902547042
validation-1,2,2005202,39,3.899999999999792,0.6936618597582503,-0.8536826528193671,1.2007068595981445,0.9993891270556196,-0.034798266359601454,-0.0032324111351184678,6.999733299860375e-05
validation-1,2,2005202,40,3.999999999999781,0.7466308576259867,-0.8287368912482896,1.2007269862119698,0.9994150483988329,-0.03416187890696846,-0.0015892533118170727,3.657068856680442e-05
validation-1,2,2005202,41,4.0999999999997705,0.7992731650565821,-0.797140831585088,1.2006015333718496,0.9995368296866679,-0.03042136614909201,-0.0008161729692042769,2.1053088609093217e-05
validation-1,2,2005202,42,4.1999999999997595,0.8517377162041201,-0.7595990601274184,1.2003347409382372,0.999683623741521,-0.02513326629943392,-0.0009853251736212105,2.1964636440377218e-05
validation-1,2,2005202,43,4.2999999999997485,0.9040138482625909,-0.7171474152141869,1.1999754944505923,0.9998234761145148,-0.0187594387396241,-0.0010486727751839084,1.88115447629485e-05
validation-1,2,2005202,44,4.3999999999997375,0.9560774920336421,-0.671014768806639,1.1995884002055948,0.999923761245834,-0.012276700382661262,-0.0013244398211466697,1.3522563684253859e-05
validation-1,2,2005202,45,4.499999999999726,1.0078937045737708,-0.6224496228688501,1.1992451472196968,0.9999747704406673,-0.00702090936618763,-0.001079473250256549,7.163100353766978e-06
validation-1,2,2005202,46,4.599999999999715,1.0595222297916282,-0.5724688190610971,1.1989873204051977,0.9999925738122053,-0.0038268295503118346,0.0004557298898001056,2.510125710061556e-06
validation-1,2,2005202,47,4.699999999999704,1.1112515807425205,-0.5217100869528877,1.1988259587254733,0.9999939232946673,-0.0022500463876791933,0.002662830258659785,6.882233470364644e-08
validation-1,2,2005202,48,4.799999999999693,1.1635272341499556,-0.47051178632358126,1.1987574934829341,0.9999821081732015,-0.0007705239591612658,0.005932081629760441,5.817649466073693e-06
validation-1,2,2005202,49,4.899999999999682,1.2169211175837324,-0.41915415364102315,1.1987635508328618,0.9999748653194618,0.0003608032345956922,0.007080848071225508,1.1871917933480117e-05
validation-1,2,2005202,50,4.999999999999671,1.271651932044003,-0.36788127361991896,1.1988121745779918,0.9999847664439829,0.0020098404013735864,0.00514075415350168,8.262406967673125e-06
validation-1,2,2005202,51,5.09999999999966,1.3273280723599086,-0.31703155453264714,1.198889371427023,0.9999869552223699,0.005106129453705337,-0.0001254774602981295,-3.290140442931359e-05
validation-1,2,2005202,52,5.199999999999649,1.3829267552323965,-0.26722024341397893,1.1990276905695976,0.9999164816863867,0.009984722398731424,-0.008204150004390684,-0.00016399159877236404
validation-1,2,2005202,53,5.299999999999638,1.4368357734968933,-0.21940012213457347,1.1993287540737916,0.9996697982516739,0.016256459117267624,-0.019894455784909764,-0.00048231675186007853
validation-1,3,2005203,0,0.0,-1.6,0.010853419646433105,1.2,1.0,0.0,0.0,0.0
validation-1,3,2005203,1,0.10000000000000007,-1.5996232951983231,0.010591640980784868,1.2000744035614608,0.999768132775225,0.012284366328597097,0.017665154861204402,0.0008469561829725861
validation-1,3,2005203,2,0.20000000000000015,-1.5957782082248124,0.00786758505369801,1.2006071746362283,0.9988979505558334,0.028508532865577533,0.0372319238190447,0.001982871135660873
validation-1,3,2005203,3,0.3000000000000002,-1.5846768212969093,-0.0003600475539544915,1.2015893135097166,0.9980601477065423,0.03810065339184008,0.049164288648595726,0.002674788363025417
validation-1,3,2005203,4,0.4000000000000003,-1.5639683320555071,-0.015956346652300626,1.2025699836281167,0.9977011945604233,0.04032769333645285,0.054388912958542465,0.002801726263003564
validation-1,3,2005203,5,0.5000000000000003,-1.5326856537839042,-0.03937220378652776,1.2030230399149249,0.9979270400142605,0.03784883926733456,0.051992074548840604,0.0024315342069671816
validation-1,3,2005203,6,0.6000000000000004,-1.4913020578722445,-0.07014221380339135,1.2027077430962876,0.9984998824024441,0.0331119671776573,0.04356904614648146,0.0018222759986513514
validation-1,3,2005203,7,0.7000000000000005,-1.4413956048331553,-0.107349638638721,1.2017678027736716,0.9990828339154916,0.026658607901109493,0.03348573217748999,0.0012309917557300782
validation-1,3,2005203,8,0.8000000000000006,-1.3848949477739285,-0.14976483444575758,1.2005192773492284,0.9995108854157648,0.01944043872186138,0.02448410212960826,0.0007668250141810602
validation-1,3,2005203,9,0.9000000000000007,-1.3235709310590376,-0.19600593315811035,1.199234084096011,0.9997837418787174,0.01283019504201603,0.016360327335179472,0.0004418819520729573
validation-1,3,2005203,10,1.0000000000000007,-1.259036084249805,-0.24478135545278934,1.1980837802672724,0.9999415397250807,0.00711560132538163,0.008137939706140221,0.00024348994125027802
validation-1,3,2005203,11,1.1000000000000008,-1.1928616223042552,-0.29495490699671645,1.197184776171581,0.9999970295800682,0.0015796612720249885,0.0018504001832023134,0.00014669856025138886
validation-1,3,2005203,12,1.2000000000000008,-1.12629916380082,-0.3454596183601128,1.1965901635087246,0.9999921335679712,-0.0028713622920056043,-0.002734180249893637,0.00011108161752530611
validation-1,3,2005203,13,1.300000000000001,-1.0602708553822227,-0.39542806918575724,1.1962912209676975,0.9999608271674596,-0.005603182782765866,-0.006851027166223625,0.0001090873073798268
validation-1,3,2005203,14,1.400000000000001,-0.995638605011681,-0.4442749672086654,1.1962765886673916,0.9998757414167606,-0.00888503871447574,-0.013020113014010789,0.00018566213159795756
validation-1,3,2005203,15,1.500000000000001,-0.9335708944546853,-0.49134285741753736,1.1965430954331606,0.9997174613060839,-0.013686481708757596,-0.01943089315823926,0.0003437575128260272
validation-1,3,2005203,16,1.6000000000000012,-0.8752483854966085,-0.5356771110630245,1.197025026651568,0.9995568081799293,-0.02042053766646564,-0.021655331922435465,0.0004852441569896827
validation-1,3,2005203,17,1.7000000000000013,-0.8210980967422803,-0.5760151282342092,1.1975890382687369,0.9994750236795152,-0.026364725414096683,-0.018823688114637797,0.0004970517438285941
validation-1,3,2005203,18,1.8000000000000014,-0.7705431587881917,-0.6111879661161732,1.1981166192089634,0.9994610530637256,-0.031131884540112623,-0.010408483339432837,0.00026953349232537775
validation-1,3,2005203,19,1.9000000000000015,-0.7219871464308802,-0.640278793362462,1.1985920847084721,0.9994215589939475,-0.033997680240430934,0.0008341053372530052,-9.708070109130175e-05
validation-1,3,2005203,20,2.0000000000000013,-0.673295677336114,-0.6627508080436265,1.1990148060057524,0.9993839969944354,-0.0334659431916023,0.010559737603848532,-0.00038618578489877183
validation-1,3,2005203,21,2.0999999999999903,-0.6225672011136446,-0.6786743485389441,1.1993768619423526,0.9993600326317535,-0.031087889018107724,0.017685168992767796,-0.0005505745700499773
validation-1,3,2005203,22,2.1999999999999793,-0.5684234930485069,-0.6885129230049913,1.1996490251629819,0.9993914063929592,-0.027614442824882734,0.021305442540025758,-0.0005809419501680817
validation-1,3,2005203,23,2.2999999999999683,-0.5101482453677549,-0.6929862977704836,1.1997458145688398,0.9995313893783179,-0.02154828829019566,0.021735656925597622,-0.0004838772829368221
validation-1,3,2005203,24,2.3999999999999573,-0.4476443900967429,-0.6932338861222694,1.199673209191013,0.9996860712973848,-0.015167240859736664,0.019939951767699506,-0.00033463742302720895
validation-1,3,2005203,25,2.4999999999999463,-0.3812407885112369,-0.6904855415220124,1.199513250932293,0.9998019233698093,-0.010047313240377453,0.01717914796786834,-0.00020590720809828222
validation-1,3,2005203,26,2.5999999999999353,-0.311465505681224,-0.6857495083629017,1.199330576932806,0.9998797007536676,-0.005968897604810656,0.014315841155677338,-0.00011390410677372746
validation-1,3,2005203,27,2.6999999999999242,-0.23887729232535815,-0.6798140963596555,1.1991685505023897,0.999927113800079,-0.0034116700278117853,0.011581207906812557,-5.6731679370848744e-05
validation-1,3,2005203,28,2.7999999999999132,-0.16402018254159872,-0.6732017956337188,1.1990446075650898,0.9999613924412858,-0.001496338202804504,0.008658749178525786,-2.572021259610469e-05
validation-1,3,2005203,29,2.899999999999902,-0.08747779708996668,-0.666306612187306,1.1989612163543348,0.9999868961780233,0.0008731162487667157,0.005044296410002576,-1.4628334968625508e-05
validation-1,3,2005203,30,2.999999999999891,-0.009942421091685211,-0.6595891775932873,1.1989280556625062,0.9999924993736916,0.0035622033152326363,0.001520382016919188,-1.850464445825579e-05
validation-1,3,2005203,31,3.09999999999988,0.06786716777197987,-0.6535795907098711,1.1989550490469987,0.9999739898308612,0.00657052786607299,-0.0029740518378324993,-5.3300822832856926e-05
validation-1,3,2005203,32,3.199999999999869,0.1450829997378779,-0.6488473186891277,1.1990492278655043,0.99992817249786,0.0089120308703593,-0.008013362088914426,-0.00010760523495030286
validation-1,3,2005203,33,3.299999999999858,0.22067184973841253,-0.645816324932653,1.1992180532443037,0.9998445296604795,0.008681978568178986,-0.015346575899502855,-0.00014954703608475585
validation-1,3,2005203,34,3.399999999999847,0.29314588801028374,-0.6444803567407806,1.199545711920921,0.9995972404706834,0.007434902548594969,-0.02738688757547006,-0.00019353659847572908
validation-1,3,2005203,35,3.499999999999836,0.3602325863880269,-0.6445545872537419,1.2000954563773951,0.9992163073834306,0.0037281293280137236,-0.03940637205640288,-9.976014982861424e-05
validation-1,3,2005203,36,3.599999999999825,0.4197535223580811,-0.6452437129297242,1.2006008148913296,0.9990953938609564,-0.005939405254780409,-0.042107969183070935,0.00019068905911939478
validation-1,3,2005203,37,3.699999999999814,0.4711257149301125,-0.6447205559876099,1.2008572264334876,0.9991277691200717,-0.018516845793001988,-0.03742426094483876,0.0005020834177591201
validation-1,3,2005203,38,3.799999999999803,0.5152443383056066,-0.640577384194782,1.2009017992330122,0.9991620283674185,-0.030217103135644578,-0.02760191642453793,0.0005495056754977146
validation-1,3,2005203,39,3.899999999999792,0.5539839582279013,-0.6305486756212432,1.2008214427981152,0.999128906220134,-0.038925667991891066,-0.015037771946178469,0.00029417960330285813
validation-1,3,2005203,40,3.999999999999781,0.5897520572812465,-0.6129392924760914,1.2007054191143347,0.9990588542011983,-0.0432608927408084,-0.003145749848714573,-7.252136168278356e-05
validation-1,3,2005203,41,4.0999999999997705,0.6248652876820114,-0.5869040637432212,1.2005350036624147,0.9990627563234885,-0.04279759736443545,0.0064678949873851555,-0.00037539522884854883
validation-1,3,2005203,42,4.1999999999997595,0.6612056675907697,-0.5525272676013547,1.2002447272185135,0.9991795668628956,-0.038271525799027366,0.013236650078651113,-0.0005239955972121558
validation-1,3,2005203,43,4.2999999999997485,0.7001078245525127,-0.5106731491735494,1.1998215495181674,0.9993569868858185,-0.031363607325253555,0.017368386964248656,-0.0005253877669947985
validation-1,3,2005203,44,4.3999999999997375,0.7423831194871786,-0.46269297460061615,1.1992932516267902,0.9995586678152986,-0.022791646520836484,0.019048274051244967,-0.00041677313246719076
validation-1,3,2005203,45,4.499999999999726,0.7883460072024872,-0.41026321701042107,1.1986997086064144,0.9997584576469911,-0.013014416791386239,0.01770839155043879,-0.0002533526891918041
validation-1,3,2005203,46,4.599999999999715,0.8377274296783113,-0.35530236819122074,1.1981067567852672,0.9999118623671243,-0.002221904595456277,0.013088723820723331,-0.00012627834727497282
validation-1,3,2005203,47,4.699999999999704,0.8896012963358878,-0.2999130524223177,1.1976160744267403,0.9999520198170192,0.008757684208670716,0.004385804181346341,-0.00016047693905416697
validation-1,3,2005203,48,4.799999999999693,0.9422802833560331,-0.24624748411040062,1.1973804702787356,0.9997857558067232,0.01934105575529745,-0.007360540577261892,-0.0004341551092709073
validation-1,3,2005203,49,4.899999999999682,0.9935414164525785,-0.1963610134704004,1.1975142660474918,0.999457397733128,0.027948929115033827,-0.017411619138722922,-0.0007765286960060908
validation-1,3,2005203,50,4.999999999999671,1.0413883895090192,-0.1518813115607112,1.1979272712966416,0.9991854470148781,0.031185126913825606,-0.02559070992082655,-0.001022691935897006
validation-1,3,2005203,51,5.09999999999966,1.0842103672865468,-0.11343766063602087,1.1984249396327156,0.9990619135595059,0.028690422518549932,-0.03241908037605606,-0.0010750619038114272
validation-1,3,2005203,52,5.199999999999649,1.1206546732945193,-0.08054854627165452,1.1988812951690542,0.9990253883288345,0.021590533394714735,-0.038487862153519535,-0.0008982254761628548
validation-1,3,2005203,53,5.299999999999638,1.149512533702994,-0.05185547812283298,1.1993137846052222,0.9989325078290339,0.011908113833926426,-0.044629281252264806,-0.0005185385456510661
validation-1,3,2005203,54,5.399999999999627,1.1696378795874547,-0.025500786895950697,1.1997197750288806,0.9988442054029308,0.002173295619595146,-0.04801589914534644,-5.9568469816919157e-05
validation-1,3,2005203,55,5.499999999999616,1.1803823167451999,0.0004165832866272321,1.200013115164157,0.9988450515281512,-0.006702733711700986,-0.047576421226522066,0.00034719128991153044
validation-1,3,2005203,56,5.599999999999605,1.1818141625904452,0.02763625854848096,1.2001583545087566,0.9989025830757583,-0.014596462225118368,-0.04449891328073972,0.0006477128399283782
validation-1,3,2005203,57,5.699999999999594,1.1744973906725742,0.05768766974620146,1.200191512138909,0.9989545232651356,-0.02050624086508834,-0.040849151990107434,0.0008374457577058467
validation-1,3,2005203,58,5.799999999999583,1.1591387151162813,0.09171665880024647,1.2001387702327337,0.9990231245256814,-0.023543027027441543,-0.037385827040940935,0.0009069056150357253
validation-1,3,2005203,59,5.899999999999572,1.1364366773989971,0.13032585184569234,1.1999746156771693,0.9991517204075345,-0.02404634254362905,-0.033419796130363284,0.0008545428846747655
validation-1,3,2005203,60,5.999999999999561,1.1071782989182934,0.17362165639020205,1.1996810197175172,0.999332337723897,-0.02262302003883163,-0.0286803802813476,0.0007166104453552867
validation-1,3,2005203,61,6.09999999999955,1.0722864765170899,0.2213326767815872,1.1992853332839875,0.9995230683486588,-0.019770010273504984,-0.023716745967434567,0.0005463454798761877
validation-1,3,2005203,62,6.199999999999539,1.032709353472119,0.27289568461249064,1.1988529367224172,0.999682557425645,-0.015386876956523689,-0.01994690519909197,0.00038648340790860866
validation-1,3,2005203,63,6.299999999999528,0.9891741876763956,0.32743693031949306,1.198450301939308,0.9997952493133666,-0.008806590732458906,-0.018216752210765914,0.0002309739919746745
validation-1,3,2005203,64,6.399999999999517,0.9420412740579572,0.38367514189722607,1.198134355388385,0.9998455719474135,-0.0005045743829452057,-0.017566262566203836,6.388502818203193e-05
validation-1,3,2005203,65,6.499999999999506,0.8914470803877736,0.44003315526727566,1.1979593315613222,0.9998276044243967,0.006760919574391249,-0.017292879060565675,-8.792768181062962e-05
validation-1,3,2005203,66,6.599999999999495,0.8374506578333849,0.49510145134649897,1.197935883495765,0.999786379352811,0.011640474557339471,-0.01707797688865237,-0.00019421139894767935
validation-1,3,2005203,67,6.699999999999484,0.7801004530568234,0.5479088066281915,1.1980318835758592,0.999753500492415,0.014741061840862671,-0.016600465704382613,-0.00025275949592951184
validation-1,3,2005203,68,6.799999999999473,0.7194926668789688,0.597818803249871,1.19821639393058,0.9997222853608887,0.017537212336912973,-0.015739073052596534,-0.0002826936431540499
validation-1,3,2005203,69,6.899999999999462,0.6557995734096859,0.6443008136876545,1.19845130476958,0.9997077788092075,0.019416828691635822,-0.014396588009741602,-0.000286366195708249
validation-1,3,2005203,70,6.999999999999451,0.5892870490686449,0.6869725598156822,1.1987023688437621,0.9997049443231832,0.02081867472623611,-0.012511486441394645,-0.00026416936327997763
validation-1,3,2005203,71,7.09999999999944,0.5203259660102767,0.7255090729795289,1.1989895275890818,0.9996557302326218,0.024234766171222603,-0.010052148331312367,-0.00022679425829167526
validation-1,3,2005203,72,7.199999999999429,0.4493975387526832,0.7592985943746472,1.1993013767883833,0.9996047240320756,0.027194461295106293,-0.007129319327720495,-0.00017255014354624967
validation-1,3,2005203,73,7.299999999999418,0.37706501323398417,0.7878079802060923,1.1995537141314387,0.9996286814695095,0.026896790567838853,-0.004364534419036248,-0.00011260544477914924
validation-1,3,2005203,74,7.399999999999407,0.3038518009042235,0.8111037791455299,1.1996759775749397,0.9997309417293402,0.02302123433381469,-0.002839264139835781,-7.41475447622917e-05
validation-1,3,2005203,75,7.499999999999396,0.23006225886694198,0.8298861126336325,1.1996902453694624,0.9998244246726483,0.01857570485240478,-0.0024617195728457333,-5.435060689398532e-05
validation-1,3,2005203,76,7.599999999999385,0.15578718087170845,0.8449893529354404,1.1996683980597567,0.9998713394550776,0.015873476083758442,-0.0023098893919955743,-4.1283445609479645e-05
validation-1,3,2005203,77,7.699999999999374,0.0810634507777264,0.8570059563864537,1.1996199518965283,0.9999245357115962,0.012135261454852104,-0.0019124541929018805,-2.8815476948826646e-05
validation-1,3,2005203,78,7.799999999999363,0.0059754460802756496,0.8666479416103382,1.1995495964687974,0.999969222577055,0.00778715993412799,-0.000955904122795497,-1.6914712504097563e-05
validation-1,3,2005203,79,7.899999999999352,-0.0692999593492772,0.8747227982206952,1.1994944721641188,0.999985384734217,0.005405903027703486,8.041942537590398e-05,-7.945422406054793e-06
validation-1,3,2005203,80,7.999999999999341,-0.1445677123687065,0.8817471065725074,1.199464121957062,0.9999954353357181,0.0029450579588264935,0.0006752223010423333,-4.023715262889303e-06
validation-1,3,2005203,81,8.099999999999374,-0.21968465433336795,0.8881565797276937,1.1994607654859544,0.9999957859395242,0.0020706765112827588,0.0020347970256029925,1.7441634911610017e-06
validation-1,3,2005203,82,8.199999999999408,-0.2944165694526794,0.8941247649388039,1.199485930687066,0.9999905515827888,0.0032713091318426223,0.0028627283332759426,8.258572848597765e-06
validation-1,3,2005203,83,8.299999999999441,-0.3685607152245371,0.8994449473690314,1.1995376745670256,0.9999770501793562,0.004910821355022223,0.0046671460483026376,2.6381367116239166e-05
validation-1,3,2005203,84,8.399999999999475,-0.44175773264342466,0.9038145869234423,1.1996178442985295,0.9999497277315238,0.005836324714567605,0.008153304361545667,5.432740232076275e-05
validation-1,3,2005203,85,8.499999999999508,-0.5133445617002007,0.907033841485559,1.1997308760224743,0.9999032279319124,0.006793973484273158,0.012139533538181821,9.176662048663254e-05
validation-1,3,2005203,86,8.599999999999541,-0.5825748534818396,0.9089281022776419,1.199862105040642,0.9998646898918827,0.007367344719604499,0.014707489831479568,0.00011782210883241148
validation-1,3,2005203,87,8.699999999999575,-0.6489837562850238,0.9093867496780697,1.199960270307048,0.9998780103556993,0.007317752340394561,0.0137986519460229,0.00011005582858404745
validation-1,3,2005203,88,8.799999999999608,-0.712716491104527,0.9083891901871829,1.2000063151483078,0.9999081124461785,0.008148679386118218,0.010833199666266521,8.6449831782535e-05
validation-1,3,2005203,89,8.899999999999642,-0.7743332588016574,0.9057679188764768,1.2000247897052925,0.9999202236728809,0.010304825863269668,0.007304345413953292,5.824068585079917e-05
validation-1,3,2005203,90,8.999999999999675,-0.8345134748336273,0.9011177471504389,1.2000395702681614,0.9999100444674731,0.012822465138109444,0.003935307067063235,2.6816536332943222e-05
validation-1,3,2005203,91,9.099999999999708,-0.8938983939501771,0.8939665444255702,1.2000594254735668,0.9998938680740163,0.014460728141928787,0.0017719692880092338,7.377647193006492e-06
validation-1,3,2005203,92,9.199999999999742,-0.9529391738594576,0.8839897676640678,1.2000785317857499,0.9998842416184742,0.015212385805528101,-0.0002939599075266934,-1.6392833997151536e-05
validation-1,3,2005203,93,9.299999999999775,-1.012053499098621,0.8710439125101547,1.2000888376035936,0.999882610114881,0.014998843208161281,-0.0031301720418064564,-5.210813883932296e-05
validation-1,3,2005203,94,9.399999999999809,-1.0717930448128952,0.855189081585944,1.2000776991716284,0.9998950006878791,0.012955739499739254,-0.006490792512974638,-7.762702302832609e-05
validation-1,3,2005203,95,9.499999999999842,-1.132801044282396,0.8368081139855175,1.2000470673426022,0.999906153064141,0.009854746182132494,-0.009516451418228246,-7.870552426771375e-05
validation-1,3,2005203,96,9.599999999999875,-1.195650154293055,0.816506922855668,1.200002452940025,0.9999201773944871,0.006092374641800373,-0.011068824603247278,-5.415260052027299e-05
validation-1,3,2005203,97,9.699999999999909,-1.2606424704364405,0.7950419028269022,1.199940600069969,0.9999400797922211,0.0008253538242331817,-0.010915837426309988,-1.0463011375131332e-05
validation-1,3,2005203,98,9.799999999999942,-1.32774323677035,0.7734169626093332,1.1998723957345314,0.999949494731842,-0.004642015620637025,-0.008913988395734674,2.2076946684409436e-05
validation-1,3,2005203,99,9.899999999999975,-1.3965424129965696,0.7526363377662616,1.1997977245144564,0.9999683155279403,-0.006716052544182165,-0.004273429972521111,1.935737536932918e-05
validation-1,3,2005203,100,10.000000000000009,-1.4661844219247417,0.7330990131516932,1.1997165071117062,0.9999895344642089,-0.0045524499867346715,0.0004537789301013704,1.567980430567025e-05
validation-1,3,2005203,101,10.100000000000042,-1.535776717403551,0.7144687567383502,1.1996539623063125,0.9999922594549248,-0.002534033585214299,0.0030098981183186856,1.4742537133465424e-05
validation-1,3,2005203,102,10.200000000000076,-1.6047904211451656,0.6963269547108857,1.199620318136509,0.9999895154019258,-0.00043835827407743167,0.004558141068566953,1.6680654881391638e-05
validation-1,3,2005203,103,10.300000000000109,-1.6729093845162328,0.6782567096970336,1.1996158260864849,0.9999789343628912,0.002443782774544509,0.006013136941246235,3.0664852768379345e-05
validation-1,3,2005203,104,10.400000000000142,-1.7398065202810944,0.6596895679050766,1.1996556122015973,0.9999377210667777,0.006115241316028416,0.009335448878049728,8.488622096658292e-05
validation-1,3,2005203,105,10.500000000000176,-1.8048420101218987,0.6399342296538685,1.1997597508079845,0.9998566936466179,0.009181830861122892,0.014221726345166056,0.00016926858121536458
validation-1,3,2005203,106,10.60000000000021,-1.867076687095679,0.6183967760646226,1.199929587076828,0.9997527871411348,0.010947340675627826,0.019350896008889944,0.00025131517456905285
validation-1,3,2005203,107,10.700000000000243,-1.9254955680313526,0.5947326046605491,1.2001615242348451,0.999627049815373,0.01134287334845515,0.024839515842703493,0.00031457004841396676
validation-1,3,2005203,108,10.800000000000276,-1.9790343555946854,0.568844306262913,1.2004473005939722,0.9994856203693124,0.011308731921943265,0.03000793404598281,0.0003621485612562264
validation-1,3,2005203,109,10.90000000000031,-2.026620376465124,0.5407397753434842,1.2008294976551521,0.9992528747250201,0.010939611784579676,0.0370653722738573,0.00041883885467244267
validation-1,3,2005203,110,11.000000000000343,-2.0669320239706095,0.5104666200263119,1.2012992202886357,0.9990044797286306,0.011322382674707612,0.04314639689846279,0.0004914950403664319
validation-1,3,2005203,111,11.100000000000376,-2.098777764478759,0.47796683753198843,1.2017644171338573,0.9988129675124678,0.011953542585253886,0.04721702161387313,0.0005671141990812782
validation-1,3,2005203,112,11.20000000000041,-2.1213648054798226,0.44312065197578304,1.2021405685979527,0.9987079279611204,0.012466955766227783,0.0492612142182741,0.0006183973392906798
validation-1,3,2005203,113,11.300000000000443,-2.1343255978235405,0.4058278725789517,1.202298767254334,0.9987601938785046,0.013016473213796264,0.048044284468806306,0.0006271193874534171
validation-1,3,2005203,114,11.400000000000476,-2.137889946650472,0.3659856940220708,1.2021668923889717,0.9989276983580162,0.013467384312324712,0.04429137762416036,0.0005973952581323966
validation-1,3,2005203,115,11.50000000000051,-2.132797368084442,0.3235124760690255,1.2017465713496325,0.9991708913359375,0.013489364351909136,0.03840951923745179,0.0005251554811641195
validation-1,3,2005203,116,11.600000000000543,-2.120200103170146,0.27840658076017016,1.2010784949423736,0.9994462568524891,0.01289874949252399,0.030669688327509523,0.0004149011574505253
validation-1,3,2005203,117,11.700000000000577,-2.101600746016261,0.2307773272999857,1.2002654124494079,0.9996881252763368,0.011917963387154137,0.02194379516322124,0.00029014482490082293
validation-1,3,2005203,118,11.80000000000061,-2.0787053517036105,0.18082009830202525,1.1994273015370431,0.9998661427410739,0.010364649657641875,0.01265862416723039,0.00017283446873556172
validation-1,3,2005203,119,11.900000000000643,-2.0533125481808643,0.12884282640925684,1.1986781248571274,0.9999603258739589,0.007965044333533386,0.003987105722241146,8.794754849650999e-05
validation-1,3,2005203,120,12.000000000000677,-2.027164406704495,0.07530286002213482,1.198104182818542,0.999969922495522,0.005331797626967568,-0.005632458863322059,3.801996758978749e-05
validation-1,4,2005204,0,0.0,-1.6,-0.025682995444270634,1.2,1.0,0.0,0.0,0.0
validation-1,4,2005204,1,0.10000000000000007,-1.5996169458274099,-0.025943206543680156,1.2000758408509422,0.9997637401548841,0.012210416042208074,0.017962088390956324,0.0008561496529218399
validation-1,4,2005204,2,0.20000000000000015,-1.5957049964517016,-0.02864825896326744,1.2006175431684905,0.998879549967724,0.028209089031292267,0.03794580710846211,0.0020019178775197853
validation-1,4,2005204,3,0.3000000000000002,-1.5844003953000778,-0.03679365219671416,1.201605730398936,0.9980431414448785,0.037389369650855986,0.05004742163889384,0.0026792609521178157
validation-1,4,2005204,4,0.4000000000000003,-1.5633223562575724,-0.05217456499014268,1.2025811959009307,0.9976947283665009,0.03957342552944344,0.05505820350331854,0.002786971213961001
validation-1,4,2005204,5,0.5000000000000003,-1.531538943743395,-0.07522853260738323,1.2030238979239445,0.9979273737161424,0.03724664291539145,0.05241962809733669,0.002413911695309732
validation-1,4,2005204,6,0.6000000000000004,-1.489565385658599,-0.10551587669361309,1.2027014958203974,0.9984987821593112,0.032514215383336126,0.04404231344808283,0.001811753437848539
validation-1,4,2005204,7,0.7000000000000005,-1.4389602232168708,-0.1421276936686196,1.201781850249141,0.9990545635531447,0.0261552402840703,0.034703798513751494,0.0012364538146615047
validation-1,4,2005204,8,0.8000000000000006,-1.3815419126415827,-0.18384904585878284,1.2005508651913686,0.9994904362432685,0.019081129151341678,0.02557694358401043,0.0007735149978867978
validation-1,4,2005204,9,0.9000000000000007,-1.3190829207118642,-0.22932706621727372,1.1992663500564502,0.9997704496731775,0.012701948811915421,0.01724844846656098,0.0004466342677400722
validation-1,4,2005204,10,1.0000000000000007,-1.253242908536216,-0.2773138420057694,1.1981099692855548,0.9999358702066844,0.007222875210935366,0.008719243774602946,0.0002456332372615511
validation-1,4,2005204,11,1.1000000000000008,-1.1856568809006827,-0.3267226031759646,1.197197789498023,0.9999964770601247,0.002040251409429906,0.0016915406599741797,0.0001480936230344952
validation-1,4,2005204,12,1.2000000000000008,-1.1177125815221998,-0.37655386111571826,1.1965904599281234,0.9999915258530393,-0.00200937823724191,-0.0035913729927487007,0.00011252215697535659
validation-1,4,2005204,13,1.300000000000001,-1.0504869445951497,-0.4260144804570852,1.1962878186111363,0.9999483763292069,-0.0045472275405342814,-0.009085910826857516,0.00011671642514631717
validation-1,4,2005204,14,1.400000000000001,-0.9850685511032079,-0.4745385802621171,1.196284110721262,0.9998434597550477,-0.00874874666040119,-0.015377614654789071,0.00021067618907920092
validation-1,4,2005204,15,1.500000000000001,-0.9226545700532583,-0.5213183121549758,1.1965575636295733,0.9996892286531656,-0.014288317701909062,-0.020424380979908032,0.00036708810225586063
validation-1,4,2005204,16,1.6000000000000012,-0.864167382803695,-0.5652454711380748,1.1970218609863295,0.9995541428283515,-0.021650682177478925,-0.020556014370841643,0.00046237335079666036
validation-1,4,2005204,17,1.7000000000000013,-0.809627117561797,-0.6049268914990296,1.1975586783486665,0.999475012271875,-0.028608924151357507,-0.015201308280734224,0.0003866905627057721
validation-1,4,2005204,18,1.8000000000000014,-0.758005057364163,-0.6390378504617309,1.1980701169645198,0.999448473747355,-0.032674601706621884,-0.005924732331385243,0.00012757036721109177
validation-1,4,2005204,19,1.9000000000000015,-0.7075408840344831,-0.6667679055304034,1.1985437043771796,0.9994070961356021,-0.034210546394902244,0.0038809214354361614,-0.0001820933184964305
validation-1,4,2005204,20,2.0000000000000013,-0.6563180896815387,-0.6878146417364962,1.1989870630933714,0.9993561076106636,-0.033428628712814726,0.013026591194664065,-0.0004526427859889766
validation-1,4,2005204,21,2.0999999999999903,-0.6025963946267626,-0.7023348488387093,1.1993525772346125,0.9993616403952141,-0.03035455877043422,0.018830551681595222,-0.0005681476981861801
validation-1,4,2005204,22,2.1999999999999793,-0.5452457689067475,-0.710933667855685,1.19955969401799,0.9994703929971699,-0.025310746593754412,0.02044571358370004,-0.0005219434867461814
validation-1,4,2005204,23,2.2999999999999683,-0.4839181080918826,-0.7145934129097861,1.1995863499717994,0.9996271626979709,-0.01891747327648666,0.01968522499230901,-0.00039587654512533195
validation-1,4,2005204,24,2.3999999999999573,-0.4187498230999114,-0.7145228086965941,1.199494072193537,0.9997557255803889,-0.013428957944690074,0.017552288925539367,-0.00026346009884971636
validation-1,4,2005204,25,2.4999999999999463,-0.3501477974724472,-0.7118231363251863,1.1993410213011209,0.9998596965672859,-0.008043630792854377,0.014692282400106843,-0.00015499006070190884
validation-1,4,2005204,26,2.5999999999999353,-0.2786568380651473,-0.7075112629914388,1.199184496616947,0.9999188762839342,-0.00425835598358911,0.012004210064890837,-7.871536590201489e-05
validation-1,4,2005204,27,2.6999999999999242,-0.20480203262328991,-0.702323368664733,1.1990681753260517,0.999948742478941,-0.0028239003052976308,0.009722991396918217,-3.7949233565751455e-05
validation-1,4,2005204,28,2.7999999999999132,-0.12904897469542878,-0.6965891458971967,1.1989938903137516,0.999974558334229,-0.0013281987634967954,0.007008439223969709,-1.876035206863873e-05
validation-1,4,2005204,29,2.899999999999902,-0.05193180330268517,-0.690588581367406,1.1989584900314791,0.9999932417513963,2.1623680992123636e-05,0.0036763959829876703,-9.82476111653528e-06
validation-1,4,2005204,30,2.999999999999891,0.02589701196451348,-0.6846095827753862,1.1989658226808781,0.9999979135030701,0.002039276626408417,-0.00011848330181653818,-1.7379679066222355e-05
validation-1,4,2005204,31,3.09999999999988,0.10369073170847737,-0.6790844109702482,1.1990290620653588,0.9999678718984444,0.006688816821237624,-0.0044170151799216165,-6.983786757543623e-05
validation-1,4,2005204,32,3.199999999999869,0.18060373489984005,-0.6748005673105475,1.1991485277991984,0.9999231185125717,0.008232115606296208,-0.00927237977817253,-0.0001109503753718644
validation-1,4,2005204,33,3.299999999999858,0.2555941442379674,-0.6721043716957977,1.1993556885605416,0.9997962298275798,0.00747287788676049,-0.018751844291772037,-0.0001524936152752177
validation-1,4,2005204,34,3.399999999999847,0.3268648870721072,-0.6708575546084381,1.1997308785572418,0.999526724458326,0.0057282021443254595,-0.030224001186229803,-0.00015667194397618736
validation-1,4,2005204,35,3.499999999999836,0.3922642394206877,-0.6706652400945149,1.2002112569918941,0.9992879401370478,0.00047311744047979934,-0.03772782574256713,4.613293568772039e-06
validation-1,4,2005204,36,3.599999999999825,0.45043020810061174,-0.6704588240174365,1.2005360791416568,0.9993004260092924,-0.010320257518889953,-0.035945675642133114,0.00024344408182849542
validation-1,4,2005204,37,3.699999999999814,0.5016423612773672,-0.6681957957602347,1.2006311694443632,0.9993415492527223,-0.023128186583849488,-0.027953805467667524,0.0003737410691973376
validation-1,4,2005204,38,3.799999999999803,0.5474104094616955,-0.661422815681631,1.2006385054983915,0.9992732821124161,-0.03397200162319548,-0.017284020888864597,0.0002708946409909275
validation-1,4,2005204,39,3.899999999999792,0.5897713264096759,-0.6480432832059421,1.200643938374455,0.999155089881023,-0.04051897896015983,-0.006878801081037721,2.8364742146594967e-05
validation-1,4,2005204,40,3.999999999999781,0.6307578048641344,-0.6267730256407501,1.2006261814922665,0.999099785878799,-0.04237102524607087,0.002063884638596008,-0.0002333596671911727
validation-1,4,2005204,41,4.0999999999997705,0.6721074979105389,-0.5972528295748278,1.2004976290243534,0.9991732381781818,-0.03975933472198891,0.00847821021419913,-0.0003941605700249784
validation-1,4,2005204,42,4.1999999999997595,0.7150870645482758,-0.5599756774095392,1.200205649537189,0.9993408390073893,-0.03408913190583467,0.012475237726479191,-0.00043245992075115723
validation-1,4,2005204,43,4.2999999999997485,0.7604897993942114,-0.5160346223219339,1.199775778964213,0.9995332773003082,-0.026799598206030357,0.014658196356766028,-0.00038260275396076525
validation-1,4,2005204,44,4.3999999999997375,0.8087280714056735,-0.46686176819623726,1.1992494017770738,0.9997317617019904,-0.01811746369271339,0.014425302617568511,-0.0002698109893983192
validation-1,4,2005204,45,4.499999999999726,0.8597459785497149,-0.41415901522858045,1.1986806017908627,0.9999028504155012,-0.00820054133185587,0.011270194188598046,-0.00015354404133278873
validation-1,4,2005204,46,4.599999999999715,0.912889288704851,-0.3598513531534208,1.1981562065678892,0.9999917229094715,0.001847837718408163,0.0036219875705690253,-0.00014427179999388677
validation-1,4,2005204,47,4.699999999999704,0.9667081250514542,-0.3058915913580592,1.197810751328324,0.9999222423195598,0.010804319709421847,-0.006220898515068918,-0.00027642703594382885
validation-1,4,2005204,48,4.799999999999693,1.019356550179922,-0.25405130673576687,1.1977452366444274,0.999732640941291,0.018930687987573663,-0.013269396112989112,-0.0004458875033298067
validation-1,4,2005204,49,4.899999999999682,1.0693891634207018,-0.20586318041268556,1.1979326001903503,0.9995396555598378,0.023213616788066056,-0.019525243433257743,-0.0006081346955928271
validation-1,4,2005204,50,4.999999999999671,1.1155646514831477,-0.16217860670541828,1.1982889933433356,0.999378897509523,0.023566164540636036,-0.02619025928520769,-0.0007248586532475104
validation-1,4,2005204,51,5.09999999999966,1.1565657578833515,-0.12307660886712005,1.1987547270017502,0.9992239362233312,0.020956900777602996,-0.03334313755826686,-0.0007541657109951625
validation-1,4,2005204,52,5.199999999999649,1.1909880090045957,-0.08804849685913221,1.1993010258203236,0.9990418556051168,0.015766697897598124,-0.04082114559768275,-0.0006450260324338038
validation-1,4,2005204,53,5.299999999999638,1.217385897703558,-0.05608394754702453,1.1998952081796526,0.9988459935124953,0.008656706656875176,-0.04723985897599873,-0.0003720185758211332
validation-1,4,2005204,54,5.399999999999627,1.2345765244633238,-0.025814957180914595,1.200390967467503,0.9987954790439892,0.00128540255644183,-0.04905035744551599,-3.487151333091836e-05
validation-1,4,2005204,55,5.499999999999616,1.2421883243138006,0.004202047640994057,1.200660830764779,0.9988763372211881,-0.005833848170247175,-0.047031441881483234,0.00026949890285083816
validation-1,4,2005204,56,5.599999999999605,1.240574570651951,0.03536790696610793,1.2007397393651909,0.9989600028667865,-0.012927341752139462,-0.04372086620085396,0.0005313814634254826
validation-1,4,2005204,57,5.699999999999594,1.2303536585374328,0.06904540593129585,1.2007119008768947,0.9990000805494361,-0.018554934131836148,-0.04066961168126662,0.0007322344424378499
validation-1,4,2005204,58,5.799999999999583,1.2121168115436798,0.10631437566187005,1.200616065774397,0.9990409037125568,-0.021198955171709336,-0.038303900593444774,0.0008295831200086814
validation-1,4,2005204,59,5.899999999999572,1.1863551061054807,0.14770037524586582,1.200423211748263,0.9991449615916823,-0.021141602891216332,-0.03552093209139321,0.0008010845803926433
validation-1,4,2005204,60,5.999999999999561,1.1536297835283478,0.19321658168514363,1.2001097939190528,0.9993025184948716,-0.01981839684347492,-0.031642314582822705,0.0006867344490062939
validation-1,4,2005204,61,6.09999999999955,1.1147107948547972,0.24260780105415986,1.1996844392959367,0.9994924954572622,-0.017728418915637627,-0.026460751431107696,0.0005322791256943347
validation-1,4,2005204,62,6.199999999999539,1.0705894726846132,0.29545312165666865,1.199193743099385,0.9996699106562237,-0.014349424055345027,-0.02130776483340848,0.0003780418776028636
validation-1,4,2005204,63,6.299999999999528,1.0222516026782313,0.3510805365608201,1.1987137333921793,0.9998012909726138,-0.009151300829423285,-0.017708053177427678,0.0002389880495394813
validation-1,4,2005204,64,6.399999999999517,0.9704143929286326,0.4084750802964055,1.1983074496124368,0.9998798919578513,-0.00238406874282266,-0.015313581920217189,0.00010992433137951665
validation-1,4,2005204,65,6.499999999999506,0.9155488721330037,0.4663221013751,1.1980306864565038,0.9998903982543785,0.0051209171715511734,-0.013891275106165946,-1.2725917631766716e-05
validation-1,4,2005204,66,6.599999999999495,0.8579366804342675,0.5231925483920805,1.1979181331814721,0.9998506325245475,0.011023037507004653,-0.013311344068310945,-0.00011577338587452364
validation-1,4,2005204,67,6.699999999999484,0.797697537249223,0.5779106657294072,1.1979642444108498,0.9997898690635938,0.015660074755120504,-0.013226532154721542,-0.00019652894585636368
validation-1,4,2005204,68,6.799999999999473,0.7348606938777139,0.629547548708183,1.1981486406976511,0.9997130462135139,0.02013813229739001,-0.012969759046823952,-0.00025730980639823524
validation-1,4,2005204,69,6.899999999999462,0.6694821325546747,0.6772563754002529,1.1984177990152933,0.9996605394622999,0.023019738366008784,-0.012199057984824384,-0.00028367549517510567
validation-1,4,2005204,70,6.999999999999451,0.6017158932640815,0.7204472311651038,1.1987239830580938,0.9996244643856776,0.0251738840864879,-0.01082268269725063,-0.00027441005978681406
validation-1,4,2005204,71,7.09999999999944,0.5318306321491698,0.7586565133591683,1.1990794097752095,0.9995459245645891,0.028783771433507424,-0.008909515077899784,-0.0002443961147602317
validation-1,4,2005204,72,7.199999999999429,0.4602022339984312,0.7912495784126996,1.1994334174967927,0.9995094756718588,0.030629006023944836,-0.006529564537648483,-0.00019188303965264676
validation-1,4,2005204,73,7.299999999999418,0.38728956534728326,0.8178972857171792,1.199671588376687,0.9995797612796918,0.028682181661824232,-0.004197188139715354,-0.00013002643434899147
validation-1,4,2005204,74,7.399999999999407,0.31353300318200106,0.8389798659513734,1.1997366547082775,0.9997236835315247,0.023327650220076265,-0.0028930709402268614,-8.638232031316813e-05
validation-1,4,2005204,75,7.499999999999396,0.23919408831729724,0.855482734622405,1.1996793512106558,0.9998384949829429,0.01779915416223555,-0.0024840636341708212,-5.906957156826238e-05
validation-1,4,2005204,76,7.599999999999385,0.16436572940867,0.8684535617765277,1.1995917988885003,0.9998943805457888,0.014359366481699862,-0.0022438156120461825,-4.04808016845177e-05
validation-1,4,2005204,77,7.699999999999374,0.08910039080195552,0.878623999449864,1.1994970124515583,0.9999437789322698,0.010445428736590353,-0.0018251878517408008,-2.612406830479755e-05
validation-1,4,2005204,78,7.799999999999363,0.013486289633058231,0.8867446441719505,1.1994046834622112,0.9999795480450302,0.006327220355557931,-0.000932498028736447,-1.4888157982081468e-05
validation-1,4,2005204,79,7.899999999999352,-0.06230904737960592,0.8935833237359547,1.1993440756366645,0.9999908906684379,0.0042670339018751734,0.00010466956136808599,-6.790308253291755e-06
validation-1,4,2005204,80,7.999999999999341,-0.1380914979673602,0.8995945498215191,1.1993193655669425,0.999997433249753,0.0021410325930596974,0.0007412564876326821,-3.487280824304146e-06
validation-1,4,2005204,81,8.099999999999374,-0.21371323703859788,0.9051447148087212,1.199328725113709,0.9999964138863785,0.0017859958134054685,0.0019956018957094867,2.5319697143321217e-06
validation-1,4,2005204,82,8.199999999999408,-0.2889583665901665,0.910310989719252,1.1993699944292848,0.9999904945303044,0.003456450837860312,0.002657764848756984,9.091203083632677e-06
validation-1,4,2005204,83,8.299999999999441,-0.36365625286709363,0.9147972399096885,1.199439564760954,0.9999766463644003,0.0053199585894742225,0.004289993347702288,2.6897782158041392e-05
validation-1,4,2005204,84,8.399999999999475,-0.4374836539742535,0.9182627910175242,1.199534599093293,0.9999542718907797,0.005949667008788696,0.007486862516614708,4.979480697387107e-05
validation-1,4,2005204,85,8.499999999999508,-0.5098305144522863,0.920547535456407,1.1996586941851521,0.9999129797874796,0.006918577494384642,0.011232045288763941,8.542019363765319e-05
validation-1,4,2005204,86,8.599999999999541,-0.5799860025714758,0.9214858833066027,1.1998039260908702,0.9998713082600686,0.007462508977269466,0.01420086935587612,0.00011483727727624555
validation-1,4,2005204,87,8.699999999999575,-0.6474065942629212,0.9209637414845527,1.199929895224816,0.9998674600345613,0.007605329964751384,0.014394717077401895,0.00011593284130454583
validation-1,4,2005204,88,8.799999999999608,-0.7120566424000114,0.9189402097351056,1.200000140775317,0.9999002692622952,0.008170602086090065,0.011518861569260732,9.283797329348512e-05
validation-1,4,2005204,89,8.899999999999642,-0.7744588397774792,0.9152873236038697,1.2000285296798183,0.9999201010143353,0.010012199992774442,0.007716452771421486,6.160692768763973e-05
validation-1,4,2005204,90,8.999999999999675,-0.8353446480467523,0.9096570261746697,1.2000481285649462,0.9999127191103789,0.01256497426959207,0.004083488048758161,2.6612932920951075e-05
validation-1,4,2005204,91,9.099999999999708,-0.8954064565404608,0.9015730325496627,1.2000721522641287,0.9998945058069466,0.014434033376997613,0.0016235545747334918,2.8451626471440003e-06
validation-1,4,2005204,92,9.199999999999742,-0.9551494299096218,0.8906711467008499,1.2000957334693239,0.9998826011268963,0.015312957480029903,-0.0005448015248360531,-2.2095824878794784e-05
validation-1,4,2005204,93,9.299999999999775,-1.015010931277599,0.87678233614161,1.2001091175694067,0.9998806533468482,0.015105163232110507,-0.003241919751220471,-5.534202088838534e-05
validation-1,4,2005204,94,9.399999999999809,-1.0755189054063332,0.8599650737499496,1.2000982007463699,0.9998950374239447,0.012995571605936338,-0.006404935523039415,-7.781098204300063e-05
validation-1,4,2005204,95,9.499999999999842,-1.1372785462879271,0.8406167824264715,1.200063411793694,0.9999103032008464,0.009687810956946886,-0.00924803762013657,-7.53115607678069e-05
validation-1,4,2005204,96,9.599999999999875,-1.2008279540512814,0.819380042847221,1.2000124700630834,0.9999263066032187,0.005750948586731403,-0.010691379233566136,-4.8613613588074884e-05
validation-1,4,2005204,97,9.699999999999909,-1.266447060535728,0.7970441858735223,1.1999459924471068,0.9999450375434917,0.00044122440907877724,-0.010475074038953829,-6.086447704857313e-06
validation-1,4,2005204,98,9.799999999999942,-1.3340914436563658,0.7746291645134407,1.1998776528629242,0.9999492313893186,-0.00530115990005438,-0.008569230368689121,2.526881415539172e-05
validation-1,4,2005204,99,9.899999999999975,-1.403347493941265,0.753162114908524,1.1997972237107906,0.9999739354613836,-0.006491495930400844,-0.003160410928114544,2.610025559074655e-05
validation-1,4,2005204,100,10.000000000000009,-1.4732575146848472,0.7329159371007223,1.1997120926536715,0.9999904573107777,-0.004225993653674635,0.0011071699892215496,2.0967509358361964e-05
validation-1,4,2005204,101,10.100000000000042,-1.5429886973172802,0.7135147454915779,1.1996509759438438,0.9999926571054487,-0.0024893877696118994,0.0029134920527978422,1.5740902351862815e-05
validation-1,4,2005204,102,10.200000000000076,-1.6121536725068755,0.6945894476329652,1.1996179585525308,0.9999912838092879,-0.0004231944106738563,0.004153668690625885,1.575920213038409e-05
validation-1,4,2005204,103,10.300000000000109,-1.6804987257788022,0.6757331473015256,1.1996134502579174,0.9999815928512498,0.002428564796004151,0.005560145147000216,2.859466202293301e-05
validation-1,4,2005204,104,10.400000000000142,-1.7477080166237875,0.6563850968600716,1.1996524183938102,0.9999416535493587,0.005960144738072966,0.009008862344913113,8.106124740285678e-05
validation-1,4,2005204,105,10.500000000000176,-1.8131191076785773,0.6358784336739913,1.1997551666720112,0.9998612365081766,0.008915508721561065,0.014071055866990806,0.00016376618538862912
validation-1,4,2005204,106,10.60000000000021,-1.875761067625593,0.6136415016473976,1.1999234772085265,0.9997578233963844,0.010611051580762443,0.019277990662958048,0.0002433476360072846
validation-1,4,2005204,107,10.700000000000243,-1.9345991223180599,0.5893433910638534,1.200156334958438,0.9996288946522836,0.010963846531829982,0.024935393879485523,0.00030524998593230347
validation-1,4,2005204,108,10.800000000000276,-1.9885402876502563,0.5628928536097405,1.2004466221046863,0.9994832090405021,0.011021216705927189,0.030194732065870342,0.00035466024539893064
validation-1,4,2005204,109,10.90000000000031,-2.0364916136096136,0.5342860968317518,1.2008348140828355,0.9992470397725164,0.010600882107774661,0.03732034596990074,0.00040814346323781413
validation-1,4,2005204,110,11.000000000000343,-2.077128117368524,0.5035702106337251,1.2013014361804961,0.9990095453935541,0.011236090642953184,0.04305165670605574,0.00048304708946467223
validation-1,4,2005204,111,11.100000000000376,-2.1093107884372193,0.4706467999480578,1.201760009281412,0.9988205496173622,0.01209641638083691,0.047019798896098274,0.000569986475420866
validation-1,4,2005204,112,11.20000000000041,-2.1322801419484456,0.43535202781776616,1.20212316251005,0.9987286843597708,0.012648811747989226,0.04879175586376518,0.0006222202936521151
validation-1,4,2005204,113,11.300000000000443,-2.1457212635162612,0.397578327341236,1.202249113527648,0.998805376225768,0.013088526599968448,0.04707574029083898,0.0006209428412553661
validation-1,4,2005204,114,11.400000000000476,-2.1499549937768654,0.35724148484640844,1.2020806252842013,0.9989863492398581,0.01340424674227877,0.04296817151700428,0.000580032910082593
validation-1,4,2005204,115,11.50000000000051,-2.1457898598710003,0.31428654252688554,1.2016333893476738,0.9992311275291418,0.013270599330784406,0.03688895324465957,0.0005000987448519365
validation-1,4,2005204,116,11.600000000000543,-2.134418591718537,0.26873924442977837,1.200953918659921,0.9995000303063619,0.012631998492471576,0.028982281556108432,0.00038650675195181896
validation-1,4,2005204,117,11.700000000000577,-2.117370775121684,0.22072136495265965,1.200151072976335,0.9997256271935375,0.011590310510020836,0.020353492522938766,0.00026528642749706563
validation-1,4,2005204,118,11.80000000000061,-2.096332000281441,0.17044051809672933,1.1993455663782935,0.9998842405160375,0.009911378096708017,0.011543205168076115,0.00015673652975527815
validation-1,4,2005204,119,11.900000000000643,-2.073016221051538,0.11822715052123124,1.1986396430777368,0.9999667244496905,0.007449763779203399,0.003323341167475486,8.010291312282738e-05
validation-1,4,2005204,120,12.000000000000677,-2.0490592811032116,0.0645512051013068,1.1981084436048106,0.9999752363520235,0.004830499008369082,-0.005117765730389298,3.789427234883075e-05
validation-1,5,2005205,0,0.0,-1.6,-0.07976606708953621,1.2,1.0,0.0,0.0,0.0
validation-1,5,2005205,1,0.10000000000000007,-1.5996095305756455,-0.08001028693240854,1.2000750045045898,0.9997663222900566,0.011460561219152964,0.018310800930901358,0.0008190973240443845
validation-1,5,2005205,2,0.20000000000000015,-1.5956174541634096,-0.08254624790929516,1.2006099903539367,0.9988933310728207,0.026354597387667003,0.03890841258032561,0.0019193137469300614
validation-1,5,2005205,3,0.3000000000000002,-1.584047204009017,-0.09015503044658174,1.2015809295634885,0.9980746962353307,0.03446264240762363,0.05150461011063431,0.0025499314477315156
validation-1,5,2005205,4,0.4000000000000003,-1.5624253171085947,-0.1044419480602346,1.2025458118213894,0.9977226126818266,0.03653931023995232,0.0566345790585185,0.002644126585866212
validation-1,5,2005205,5,0.5000000000000003,-1.5297957878785957,-0.1258064244011478,1.2029834585126078,0.9979571584264115,0.03432291190064068,0.05383502788225683,0.0022885447469280116
validation-1,5,2005205,6,0.6000000000000004,-1.486698848183192,-0.15383391051042059,1.2026597021127532,0.9985242524890341,0.029756626727321784,0.045397321174595384,0.001715688549194473
validation-1,5,2005205,7,0.7000000000000005,-1.4347224926412938,-0.1876519636830592,1.2017343334517336,0.9990891815514558,0.023918353097314608,0.035318130061114214,0.0011616285730307514
validation-1,5,2005205,8,0.8000000000000006,-1.375801394813081,-0.22616236215503074,1.2005209563160384,0.9994966848448738,0.01838523278720157,0.025842457766079217,0.0007263443225236791
validation-1,5,2005205,9,0.9000000000000007,-1.3117994182757302,-0.26828978436595785,1.1992691883328783,0.9997684912210515,0.01350590264070045,0.01674448689640231,0.0004203736634860232
validation-1,5,2005205,10,1.0000000000000007,-1.2444922306151194,-0.31305934500031224,1.1981390320362997,0.9999307484237365,0.008225952499328499,0.008412914673786435,0.00023436918961635924
validation-1,5,2005205,11,1.1000000000000008,-1.1754939139574585,-0.3594386389479361,1.197246912457037,0.9999944689878327,0.0025685694436681427,0.002108108467567762,0.00014256031991458548
validation-1,5,2005205,12,1.2000000000000008,-1.1060691767544006,-0.4063495299826073,1.1966493538573968,0.9999935213187128,-0.001731642829720669,-0.0031538644236841717,0.0001089628777209529
validation-1,5,2005205,13,1.300000000000001,-1.0372844368961962,-0.45294025729344795,1.1963516443223499,0.999947708916208,-0.00465067227406373,-0.009106911377217395,0.00012184331416419263
validation-1,5,2005205,14,1.400000000000001,-0.9702889044705272,-0.4985707866357918,1.1963468230960261,0.9998452599610606,-0.009437104853761235,-0.014844211087562165,0.0002158299512466729
validation-1,5,2005205,15,1.500000000000001,-0.9061496875835207,-0.5423193782994041,1.1965878332227662,0.9997297318985288,-0.01568225207989504,-0.017158901407295736,0.0003197347228900017
validation-1,5,2005205,16,1.6000000000000012,-0.8453204554725973,-0.5829482097166686,1.1970107371791627,0.999604687418938,-0.023412938673570555,-0.015561987988126096,0.0003573830056579903
validation-1,5,2005205,17,1.7000000000000013,-0.7874717250469957,-0.6190142023769865,1.1975208910317254,0.9995259321434616,-0.029232517765628213,-0.009659918132331859,0.00023845231117224905
validation-1,5,2005205,18,1.8000000000000014,-0.7314936267162698,-0.6493807141987386,1.1980342561567168,0.9994811489871526,-0.032153443683889116,-0.0018943694181446146,1.5591577470164867e-05
validation-1,5,2005205,19,1.9000000000000015,-0.6758759665633897,-0.6734649094180618,1.1985295628247061,0.9994403762720736,-0.03285548946061694,0.006276631581081491,-0.00023448973492359523
validation-1,5,2005205,20,2.0000000000000013,-0.6190604207908152,-0.6911479926870927,1.1989545838471065,0.9994505099108626,-0.03068064071917904,0.012538978139510446,-0.00038800927297242546
validation-1,5,2005205,21,2.0999999999999903,-0.5598311133775059,-0.702805064040124,1.199289635843188,0.9994804965802001,-0.028105112072917653,0.015768652054303986,-0.0004350213280646445
validation-1,5,2005205,22,2.1999999999999793,-0.49754725630140023,-0.7089918597111766,1.1994900998188955,0.9995877705638764,-0.023536578950878323,0.01643668509406533,-0.0003921397034835462
validation-1,5,2005205,23,2.2999999999999683,-0.4320636335858043,-0.7105609089136946,1.1995471242580396,0.9997074896168614,-0.018604871263730994,0.015450011643391633,-0.0003018433902524248
validation-1,5,2005205,24,2.3999999999999573,-0.3635631981109639,-0.7084914917682734,1.1995054164148569,0.9998190653778812,-0.013384226674591528,0.01351503433811557,-0.00020695425549789427
validation-1,5,2005205,25,2.4999999999999463,-0.29241120657283187,-0.7037750759972172,1.199415854333432,0.9998932447153867,-0.009112176985047958,0.011421513624782659,-0.00012817818705076312
validation-1,5,2005205,26,2.5999999999999353,-0.21901385554194014,-0.6972274607900817,1.1993354619490058,0.9999289989259003,-0.007193460631280128,0.009499737000259759,-7.891843788174003e-05
validation-1,5,2005205,27,2.6999999999999242,-0.14376089225044014,-0.6892806621511226,1.199272647521031,0.9999615009198968,-0.0050450357542965564,0.0071792735595378855,-4.820190602635926e-05
validation-1,5,2005205,28,2.7999999999999132,-0.06711188789995343,-0.680344810340549,1.199226426324963,0.999987696994907,-0.002665720218867444,0.004183186035617283,-2.7370211743689382e-05
validation-1,5,2005205,29,2.899999999999902,0.010348783487225472,-0.6708994397687339,1.1992064554763857,0.9999997111904674,0.00023809995810701834,0.0007213581630592171,-2.387035362330165e-05
validation-1,5,2005205,30,2.999999999999891,0.08794082735813809,-0.6615452450005488,1.1992276988188963,0.9999810166137844,0.005281581249291925,-0.00317296184267623,-6.020559927261144e-05
validation-1,5,2005205,31,3.09999999999988,0.16490232790823506,-0.6531566922008343,1.199296586259678,0.999947188182637,0.007173374860069095,-0.007359040793714498,-8.976274999413904e-05
validation-1,5,2005205,32,3.199999999999869,0.24032233519563803,-0.6461555664350939,1.1994404642057046,0.9998475905757389,0.007158847120231685,-0.015922541285490727,-0.00013858863941122355
validation-1,5,2005205,33,3.299999999999858,0.3125788546639421,-0.6405495564334143,1.1997288837553433,0.9996253309936525,0.006576754956590778,-0.026568974648117034,-0.00018307435628659105
validation-1,5,2005205,34,3.399999999999847,0.37966353467886416,-0.6361794921857202,1.2001269723967811,0.9994071932728988,0.003200932054621817,-0.03427834597672439,-0.000105192531333196
validation-1,5,2005205,35,3.499999999999836,0.4401711026144027,-0.632314964494875,1.2004126524441572,0.9994063233315189,-0.006365637981556482,-0.03385955106751668,0.00010168367253808559
validation-1,5,2005205,36,3.599999999999825,0.4941364605263935,-0.6271543680720233,1.2004953443647655,0.9994502974363427,-0.018873257169846103,-0.027254923129372083,0.00026885575927766085
validation-1,5,2005205,37,3.699999999999814,0.5428067222579102,-0.61830459188257,1.2004960489730896,0.9993902462229282,-0.030261192696895693,-0.017416872155085122,0.00022030744231292407
validation-1,5,2005205,38,3.799999999999803,0.5880523474670021,-0.6035698260509172,1.200515233687078,0.9992548148871373,-0.037885720913995974,-0.0073815151007229195,1.7621477108616605e-05
validation-1,5,2005205,39,3.899999999999792,0.6318240427191428,-0.5814671116349459,1.2005369358636202,0.9991737302970545,-0.0406241267509829,0.0012213528348994451,-0.00021285497758019296
validation-1,5,2005205,40,3.999999999999781,0.6757955244005939,-0.5514559700594458,1.2004713714688093,0.9992158362104527,-0.038895500945521584,0.00739743361895608,-0.0003614530332851368
validation-1,5,2005205,41,4.0999999999997705,0.7211840025416789,-0.5138668486435991,1.2002476229283647,0.9993692841012257,-0.033699254467593025,0.01119089278397672,-0.00039769589968371733
validation-1,5,2005205,42,4.1999999999997595,0.7687320184751143,-0.4697119797337628,1.199850539819232,0.9995841922980541,-0.02588739053446726,0.012695380247874614,-0.00033591594906857834
validation-1,5,2005205,43,4.2999999999997485,0.8187205596113298,-0.4205120274237474,1.199320390287878,0.9998027552600702,-0.01630501237559701,0.011337915399209574,-0.00022095294704572503
validation-1,5,2005205,44,4.3999999999997375,0.8708476810508412,-0.3681297294193453,1.1987391727904162,0.9999674360117149,-0.005943523663615382,0.005456977001920469,-0.00015114435909341947
validation-1,5,2005205,45,4.499999999999726,0.9239988477514653,-0.3145915376724587,1.1982485506099503,0.9999836432995015,0.0047186646963819,-0.0032248455149650017,-0.00021842239225241492
validation-1,5,2005205,46,4.599999999999715,0.9765083262615878,-0.261953437569489,1.198001160860467,0.9998313142175861,0.013750730353969376,-0.012169753553914578,-0.0003970177609544708
validation-1,5,2005205,47,4.699999999999704,1.0266768145955254,-0.21197106053067047,1.1980235639505847,0.9996401569959616,0.01976018111870713,-0.018132595286852595,-0.0005484080675887177
validation-1,5,2005205,48,4.799999999999693,1.073282639098989,-0.16579729628800308,1.1982268712708724,0.9995080472773521,0.021412221368134112,-0.022908184966692512,-0.000628701382214116
validation-1,5,2005205,49,4.899999999999682,1.1153730322982092,-0.12377799909189939,1.1985287960317135,0.9994190219968323,0.019696596997254453,-0.027807534138582626,-0.0006352816339283279
validation-1,5,2005205,50,4.999999999999671,1.151971704865927,-0.08557704698407897,1.1988900890272882,0.9993276427571829,0.015142915958622776,-0.03338655245659482,-0.0005409553641439026
validation-1,5,2005205,51,5.09999999999966,1.1819784304870808,-0.050320068319485496,1.1993259773124552,0.9991706095170705,0.008747562098273293,-0.03976764583528678,-0.00032799289809516636
validation-1,5,2005205,52,5.199999999999649,1.204191676086936,-0.01678220585596465,1.1998095795813788,0.9990150411046218,0.002319218861534515,-0.04431214144330162,-5.4692881926319196e-05
validation-1,5,2005205,53,5.299999999999638,1.2177552292704952,0.016293816768675473,1.2002166192534856,0.9989755544992337,-0.0035727129167592983,-0.045111390209094666,0.00019927057963844307
validation-1,5,2005205,54,5.399999999999627,1.2224923002394024,0.05007304416736631,1.2004694843573036,0.999017290682162,-0.00934673452920516,-0.04332342978370477,0.00041461245812015045
validation-1,5,2005205,55,5.499999999999616,1.2187219464831442,0.08566135660279216,1.2005832697725962,0.9990720675510226,-0.01378232487630178,-0.040801050918897824,0.0005706174229026864
validation-1,5,2005205,56,5.599999999999605,1.2069220592339978,0.12392650429384705,1.2005948106976658,0.9991221185795873,-0.016450132069972243,-0.03852215937460973,0.0006546426780676656
validation-1,5,2005205,57,5.699999999999594,1.1875467805818087,0.16540202992127526,1.2005227267280083,0.999182594869002,-0.017889125735290126,-0.03624450270863405,0.0006762504568562029
validation-1,5,2005205,58,5.799999999999583,1.1610716277707303,0.21036190342067637,1.2003375616474534,0.9993042341460235,-0.017866298692239598,-0.032733089032725336,0.0006227930991659367
validation-1,5,2005205,59,5.899999999999572,1.1281835900063433,0.25880432749142546,1.2000253717958034,0.9994677735134652,-0.016506546807391415,-0.02813255028886297,0.000513064106439499
validation-1,5,2005205,60,5.999999999999561,1.0897580202628159,0.3104642271108966,1.199638722307361,0.9996155568223005,-0.013953757960557586,-0.023955771379574952,0.000390147702134002
validation-1,5,2005205,61,6.09999999999955,1.0465976213347472,0.36483094948329303,1.1992450067218487,0.9997268579708822,-0.00973253650250934,-0.021246563468459573,0.0002659429937812248
validation-1,5,2005205,62,6.199999999999539,0.9992479026290186,0.4210826060603756,1.1988920963097727,0.9998026655579677,-0.004110643211658417,-0.019434863389299843,0.0001365306168794843
validation-1,5,2005205,63,6.299999999999528,0.9480684709218261,0.4781192649617406,1.1986212977120365,0.9998319280658475,0.002564617617813789,-0.018153191096653896,3.1004707392871603e-06
validation-1,5,2005205,64,6.399999999999517,0.8933158905911252,0.5346789304772267,1.1984643433838398,0.9998218606698133,0.007898560115820153,-0.017142004675413,-0.0001065389923300584
validation-1,5,2005205,65,6.499999999999506,0.8351839545038724,0.5896766095228274,1.1984359364877901,0.9997766478952663,0.013154766526512785,-0.01653983787131425,-0.00020050966921149953
validation-1,5,2005205,66,6.599999999999495,0.7738030992513663,0.6421072799357739,1.1985234917676482,0.9997219107215843,0.017494560500668225,-0.015810400428274543,-0.000269841380362694
validation-1,5,2005205,67,6.699999999999484,0.7093279981383724,0.6911118280202876,1.1986866834021455,0.9996803477226518,0.02083875857002423,-0.01431300481067293,-0.0002939586169942824
validation-1,5,2005205,68,6.799999999999473,0.6420469664783308,0.7360514288596464,1.1988801088099301,0.9996687229849811,0.0225923671445206,-0.012326825183678171,-0.00028038059237558467
validation-1,5,2005205,69,6.899999999999462,0.5723507461796599,0.7765397658722311,1.1990903447836618,0.9996490759023692,0.024550342673497517,-0.009947266429102933,-0.00024002654588458467
validation-1,5,2005205,70,6.999999999999451,0.5007033324921464,0.812163678271301,1.1993543698637192,0.9995701354629533,0.028394276214402953,-0.007298961771756846,-0.00018581143159051701
validation-1,5,2005205,71,7.09999999999944,0.42761673577603604,0.8422772045684318,1.1996019883882332,0.9995631454203773,0.029151068246852256,-0.004869916934514824,-0.00013208497170802977
validation-1,5,2005205,72,7.199999999999429,0.3535673607263273,0.8667801270217717,1.1996796301465487,0.9997086405449284,0.023967041454744816,-0.0028648901040449737,-8.572286028515627e-05
validation-1,5,2005205,73,7.299999999999418,0.2789368004620085,0.8865902930772404,1.1996098593861453,0.9998419279975356,0.017682400497051602,-0.0018570779485196467,-5.470215835887358e-05
validation-1,5,2005205,74,7.399999999999407,0.20393014607644877,0.9028906254547271,1.1995050415507469,0.9999068413142728,0.013557513806166545,-0.001581526740908467,-3.5853541762643296e-05
validation-1,5,2005205,75,7.499999999999396,0.12861266991236392,0.9165064497149696,1.1994143478838721,0.9999394009415786,0.010921837959361488,-0.0013810714631811922,-2.3276576914866725e-05
validation-1,5,2005205,76,7.599999999999385,0.05303222751932709,0.9279901140513916,1.1993419881497513,0.999968556533337,0.007891598319105447,-0.0007800246462290029,-1.349645152056322e-05
validation-1,5,2005205,77,7.699999999999374,-0.02270069520925279,0.9378953964091767,1.199299108061184,0.9999811106965091,0.006145756953348884,-8.879870103111464e-05,-6.036340487129866e-06
validation-1,5,2005205,78,7.799999999999363,-0.09844987362552063,0.9465906645077908,1.199291136771548,0.9999876906166904,0.004922762921436558,0.0006204991376992982,-1.066797340214147e-06
validation-1,5,2005205,79,7.899999999999352,-0.1740801800377474,0.954297587228767,1.1993146317653103,0.9999883027160616,0.004690165290224072,0.0011818512886860155,2.8519628155472793e-06
validation-1,5,2005205,80,7.999999999999341,-0.24948457042806776,0.9610692975734545,1.199366615234524,0.9999846559255817,0.005359714231664037,0.0014004794784023495,5.8293528483042116e-06
validation-1,5,2005205,81,8.099999999999374,-0.3245867809999708,0.9667856832937461,1.199441283845734,0.9999766799078442,0.006211495320221918,0.0028384176633898983,1.8749383094725616e-05
validation-1,5,2005205,82,8.199999999999408,-0.3991142484515238,0.9713153118061332,1.1995280739260261,0.99997071750159,0.005496218461521614,0.005324937190812618,2.7674744059319352e-05
validation-1,5,2005205,83,8.299999999999441,-0.47258676411705525,0.9747636447450173,1.199625186184033,0.9999554179645676,0.004583294605023015,0.008255565952995703,3.3536040684151196e-05
validation-1,5,2005205,84,8.399999999999475,-0.5444317992009333,0.9772898319971075,1.1997417318832087,0.9999227141988378,0.004855520223825729,0.011444945134090511,5.275852068549474e-05
validation-1,5,2005205,85,8.499999999999508,-0.6140387789522431,0.9788452052283683,1.1998765937586022,0.9998817417304849,0.006114719212139202,0.014110468484696081,8.626766469003184e-05
validation-1,5,2005205,86,8.599999999999541,-0.6809248973577521,0.9792036279646661,1.1999968185301662,0.9998721141782243,0.007285290805318568,0.014236186683854084,0.00010399688310419045
validation-1,5,2005205,87,8.699999999999575,-0.7450639697805264,0.9781139459145939,1.2000714654448554,0.9998895502984614,0.00921028244458555,0.01166399770253459,9.517786698629099e-05
validation-1,5,2005205,88,8.799999999999608,-0.8069315582325854,0.9751972447608709,1.2001132482496863,0.9998941594577185,0.012166454561702095,0.007977619829189328,6.962471408849219e-05
validation-1,5,2005205,89,8.899999999999642,-0.8672394544747543,0.9698891954852586,1.2001470155875962,0.9998754644479853,0.01526498799716402,0.004004376668215445,2.6530572764373658e-05
validation-1,5,2005205,90,8.999999999999675,-0.9267450298243665,0.9615970871646392,1.200185733771128,0.9998449058091945,0.017590312286740014,0.0008631594840864898,-1.4027223988806728e-05
validation-1,5,2005205,91,9.099999999999708,-0.9860773117562927,0.9498739893251451,1.2002212321383146,0.9998254973949101,0.018591129156869713,-0.0018280647729428986,-5.3431074708931245e-05
validation-1,5,2005205,92,9.199999999999742,-1.0457699716941997,0.9345444414386,1.200224479453585,0.9998401877926067,0.017301257236941654,-0.00450092110861009,-8.41548651889459e-05
validation-1,5,2005205,93,9.299999999999775,-1.1063506286467948,0.9158493993055107,1.2001817349936574,0.9998722162851733,0.014228096676376388,-0.0072871832515937224,-9.657226131316625e-05
validation-1,5,2005205,94,9.399999999999809,-1.1683574153521235,0.8943852417669917,1.2001044121186004,0.9999026798697453,0.009935022269399723,-0.00979385345623817,-8.097090418262311e-05
validation-1,5,2005205,95,9.499999999999842,-1.2322632587187263,0.8709951811610032,1.2000044973527204,0.9999291662094945,0.004457609538961588,-0.01103589580487073,-3.584086838685636e-05
validation-1,5,2005205,96,9.599999999999875,-1.298306691816531,0.8467423921370019,1.1998995811391027,0.9999420792756516,-0.0016064104280191403,-0.01064223914259712,1.6895456114134512e-05
validation-1,5,2005205,97,9.699999999999909,-1.3664124495113694,0.8228035757258614,1.1998128881084165,0.9999339646428147,-0.007463231533937757,-0.008738661393349771,4.82268014729112e-05
validation-1,5,2005205,98,9.799999999999942,-1.4361756189597172,0.8002368746589141,1.1997268879953917,0.9999542951974275,-0.00871063477670181,-0.003940902883204114,4.052737360002589e-05
validation-1,5,2005205,99,9.899999999999975,-1.5067315451360626,0.7793213164043296,1.1996335404406595,0.99998042546404,-0.006249048392074944,0.0003120898110801695,2.6132372299015774e-05
validation-1,5,2005205,100,10.000000000000009,-1.5772598911504578,0.7596435614481946,1.1995623112825964,0.9999886193121811,-0.004059646875784251,0.002506041251978158,1.645010728089857e-05
validation-1,5,2005205,101,10.100000000000042,-1.6472962152511428,0.7407560109102709,1.1995229645816443,0.9999887279157514,-0.001806014662052215,0.004391143860413344,1.4424831933822199e-05
validation-1,5,2005205,102,10.200000000000076,-1.716465596694393,0.7222161444376868,1.1995174344717443,0.9999785709255123,0.000827259894149743,0.0064940490369522165,2.5650428840675258e-05
validation-1,5,2005205,103,10.300000000000109,-1.7843204532199592,0.7034972569547332,1.199560282062528,0.9999373838999888,0.00418151026192167,0.010379676370894788,7.462982890402526e-05
validation-1,5,2005205,104,10.400000000000142,-1.8501144839357493,0.6839646953524035,1.1996722111173623,0.9998538496652088,0.0072078291481107145,0.015501715805333128,0.0001526948745661205
validation-1,5,2005205,105,10.500000000000176,-1.9128604470353314,0.6630290555315408,1.1998567153594701,0.9997436777156556,0.009395827082182572,0.020597127423614803,0.00023588750175402418
validation-1,5,2005205,106,10.60000000000021,-1.9715544488363441,0.6402634418901785,1.2001068349738333,0.9996153489251732,0.010653783349366019,0.02560379106771178,0.00031141051962824714
validation-1,5,2005205,107,10.700000000000243,-2.025191433488882,0.6154202008307903,1.200429819554131,0.999445918715639,0.010973647774430476,0.03142121578990412,0.0003765839328429945
validation-1,5,2005205,108,10.800000000000276,-2.0726030592411373,0.5884276454817592,1.2008704127526326,0.9991806303522777,0.010747879743261236,0.039017383206330185,0.00044138144548435776
validation-1,5,2005205,109,10.90000000000031,-2.112331320531995,0.5592951686969788,1.2014396336423254,0.9988558285201982,0.011669375818079657,0.04637405602075088,0.0005535588775218516
validation-1,5,2005205,110,11.000000000000343,-2.14294383894218,0.5278661161934762,1.2020660796526885,0.9985577240307343,0.012895219170276964,0.05211251599267876,0.0006861326576252414
validation-1,5,2005205,111,11.100000000000376,-2.1633384829733044,0.4939101715727973,1.2026123458953093,0.998385473999336,0.013717518561425557,0.055115126986525716,0.0007731551579861885
validation-1,5,2005205,112,11.20000000000041,-2.1729565188363127,0.4572686565521873,1.202897913992225,0.9984184590437725,0.014240630201887669,0.05437977647230473,0.0007905712716600514
validation-1,5,2005205,113,11.300000000000443,-2.1719279337964936,0.4178374188253444,1.2028372859168006,0.9985872084231023,0.01467197249510104,0.051066055148348284,0.0007605316864924841
validation-1,5,2005205,114,11.400000000000476,-2.1609157821096607,0.3755323726540784,1.20241909113596,0.9988609904818799,0.015063525255579418,0.04526963194925422,0.0006872580390142356
validation-1,5,2005205,115,11.50000000000051,-2.141061931770511,0.3302867915007959,1.2016645607700405,0.9992018155400023,0.014941912922504758,0.037042553445736016,0.0005659452272104874
validation-1,5,2005205,116,11.600000000000543,-2.113966749467578,0.2821280927647535,1.2006750728268414,0.9995314604876667,0.013967747495079157,0.027232178809304,0.00041226521043978646
validation-1,5,2005205,117,11.700000000000577,-2.0815454011864896,0.2312391574236348,1.1995991961519916,0.9997885024658735,0.012379447137916782,0.01642058335363119,0.0002531164412801102
validation-1,5,2005205,118,11.80000000000061,-2.0458981470818642,0.17793392223371574,1.1985962289031853,0.999933831883589,0.010001150103973486,0.005682687004475534,0.00012617293410541942
validation-1,5,2005205,119,11.900000000000643,-2.009182502805729,0.12267356757727658,1.1977958841443452,0.9999511313003387,0.006976253673361204,-0.0070046137762809,4.7767169680482405e-05
validation-1,5,2005205,120,12.000000000000677,-1.9737863727124498,0.06604775518608873,1.1972976271976843,0.9998502428088504,0.0035714601718386287,-0.01693325562049883,3.848915989081721e-05
validation-1,6,2005206,0,0.0,-1.6,0.010047633837528519,1.2,1.0,0.0,0.0,0.0
validation-1,6,2005206,1,0.10000000000000007,-1.5996350558221966,0.00975078977877585,1.200078304262388,0.9997561660720816,0.013927654679233223,0.017110318631484194,0.0009305011112913937
validation-1,6,2005206,2,0.20000000000000015,-1.5959117527661117,0.006662402805334761,1.2006438957746906,0.9988321028046465,0.03224987797539725,0.03591218773749371,0.002165767607029638
validation-1,6,2005206,3,0.3000000000000002,-1.585188857373718,-0.002655779232340814,1.2016770754664845,0.9979572170554574,0.04308295325102064,0.04708332377049224,0.0029004635526087303
validation-1,6,2005206,4,0.4000000000000003,-1.5652649940605248,-0.020303499588976943,1.202668994577174,0.997628740102995,0.04541128596191455,0.051630090318450575,0.003007623896667817
validation-1,6,2005206,5,0.5000000000000003,-1.5352930511175604,-0.04675978642387226,1.2030972055278244,0.9978817073247468,0.042471255285225905,0.04920938888922557,0.002593589461416757
validation-1,6,2005206,6,0.6000000000000004,-1.4957549121891263,-0.08146977372968392,1.2027504445668966,0.9984665359546064,0.03693735951782091,0.0411881409231823,0.0019352255558028415
validation-1,6,2005206,7,0.7000000000000005,-1.4481366239721707,-0.1233661871365689,1.2017957844369922,0.9990361138150124,0.02954779024622876,0.03243520206739389,0.0013149341461454775
validation-1,6,2005206,8,0.8000000000000006,-1.394153131839478,-0.17103853781902514,1.2005218321342868,0.9994869430960897,0.021472391981007102,0.023751161739291846,0.000818094787937879
validation-1,6,2005206,9,0.9000000000000007,-1.3354915569808987,-0.22293906060284152,1.1991919919230722,0.9997771987989278,0.014220336149004155,0.015592132291991577,0.0004692676927133821
validation-1,6,2005206,10,1.0000000000000007,-1.2737786895473933,-0.27764784682565685,1.1979979382346055,0.9999439712685909,0.007936652413460504,0.006999768825187569,0.0002590530043691338
validation-1,6,2005206,11,1.1000000000000008,-1.2106656530699427,-0.33392477911075436,1.1970627581728222,0.9999973782272845,0.0022331874119755676,-0.0004792475922627076,0.0001635062223244624
validation-1,6,2005206,12,1.2000000000000008,-1.1476223938132786,-0.39065867565300555,1.1964516581923397,0.999977247411335,-0.0024402592910477837,-0.006287304709927674,0.00013997759042583182
validation-1,6,2005206,13,1.300000000000001,-1.0858298098166035,-0.44694306274985335,1.1961690918207635,0.999909919161533,-0.005349308975058093,-0.012309082454506175,0.00015793984115394628
validation-1,6,2005206,14,1.400000000000001,-1.0265021788168522,-0.5021449601850716,1.1962229201153334,0.9997544612794066,-0.00925633244457802,-0.020131037095022494,0.00028072598185719733
validation-1,6,2005206,15,1.500000000000001,-0.9710792103748591,-0.5554917689007806,1.1965683808314014,0.999573688056108,-0.014907429312658819,-0.025099937725806515,0.00045146800262842624
validation-1,6,2005206,16,1.6000000000000012,-0.9204861767632787,-0.6058929365380018,1.1970500181202086,0.9994874532896664,-0.02122771417841785,-0.023956998234690715,0.0005264056223584448
validation-1,6,2005206,17,1.7000000000000013,-0.8744733490090083,-0.6521091538457843,1.197525865790995,0.9994814035420321,-0.02807061878639458,-0.015774618585547292,0.0003546027041876374
validation-1,6,2005206,18,1.8000000000000014,-0.831498335145961,-0.6928355876359757,1.1979807792655546,0.9994309351123366,-0.0335171791382769,-0.0037953217983902826,-1.324908441933499e-05
validation-1,6,2005206,19,1.9000000000000015,-0.7892757719362968,-0.7270262685772713,1.1984518776972042,0.999327174426678,-0.03583072519767181,0.007823204742858992,-0.0003937661128076479
validation-1,6,2005206,20,2.0000000000000013,-0.7455335476731877,-0.7542240245025639,1.1989289346869862,0.9992267519099458,-0.035018938868174004,0.01786351172504226,-0.0006834741370939729
validation-1,6,2005206,21,2.0999999999999903,-0.6983335394642476,-0.7746178027666563,1.199312096618741,0.9992392147493281,-0.030184561834468937,0.0246841607255643,-0.0007590410273450801
validation-1,6,2005206,22,2.1999999999999793,-0.646373308192242,-0.789144440547859,1.1994746122011828,0.9993992850025484,-0.0222763603664621,0.02654158763619593,-0.0006140284740082133
validation-1,6,2005206,23,2.2999999999999683,-0.5892365407946957,-0.7992851156726283,1.1994559252998924,0.9995512656564236,-0.015049791461515949,0.02589595132487552,-0.00041328753522314274
validation-1,6,2005206,24,2.3999999999999573,-0.527070541713046,-0.8064732352337961,1.1993102513591447,0.9997123861541783,-0.008319672914361248,0.022491625615753727,-0.00023407195244197086
validation-1,6,2005206,25,2.4999999999999463,-0.46049636926255255,-0.8119909176988336,1.199099688802449,0.9998263923429418,-0.0035255955922699114,0.018296010742354128,-0.00010649476163242251
validation-1,6,2005206,26,2.5999999999999353,-0.39032577410558794,-0.8167836933799942,1.1989045253579724,0.9998959478827947,-0.0008216853900580164,0.014401976697125823,-3.6164950946357664e-05
validation-1,6,2005206,27,2.6999999999999242,-0.31732443030712487,-0.821416942954859,1.1987526569579512,0.9999413632963212,0.0016723245553299973,0.010699219152273409,-3.0344275414745413e-06
validation-1,6,2005206,28,2.7999999999999132,-0.24220595388154106,-0.8263638917491375,1.1986633611592277,0.9999633080896604,0.003460268729605772,0.007836380462923974,1.2487652174935486e-05
validation-1,6,2005206,29,2.899999999999902,-0.16554228581725977,-0.8319612768875461,1.1986373517310893,0.9999783810500291,0.0036421981571120904,0.005474629529450437,1.6020654289152726e-05
validation-1,6,2005206,30,2.999999999999891,-0.08780771473509937,-0.8382508855244024,1.1986623385475248,0.9999924172620261,0.0024912977436045425,0.0029931054438565013,1.3183481365992179e-05
validation-1,6,2005206,31,3.09999999999988,-0.009516723927682628,-0.8450316949373927,1.198729864151088,0.9999987057562657,0.0013116674960270015,-0.0009316255542322345,9.380815302434528e-06
validation-1,6,2005206,32,3.199999999999869,0.06860095653891493,-0.8520706139113495,1.1988397622122757,0.9999895551014134,0.00025867629032308285,-0.004563186595542587,1.0136476953627027e-05
validation-1,6,2005206,33,3.299999999999858,0.14583500263916632,-0.8592556138499767,1.1989896563182452,0.9999664669736217,0.0037049185280608366,-0.007303269235618531,-2.7667048792900585e-05
validation-1,6,2005206,34,3.399999999999847,0.22158572596877804,-0.8671558873346753,1.1991945916701945,0.9998988140220157,0.0073761438632457665,-0.012163146694384164,-0.00010991617216992112
validation-1,6,2005206,35,3.499999999999836,0.29489151012529324,-0.8763764492641832,1.1994612390129096,0.9997914690483835,0.0044772109235005466,-0.019924057271562864,-7.030121185604077e-05
validation-1,6,2005206,36,3.599999999999825,0.36423679602165904,-0.8863989699707705,1.1998437072144457,0.999552170168926,-0.003132430693324035,-0.029759165264367633,0.0001976646418582818
validation-1,6,2005206,37,3.699999999999814,0.4278585868647289,-0.8957409563428174,1.2002892865241577,0.9993419116796474,-0.014016096327528012,-0.033451655670096184,0.0005285235424955418
validation-1,6,2005206,38,3.799999999999803,0.4850387177905481,-0.9023420793388429,1.2006353793533995,0.9992640483861321,-0.024597063016125225,-0.029425790066362652,0.0006848159672635061
validation-1,6,2005206,39,3.899999999999792,0.53649322930761,-0.9041489261130687,1.2008560501310201,0.9992191638311962,-0.032921478627866554,-0.02183691615703015,0.0006228725320987986
validation-1,6,2005206,40,3.999999999999781,0.5836638582032755,-0.8995408622564369,1.2009803891606725,0.9991795967472482,-0.038148844416573305,-0.013587334778035844,0.0004283075011474687
validation-1,6,2005206,41,4.0999999999997705,0.6281525484181107,-0.8874912339223957,1.201004271988663,0.9991791626825481,-0.04007151476923539,-0.005936296083735064,0.00018695963578438927
validation-1,6,2005206,42,4.1999999999997595,0.6714301223118655,-0.8676069588405291,1.2009246100577706,0.9992194225790326,-0.0394988350515571,-0.0006224758342222759,9.70727450816364e-06
validation-1,6,2005206,43,4.2999999999997485,0.7145608978145797,-0.8400060313901266,1.2007190333040556,0.9993288547301562,-0.036509142582818385,0.0029854140881942813,-9.957059738293687e-05
validation-1,6,2005206,44,4.3999999999997375,0.758276694162364,-0.8052757751646272,1.200371399949362,0.9994907284821563,-0.03129091932537346,0.006255726004242008,-0.0001671470639673678
validation-1,6,2005206,45,4.499999999999726,0.8031983426836802,-0.7644344770719156,1.1999078876896694,0.999668676303284,-0.02435674605118127,0.008322085383200277,-0.00017156547195220888
validation-1,6,2005206,46,4.599999999999715,0.8497334555249719,-0.718789965999882,1.1994181919117681,0.9997920124748731,-0.018283427435456957,0.009034835118278645,-0.00014080852802381708
validation-1,6,2005206,47,4.699999999999704,0.8980408951362668,-0.6695472830317845,1.1989800328582894,0.9998727491293932,-0.012895154411069533,0.009390943554053378,-0.0001035389295245068
validation-1,6,2005206,48,4.799999999999693,0.9481827984019275,-0.6177680992391043,1.1986234430418543,0.9999276205155011,-0.007760297553922725,0.009193890916004564,-6.230496764718133e-05
validation-1,6,2005206,49,4.899999999999682,1.0001174114044216,-0.5644666671044659,1.1983641287166436,0.9999627028221463,-0.002685213489884868,0.008208654526218639,-2.4166335331785054e-05
validation-1,6,2005206,50,4.999999999999671,1.053645993916174,-0.5106262038820281,1.1982089405471268,0.999979063108655,0.001726792519892382,0.006236307477853201,-9.863163784112289e-07
validation-1,6,2005206,51,5.09999999999966,1.1083954751850291,-0.45711525312144213,1.1981591840725752,0.999977586251797,0.005407750069289398,0.0039475574651233305,4.824586739217546e-06
validation-1,6,2005206,52,5.199999999999649,1.163935869187051,-0.4046827653929338,1.1982162651305022,0.9999505728598177,0.009638066553076996,0.0024412016674357014,6.697697690518548e-06
validation-1,6,2005206,53,5.299999999999638,1.219913630553739,-0.354126774805445,1.1983639634139502,0.9999142120566346,0.013070048440661921,-0.0008609291624449926,-3.4086574298511665e-05
validation-1,6,2005206,54,5.399999999999627,1.275671265548566,-0.306132983749697,1.198590120812404,0.9998503246980235,0.015867830132055703,-0.0068933850099940144,-0.00014632586838782022
validation-1,6,2005206,55,5.499999999999616,1.3300170110417926,-0.2612690676859665,1.1989310832111744,0.999695433986118,0.019036729863280227,-0.01570066041628137,-0.00036255470359787404
validation-1,6,2005206,56,5.599999999999605,1.3812049916853388,-0.22015169962823547,1.1994699952462387,0.9993711465347986,0.022163795298330864,-0.027669072347367124,-0.0007071683898255954
validation-1,7,2005207,0,0.0,-1.6,0.01311405826626022,1.2,1.0,0.0,0.0,0.0
validation-1,7,2005207,1,0.10000000000000007,-1.5996346457283472,0.01281771908521405,1.200078304264358,0.9997561665659133,0.01390398002050964,0.017129562731930194,0.0009299643184942436
validation-1,7,2005207,2,0.20000000000000015,-1.5959071603507102,0.009734976100159208,1.2006434443841982,0.9988329210928895,0.032177981895534426,0.0359540195266845,0.0021637241163307815
validation-1,7,2005207,3,0.3000000000000002,-1.5851721108094408,0.00043596877095514305,1.2016758975999617,0.9979585590318406,0.04299564338120521,0.0471348326402297,0.0028976986224975463
validation-1,7,2005207,4,0.4000000000000003,-1.5652255700140607,-0.01717504944004125,1.2026677208541185,0.997629660266124,0.04530246244038376,0.051707995607664946,0.0030051696080401424
validation-1,7,2005207,5,0.5000000000000003,-1.5352166811740522,-0.043573145052666636,1.2030948715443581,0.9978839693309401,0.04233771745751229,0.0492787263711916,0.0025900888108853133
validation-1,7,2005207,6,0.6000000000000004,-1.4956284970881049,-0.07819961982623422,1.2027466850473563,0.9984690929995258,0.03682606742219802,0.041225970682275466,0.0019314306157127115
validation-1,7,2005207,7,0.7000000000000005,-1.447952574000459,-0.11999030320377875,1.2017913394379776,0.9990384929719228,0.029446763843433515,0.032453915047409305,0.001311890861905858
validation-1,7,2005207,8,0.8000000000000006,-1.3939074682164023,-0.1675368295099816,1.200517302711956,0.9994888514222929,0.02136174046338476,0.023770700363336412,0.0008159234997599727
validation-1,7,2005207,9,0.9000000000000007,-1.335180244334306,-0.2192906270812742,1.1991887538166615,0.9997778799447147,0.01413734722694428,0.015623934876784373,0.00046780936599380765
validation-1,7,2005207,10,1.0000000000000007,-1.2733972210173865,-0.2738360945649534,1.197995903636841,0.9999447078692794,0.007875896535900404,0.006963095847539393,0.0002583683313613238
validation-1,7,2005207,11,1.1000000000000008,-1.2102171934430541,-0.32993764960298455,1.1970622325138152,0.9999975174028636,0.0021844429472610664,-0.00040859162058665827,0.00016263458516205023
validation-1,7,2005207,12,1.2000000000000008,-1.1470928745015496,-0.38648691762415377,1.1964523011844521,0.9999785917783532,-0.0024604864723186074,-0.006061602677670978,0.00013771085246995463
validation-1,7,2005207,13,1.300000000000001,-1.0851730018003363,-0.44258160511683997,1.1961683153967122,0.9999150793765993,-0.005390043389202185,-0.011864133595018717,0.00015427763871605344
validation-1,7,2005207,14,1.400000000000001,-1.0256347310846707,-0.49758613012482744,1.1962181486655175,0.9997632837969027,-0.009312808225937396,-0.0196614103697755,0.0002773388763440023
validation-1,7,2005207,15,1.500000000000001,-0.9698990774148316,-0.5507238506434274,1.196552553590409,0.9995936821075104,-0.01500763168086209,-0.024229134173624683,0.00043673708149274894
validation-1,7,2005207,16,1.6000000000000012,-0.9188429866875046,-0.60090498709272,1.1970299133588858,0.9995021678432059,-0.020956106628307488,-0.023579375685329505,0.0005206860912231864
validation-1,7,2005207,17,1.7000000000000013,-0.8722898052175185,-0.6469454973235514,1.1975165451747352,0.9994876339474171,-0.027751857157887257,-0.015942854649988663,0.0003597166817300804
validation-1,7,2005207,18,1.8000000000000014,-0.8288036945175046,-0.6875557797167439,1.1979858630942792,0.9994330377727269,-0.03340524634006091,-0.004206248236874689,-1.0525931424420826e-06
validation-1,7,2005207,19,1.9000000000000015,-0.7861465404726015,-0.7216519306974267,1.1984706486706718,0.9993265669398791,-0.035939290997571115,0.0073914041866035484,-0.0003835555961265719
validation-1,7,2005207,20,2.0000000000000013,-0.7420539935579533,-0.7487378950989918,1.198956053569174,0.9992280455329441,-0.035169633595515774,0.01749150050762773,-0.0006762419400923396
validation-1,7,2005207,21,2.0999999999999903,-0.694580886027801,-0.7689887125138501,1.199341229801068,0.999243989387998,-0.030429174751838893,0.024185700576403093,-0.0007529166679331238
validation-1,7,2005207,22,2.1999999999999793,-0.642436236297961,-0.783320896585643,1.1995127722171344,0.9993941641551877,-0.02278597824680087,0.026300595948527104,-0.0006184663631157111
validation-1,7,2005207,23,2.2999999999999683,-0.5851639546488172,-0.7931725243874689,1.1995054802453904,0.9995428683082358,-0.015569035115595308,0.025912936741312044,-0.0004234018839095711
validation-1,7,2005207,24,2.3999999999999573,-0.5228631460351075,-0.7999696561824944,1.199362600255758,0.9997073395046523,-0.00879826581712432,0.0225336783013901,-0.00024331327430383398
validation-1,7,2005207,25,2.4999999999999463,-0.45614867083183236,-0.805009326164495,1.1991458781634565,0.9998272155587589,-0.003666601026092244,0.018223129502776377,-0.00011232123149765501
validation-1,7,2005207,26,2.5999999999999353,-0.38585093976854556,-0.8092922647341212,1.198941010080874,0.9998980125259816,-0.0007612705758191281,0.01426126054629503,-3.822736005627637e-05
validation-1,7,2005207,27,2.6999999999999242,-0.3127496421617861,-0.8134297047807323,1.198780342450778,0.9999426044340759,0.001967012601619445,0.010531794107331956,-3.4501591413341112e-06
validation-1,7,2005207,28,2.7999999999999132,-0.23756343164135899,-0.8179333776000761,1.198683634119662,0.9999634618836047,0.0037678982668781923,0.007673178949977792,1.285335930786966e-05
validation-1,7,2005207,29,2.899999999999902,-0.1608621583730761,-0.8231486419060042,1.1986517485906973,0.9999776250591923,0.00393201326433374,0.005411873741179027,1.659146191212045e-05
validation-1,7,2005207,30,2.999999999999891,-0.08310407787952795,-0.8291123616005432,1.19867163322105,0.9999918196661651,0.002756168998316804,0.0029603963706885637,1.3657774325792423e-05
validation-1,7,2005207,31,3.09999999999988,-0.004795150398294406,-0.8356183819662721,1.198734364056762,0.999998461842357,0.001494754956928776,-0.0009175659946040606,9.653144011025385e-06
validation-1,7,2005207,32,3.199999999999869,0.07334177977176723,-0.8424136821082425,1.1988399490231079,0.9999896066564213,0.00013271405302465428,-0.004557281240893502,1.2401840928666205e-05
validation-1,7,2005207,33,3.299999999999858,0.15059477760292997,-0.8493474579057848,1.1989868908304957,0.9999645204007771,0.004040231210954448,-0.007391448190917852,-3.1065216537019775e-05
validation-1,7,2005207,34,3.399999999999847,0.2263124147356499,-0.8570389756570924,1.199201134186291,0.9998762500038708,0.007230921476431705,-0.0139708499862276,-0.00011748813244545015
validation-1,7,2005207,35,3.499999999999836,0.29927101954801877,-0.8660325387305374,1.1994853143799695,0.9997545858931906,0.004063525376487689,-0.021777271243286527,-7.876704204381912e-05
validation-1,7,2005207,36,3.599999999999825,0.36795121509234574,-0.8757561478743794,1.1998450441929753,0.9995730864821065,-0.0031726094022702564,-0.02904405343681993,0.0001492989406248034
validation-1,7,2005207,37,3.699999999999814,0.431022804926122,-0.8847892661233775,1.200232308646958,0.9994162538635042,-0.013740288406925724,-0.03127554646648761,0.00044292341955087935
validation-1,7,2005207,38,3.799999999999803,0.4880528274477294,-0.891118386384129,1.2005559478730496,0.9993153060286442,-0.02479775345647065,-0.027452169171345214,0.000607427507414712
validation-1,7,2005207,39,3.899999999999792,0.5397348064364446,-0.8926175390250052,1.2008037374132734,0.9992276812537029,-0.03344403885306371,-0.02062042420989296,0.0005791260214051017
validation-1,7,2005207,40,3.999999999999781,0.5873751856043469,-0.8875998413974774,1.2009762420863699,0.9991638287714858,-0.03877276847613336,-0.012967235113694568,0.0004080599330495392
validation-1,7,2005207,41,4.0999999999997705,0.6324527505954608,-0.8750230371925511,1.2010455994572002,0.999159568300745,-0.04055116047449439,-0.005976906322514165,0.00019247870451802744
validation-1,7,2005207,42,4.1999999999997595,0.6763139112403468,-0.854523306256037,1.2009884716720332,0.9992160576806141,-0.03956987540283335,-0.0012221626445895403,3.677345452771372e-05
validation-1,7,2005207,43,4.2999999999997485,0.7199154418608638,-0.8262963770125282,1.2007793835523481,0.999346323877363,-0.03608892194077288,0.00212383276424593,-6.324827349743873e-05
validation-1,7,2005207,44,4.3999999999997375,0.763922335099605,-0.7910265748539705,1.200406831216021,0.999529930824698,-0.03029417217307882,0.004708216133179627,-0.00011497289321318634
validation-1,7,2005207,45,4.499999999999726,0.8088419541714075,-0.7498254037454101,1.1999254828467194,0.9997013642360196,-0.023549990845499913,0.006524198741966505,-0.0001229088870439006
validation-1,7,2005207,46,4.599999999999715,0.8550311755769634,-0.7039748637801195,1.199439428223471,0.9998091024264402,-0.018008622403764597,0.007578668420409056,-0.00010958708124862234
validation-1,7,2005207,47,4.699999999999704,0.9027060553198887,-0.6545818539332089,1.199013286092841,0.9998805994003271,-0.013035600096544753,0.008297738588080892,-8.721978032612168e-05
validation-1,7,2005207,48,4.799999999999693,0.9520109198336829,-0.6026321971765063,1.1986708487746207,0.999928708994499,-0.007934084740974283,0.008923240448881245,-5.48434903474239e-05
validation-1,7,2005207,49,4.899999999999682,1.0030547153506562,-0.5491242364309284,1.198426788508743,0.9999569323705733,-0.00291061998547181,0.008812569143885188,-1.7900178929592925e-05
validation-1,7,2005207,50,4.999999999999671,1.0558029689754798,-0.4950302183515289,1.1982826762510959,0.9999727789075041,0.0012856862374535092,0.007265563315804665,6.678927889895957e-06
validation-1,7,2005207,51,5.09999999999966,1.1099635813764193,-0.44118296934387163,1.1982343745254462,0.9999762505620278,0.004929971208527509,0.00481597017061885,1.127426523765238e-05
validation-1,7,2005207,52,5.199999999999649,1.1650796421956728,-0.38832801674421863,1.1982861539317462,0.9999506708148135,0.009534346166099212,0.0027842653470104683,6.831458472105852e-06
validation-1,7,2005207,53,5.299999999999638,1.2206968333355905,-0.33733320593935445,1.1984294716434651,0.9999070406764043,0.013579006415004138,-0.0012321489091679067,-4.898575598921306e-05
validation-1,7,2005207,54,5.399999999999627,1.2760116601855656,-0.289002998205242,1.198663491532842,0.9998186999534573,0.017082026731972372,-0.008410237191529661,-0.0001987372356476675
validation-1,7,2005207,55,5.499999999999616,1.3296113095662232,-0.2440418533609347,1.19904376738304,0.9996084885786921,0.020904295591327993,-0.01859168182920367,-0.0004789091941721881
validation-1,7,2005207,56,5.599999999999605,1.3794727702960277,-0.20318962903394788,1.199677971309583,0.9991851286354206,0.02426652823261776,-0.03223965390956488,-0.0009050067104339832
audit,0,2006208,0,0.0,-1.6,-0.09111753848661638,1.2,1.0,0.0,0.0,0.0
audit,0,2006208,1,0.10000000000000007,-1.5996192559448537,-0.09139382620639135,1.2000783043595422,0.9997561904382136,0.012963673811013224,0.017851786621819108,0.0009036349936271812
audit,0,2006208,2,0.20000000000000015,-1.5956842011869417,-0.09423775236777927,1.2006639558872079,0.9987971235777363,0.02856784138144963,0.03979448230857697,0.0021409225670838508
audit,0,2006208,3,0.3000000000000002,-1.5840174604433854,-0.10256793989594638,1.20169570478926,0.997949207786281,0.03593297548523233,0.052901384506789,0.0027646824009943498
audit,0,2006208,4,0.4000000000000003,-1.562041983768153,-0.11786265778649091,1.2026480447044847,0.9976552889141265,0.037221492814004144,0.05736581625036311,0.0027655198963601273
audit,0,2006208,5,0.5000000000000003,-1.5288963906405688,-0.14038928344559648,1.2030703433600636,0.9978835504652782,0.03526922344011389,0.054578869657191685,0.0023766732387924777
audit,0,2006208,6,0.6000000000000004,-1.485120592754829,-0.16977370029334168,1.202774893390895,0.9984115218040054,0.03142579914842429,0.046728548418413375,0.0018152243938060054
audit,0,2006208,7,0.7000000000000005,-1.4322102881879912,-0.2052674535570198,1.201867288937991,0.9989854827226887,0.025891715300824972,0.036824500266083894,0.0012572065268097907
audit,0,2006208,8,0.8000000000000006,-1.3720848416379576,-0.24582912522404637,1.2006070004042495,0.9994506787065651,0.02014520470050788,0.02630373862892363,0.0007905028164999639
audit,0,2006208,9,0.9000000000000007,-1.3067754892859078,-0.29034376956696095,1.199271891899108,0.9997552859602845,0.014596696128463291,0.01661606043304985,0.0004595566203892566
audit,0,2006208,10,1.0000000000000007,-1.2381805334154066,-0.33771505198470425,1.1980621712823256,0.9999298166742587,0.008599314753852874,0.008145331912072892,0.0002589972758353296
audit,0,2006208,11,1.1000000000000008,-1.1679402596365591,-0.38678196909367224,1.19710881746033,0.9999939532405132,0.002835677597900946,0.0020070657655720868,0.0001552481364266543
audit,0,2006208,12,1.2000000000000008,-1.0972891531759745,-0.4364459765200098,1.1964704433292261,0.9999956146323855,-0.000856067415546114,-0.0028331458605881125,0.00010558934491599393
audit,0,2006208,13,1.300000000000001,-1.0272147858637177,-0.4859470205048713,1.1961445101372061,0.9999578789714094,-0.003808487455093581,-0.008350068687748678,0.0001098144558167234
audit,0,2006208,14,1.400000000000001,-0.9587765296527576,-0.5346517974251328,1.1961164763614056,0.9998695805076652,-0.008889090526914311,-0.01348217677487029,0.00019223538266938234
audit,0,2006208,15,1.500000000000001,-0.8929041913789194,-0.5815851157860515,1.1963262036105637,0.9997831461380943,-0.015274173533410134,-0.014152669694939975,0.0002495227301758967
audit,0,2006208,16,1.6000000000000012,-0.829720823315209,-0.625456321287919,1.1967198977691367,0.9996630083010356,-0.024186971525271363,-0.009425275472799073,0.00015628570596234307
audit,0,2006208,17,1.7000000000000013,-0.7683601491657537,-0.6646129150662109,1.1972671247468043,0.9995100448932224,-0.031191865896834727,-0.002595530616493393,-2.966886107827816e-05
audit,0,2006208,18,1.8000000000000014,-0.7075099841218618,-0.6976881034973668,1.1978918933543206,0.9993874006925179,-0.034752809234542305,0.004124221632040133,-0.00023745165788140272
audit,0,2006208,19,1.9000000000000015,-0.645857204071099,-0.7239683632616677,1.1985281910450962,0.9993033796337744,-0.0359214189043726,0.0101106057959555,-0.00042751239912324786
audit,0,2006208,20,2.0000000000000013,-0.5822784088419207,-0.7432505671256984,1.1990560583512875,0.9993408410476133,-0.03395629741886637,0.012830576394361862,-0.0004791547132804563
audit,0,2006208,21,2.0999999999999903,-0.5162154328061128,-0.7559104024790917,1.1993817717133874,0.9994761733073702,-0.02958734147385117,0.013106804212722077,-0.0004241446630570296
audit,0,2006208,22,2.1999999999999793,-0.4476132684232128,-0.7628051182414058,1.1994894104538747,0.9996619269849476,-0.02329069412825157,0.01155314650917975,-0.00031640085663122564
audit,0,2006208,23,2.2999999999999683,-0.3767539739940005,-0.7651371897307547,1.1994345533090713,0.999818887508414,-0.016627145070018414,0.009256765434824319,-0.00020620849400548093
audit,0,2006208,24,2.3999999999999573,-0.3040786469424772,-0.7641975314045732,1.1993105381541376,0.9999195863986792,-0.010615592465786423,0.006936508950933578,-0.00012155849858773802
audit,0,2006208,25,2.4999999999999463,-0.23001287014463628,-0.7610968976201834,1.1992093388632952,0.9999462400360425,-0.008462253127822568,0.0059917697265313855,-7.7494043003516e-05
audit,0,2006208,26,2.5999999999999353,-0.15476979059075605,-0.7562936348733074,1.1991684798300144,0.9999453095014734,-0.008986391201642544,0.005349716580508948,-5.754720720316852e-05
audit,0,2006208,27,2.6999999999999242,-0.07849266485848568,-0.749737219081744,1.1991689378422365,0.9999510647131821,-0.009110797332786321,0.003854866707838173,-3.941571701385965e-05
audit,0,2006208,28,2.7999999999999132,-0.0014772228992708796,-0.7414414080785043,1.1991815398543901,0.9999764006877399,-0.006728418915442205,0.0013877521887407502,-2.4297196537980895e-05
audit,0,2006208,29,2.899999999999902,0.07580002581384068,-0.7318298912567771,1.1992051261831742,0.9999916667477073,-0.0037379742376201157,-0.0016412537070937896,-1.6431972065901546e-05
audit,0,2006208,30,2.999999999999891,0.15274506178661612,-0.7215624192512077,1.1992502485280168,0.999983220876549,0.0027480374971055837,-0.0050992778621540375,-6.0171117476775355e-05
audit,0,2006208,31,3.09999999999988,0.22868506963556592,-0.711768010736756,1.1993374794390923,0.9999401111652344,0.006664341087943897,-0.008680388505539123,-0.00010721993572442097
audit,0,2006208,32,3.199999999999869,0.3028408511644372,-0.70318185979515,1.1994818958849953,0.999862738141977,0.004834294232091993,-0.015847020501182037,-8.009831554883233e-05
audit,0,2006208,33,3.299999999999858,0.3739425192624958,-0.695501464167549,1.1996682195051918,0.9997848244080877,0.0002758751496889902,-0.020741953539978864,1.1812547107841251e-05
audit,0,2006208,34,3.399999999999847,0.4410678864163179,-0.6878293332642105,1.1998181494199622,0.9997761710861978,-0.006511036355108826,-0.020129635230491202,0.00010917550520317027
audit,0,2006208,35,3.499999999999836,0.5043558860928308,-0.678807276765271,1.1999021510209993,0.999767680879795,-0.016844054567706237,-0.01344833201159192,6.678371080292593e-05
audit,0,2006208,36,3.599999999999825,0.5650021064747444,-0.6664945855943349,1.2000182750971007,0.9996310049293335,-0.026483484216925073,-0.006039641613480011,-4.215310703388094e-05
audit,0,2006208,37,3.699999999999814,0.6244219180714546,-0.6490479972628456,1.2002004033270828,0.9994893038203706,-0.031940616705906935,-0.000955988117642517,-0.00012099519365484238
audit,0,2006208,38,3.799999999999803,0.6836273941548484,-0.6254083554957907,1.200347826163384,0.9994646058308209,-0.03263103376970266,0.002385395291077374,-0.000164972324110017
audit,0,2006208,39,3.899999999999792,0.7432788695516913,-0.5954214019388178,1.2003698217959062,0.9995460881589291,-0.029811850519398695,0.004340689647255256,-0.0001721283738909182
audit,0,2006208,40,3.999999999999781,0.8037661239023055,-0.5596218285470929,1.2002461065071297,0.9996773902734208,-0.0248514001006563,0.005244103014002037,-0.00015057469407651103
audit,0,2006208,41,4.0999999999997705,0.8652397643369929,-0.5189518794927465,1.2000143326321802,0.9998032062391072,-0.01944134794646989,0.003946260570855174,-9.905317894515421e-05
audit,0,2006208,42,4.1999999999997595,0.9274780599205801,-0.47448224775952375,1.1997260684286952,0.9999083167731254,-0.013419462318873254,0.001809149372242961,-5.529518516475463e-05
audit,0,2006208,43,4.2999999999997485,0.990067289070855,-0.42737281924089193,1.1994400891479384,0.9999706249121255,-0.007651267232177267,-0.00045432698790510073,-3.1773956152391064e-05
audit,0,2006208,44,4.3999999999997375,1.0525664597551019,-0.37875802466679936,1.1992068895093246,0.9999936739710557,-0.002281059124712699,-0.002729080681683799,-3.0096071913688882e-05
audit,0,2006208,45,4.499999999999726,1.1145542790576977,-0.32970657285723676,1.1990514860789894,0.9999869805302161,0.003454701653298957,-0.0037553005070684827,-3.9046758107298846e-05
audit,0,2006208,46,4.599999999999715,1.1757702023936902,-0.2812968051527573,1.1989887449507148,0.9999542836837443,0.0073626323984099,-0.006100598804062219,-6.986362635387448e-05
audit,0,2006208,47,4.699999999999704,1.235770585261154,-0.23431289058910473,1.1990178345674904,0.9999068352291689,0.009759918434191243,-0.009542047992747294,-0.000119055663720309
audit,0,2006208,48,4.799999999999693,1.2938698504860222,-0.1892328840649752,1.199135581203241,0.9998363897041793,0.011322549986699708,-0.01410528415461252,-0.0001861290631602485
audit,0,2006208,49,4.899999999999682,1.349200060090617,-0.14634869520926028,1.1993226334114493,0.9997629551263637,0.01135437789600874,-0.018575728677635083,-0.00023230086167272057
audit,0,2006208,50,4.999999999999671,1.4008870428226567,-0.10566526344942219,1.1995446057515362,0.99970112001014,0.009734071674961264,-0.022424654956218714,-0.00023097444329553738
audit,0,2006208,51,5.09999999999966,1.4481711907443038,-0.0668826207485255,1.1997853478976341,0.9996375121188505,0.007423404693415183,-0.025878556579204834,-0.00019426005430744466
audit,1,2006209,0,0.0,-1.6,-0.10225611909220599,1.2,1.0,0.0,0.0,0.0
audit,1,2006209,1,0.10000000000000007,-1.599621072841574,-0.10253489338767408,1.2000783043460699,0.9997561870594721,0.013080286682460411,0.01776651759665189,0.0009074079007696658
audit,1,2006209,2,0.20000000000000015,-1.595704540554386,-0.10540545577767968,1.2006647799067922,0.9987956324590572,0.028870644692413232,0.039612303310358164,0.002153109891457079
audit,1,2006209,3,0.3000000000000002,-1.5840907947989842,-0.11382056931113016,1.2016986306737603,0.9979456263619565,0.036339526435963485,0.05268980338110754,0.0027839294372067613
audit,1,2006209,4,0.4000000000000003,-1.5622085653083295,-0.12927726711004242,1.2026519415853418,0.9976522847683242,0.03756704230879116,0.05719164371345604,0.002784226654685469
audit,1,2006209,5,0.5000000000000003,-1.5291899172803,-0.15203252758655994,1.2030731628395859,0.9978821906355971,0.03547963229933774,0.054466693046901084,0.002389278706860385
audit,1,2006209,6,0.6000000000000004,-1.4855616373354559,-0.18168496453424482,1.2027757799189704,0.9984112647014658,0.031418936292417564,0.046738404443801035,0.0018216776664670984
audit,1,2006209,7,0.7000000000000005,-1.43279955551114,-0.21744928834086316,1.2018658807221938,0.9989861247444087,0.025845741185393817,0.0368393471983295,0.0012580654703257272
audit,1,2006209,8,0.8000000000000006,-1.3728206503571767,-0.25827423890788376,1.2006033560610936,0.9994515973486333,0.02018698678815327,0.026236757600356434,0.0007890958761384226
audit,1,2006209,9,0.9000000000000007,-1.3076707081521297,-0.3030602462370846,1.1992667959568961,0.9997557423697272,0.014719847468995939,0.016479444729908872,0.00045781070420628574
audit,1,2006209,10,1.0000000000000007,-1.2392630331329055,-0.3507270121625145,1.1980560467182333,0.9999301303133619,0.008791910333811496,0.007897502263130633,0.00025741443040841206
audit,1,2006209,11,1.1000000000000008,-1.1692592026731803,-0.40012807310066334,1.1971021683712966,0.9999937765148088,0.003128700375204666,0.0016230657350241012,0.00015434776656182315
audit,1,2006209,12,1.2000000000000008,-1.0989227179302548,-0.4501820494803089,1.1964643939984376,0.9999938263387327,-0.0005481435926798437,-0.0034692285372704317,0.00010619029799893453
audit,1,2006209,13,1.300000000000001,-1.029285168364365,-0.5001307633398185,1.1961418512436377,0.9999518598183079,-0.0036450572438012662,-0.009109265856246787,0.00011348638213390147
audit,1,2006209,14,1.400000000000001,-0.9614442957210731,-0.5493183134940882,1.1961245369757054,0.999851696746141,-0.008748619805899714,-0.014832469213314041,0.00020981513630186465
audit,1,2006209,15,1.500000000000001,-0.8963974612041773,-0.5967516492369684,1.196334800627093,0.9997738085843151,-0.015621048419212757,-0.014431046065914235,0.00024377149102603395
audit,1,2006209,16,1.6000000000000012,-0.8340937203009126,-0.6410575221502839,1.1967172139983073,0.99965360704973,-0.024990772044940254,-0.008253264468844662,0.00010416654799232321
audit,1,2006209,17,1.7000000000000013,-0.7733997803163032,-0.6804978094125502,1.1972625906818313,0.9994872703505798,-0.03200384499660691,-0.000969479915296596,-0.00010208464937971414
audit,1,2006209,18,1.8000000000000014,-0.7129010632731317,-0.7137035154619403,1.1978870954503373,0.9993640168226404,-0.03518075220610399,0.005812124266479883,-0.00030946056583955816
audit,1,2006209,19,1.9000000000000015,-0.6512794447457836,-0.7400521246724977,1.1984899594237233,0.9993236314859799,-0.03499193546032711,0.011297520603060997,-0.00045829536171072854
audit,1,2006209,20,2.0000000000000013,-0.5874845511623694,-0.7595562578355448,1.1989872646781228,0.999359073301147,-0.03291413258749807,0.014066093013433853,-0.0004975078126461874
audit,1,2006209,21,2.0999999999999903,-0.5209831419306507,-0.772671684555868,1.199271051388021,0.99952979035808,-0.027462307261750654,0.013632453914176525,-0.000419603231722639
audit,1,2006209,22,2.1999999999999793,-0.4518349988978828,-0.7804076024839278,1.1993408270093384,0.9997091083596704,-0.021260631998770835,0.011384073913083763,-0.00029504383957389206
audit,1,2006209,23,2.2999999999999683,-0.3804557634398023,-0.783953501516094,1.1993046351066357,0.9998293396462736,-0.01622476965065613,0.00883246798673445,-0.0001895825508743537
audit,1,2006209,24,2.3999999999999573,-0.30734201270474965,-0.7843244556814344,1.1992182757023404,0.9999189149105543,-0.011028495885074315,0.006365767671069409,-0.00011351022592077786
audit,1,2006209,25,2.4999999999999463,-0.2329501916644478,-0.7824775825280171,1.1991451078974553,0.9999514371602066,-0.00832118192794037,0.0052797962390484085,-7.074060744873987e-05
audit,1,2006209,26,2.5999999999999353,-0.15751208268435457,-0.7789423060950142,1.199128149218904,0.999949405231267,-0.008774946892026226,0.00491776658437753,-5.344622328827598e-05
audit,1,2006209,27,2.6999999999999242,-0.08112176156501982,-0.7737073542114642,1.1991495492804483,0.9999565471987736,-0.00845531071136763,0.003925533974661223,-4.022556145367415e-05
audit,1,2006209,28,2.7999999999999132,-0.0039888190934133485,-0.7668491021961905,1.1991796705304927,0.9999804362778277,-0.006072368079524558,0.00150092009186842,-2.5424206763869263e-05
audit,1,2006209,29,2.899999999999902,0.0734269362391289,-0.7587872217443337,1.1992230746502874,0.9999904973646868,-0.004040103992436625,-0.0016378616152229043,-1.2222369898446778e-05
audit,1,2006209,30,2.999999999999891,0.15051331536063858,-0.7500244366330598,1.1992829465722628,0.9999848983682736,0.0020820862242631227,-0.005085786047191279,-5.22745656317111e-05
audit,1,2006209,31,3.09999999999988,0.2265998131245118,-0.74161689036005,1.199378154718341,0.9999429727704529,0.006428912897040135,-0.00852700291962966,-0.00010250444382807682
audit,1,2006209,32,3.199999999999869,0.30093555464341715,-0.7343549384206223,1.1995226329125757,0.9998721855005585,0.00432420959500791,-0.015391870204451031,-6.484847939324819e-05
audit,1,2006209,33,3.299999999999858,0.3723039616660494,-0.7278948805645045,1.1997025196098765,0.9997974752047474,-0.0008501603039150823,-0.020106817125160707,4.1313021231448656e-05
audit,1,2006209,34,3.399999999999847,0.4398206666769621,-0.7212342007400611,1.199850031286868,0.9997833408951216,-0.007644890063744389,-0.019359980082693035,0.0001345202587098324
audit,1,2006209,35,3.499999999999836,0.5036410455745224,-0.7129998122637234,1.1999481863120114,0.999755140066174,-0.01791870366240277,-0.012983546247765584,8.6586114620355e-05
audit,1,2006209,36,3.599999999999825,0.5649127579522955,-0.7012697198999635,1.2000855293868578,0.9996115988096123,-0.02724533744601035,-0.005860241948533492,-2.6020139649145568e-05
audit,1,2006209,37,3.699999999999814,0.6249953131879596,-0.6842571857926031,1.2002761914953703,0.9994782593474827,-0.032285719124741326,-0.0009108526450381043,-0.00010853470980534967
audit,1,2006209,38,3.799999999999803,0.6848687981789647,-0.6609762828490336,1.200426113030293,0.9994548649995173,-0.03294507423099133,0.002138325796682308,-0.000149918300104672
audit,1,2006209,39,3.899999999999792,0.7451442600719593,-0.6312906142447348,1.2004432011423487,0.9995424653603027,-0.029981679819526746,0.003991723283735376,-0.0001579932740487175
audit,1,2006209,40,3.999999999999781,0.806185854202462,-0.5957554850184518,1.2003089029457021,0.999675897926748,-0.0250002627121875,0.004802799425988556,-0.00013815334072904363
audit,1,2006209,41,4.0999999999997705,0.8681314895036062,-0.5553138480693578,1.2000729919270479,0.9997948994788162,-0.019931424835940324,0.003590142876187931,-9.030106620379658e-05
audit,1,2006209,42,4.1999999999997595,0.930777461742064,-0.5109680607578039,1.1997901885892204,0.9998909476839207,-0.01465221719813359,0.0018446617849245924,-4.9938251605590206e-05
audit,1,2006209,43,4.2999999999997485,0.9937839245998554,-0.46374801367964635,1.199507198589391,0.9999567465966575,-0.00929999536306029,0.00011966441768863964,-2.6504738796216223e-05
audit,1,2006209,44,4.3999999999997375,1.0568083900411223,-0.4147053320191029,1.1992649453518323,0.9999905601183805,-0.003935276873254643,-0.0018419577660763345,-2.1485976889257992e-05
audit,1,2006209,45,4.499999999999726,1.119498608138077,-0.36489956791336997,1.1990901600716823,0.9999953622693898,0.0017606366308664005,-0.002484966072096476,-2.3280624823469515e-05
audit,1,2006209,46,4.599999999999715,1.1816666853758884,-0.3154115193331963,1.1990021407849907,0.9999720992981748,0.006024872594664178,-0.004415808225905343,-4.6616873693764914e-05
audit,1,2006209,47,4.699999999999704,1.242949969009179,-0.2670845122585346,1.1990034513290184,0.9999334547529779,0.008773308515188455,-0.007490476190586448,-8.88251707717518e-05
audit,1,2006209,48,4.799999999999693,1.302741496699578,-0.22046958913649498,1.1990891896705282,0.9998771059887098,0.01073385846822415,-0.011425205850193253,-0.00014789627240241397
audit,1,2006209,49,4.899999999999682,1.3602834622873208,-0.1759454647601214,1.199247545150595,0.9998102218396533,0.011687047888972502,-0.015584963826136231,-0.00020522944130748732
audit,1,2006209,50,4.999999999999671,1.4147667513862185,-0.13368911628178307,1.1994506838278771,0.9997502474807469,0.011122812314909055,-0.019382250363906,-0.00023254940107924116
audit,2,2006210,0,0.0,-1.6,0.0837165359928008,1.2,1.0,0.0,0.0,0.0
audit,2,2006210,1,0.10000000000000007,-1.5996466572552661,0.08340597292364231,1.2000783042180765,0.9997561549572254,0.014570937252472884,0.016565931987756126,0.0009425020456144966
audit,2,2006210,2,0.20000000000000015,-1.5959979502415689,0.08018852821955391,1.2006752769297477,0.9987766603754711,0.03303178192617064,0.03672750933407429,0.0022746714310426376
audit,2,2006210,3,0.3000000000000002,-1.5852012006005556,0.07060217278889275,1.20175768107606,0.997868802970104,0.043073622210567035,0.04892154728797824,0.003032711595732837
audit,2,2006210,4,0.4000000000000003,-1.5648594254933708,0.05269082804342231,1.2027508276993293,0.9975747285190979,0.04459212623170978,0.05335468798622883,0.003079053113421454
audit,2,2006210,5,0.5000000000000003,-1.534127717275948,0.02612586072517893,1.2031568667063408,0.9978457787571655,0.041309170846727576,0.05089659134230604,0.0026251114635474724
audit,2,2006210,6,0.6000000000000004,-1.4934899111675102,-0.008481229641562315,1.2028102585651217,0.9984090545872141,0.03620191957833533,0.04318460875694655,0.0019673087248421417
audit,2,2006210,7,0.7000000000000005,-1.4444102199093363,-0.05013813329083426,1.2018420598019772,0.9990000121524193,0.029732287110720824,0.033364410469866955,0.001335266501502224
audit,2,2006210,8,0.8000000000000006,-1.3887717991936708,-0.09759654242498865,1.2005306653098664,0.9994682911668186,0.022149530197763227,0.02391313343604214,0.0008338545243412283
audit,2,2006210,9,0.9000000000000007,-1.3284179309035478,-0.14940663959780107,1.1991607360516683,0.9997705015013557,0.014818753499663006,0.015463385781081793,0.0004822578448040175
audit,2,2006210,10,1.0000000000000007,-1.265018770948128,-0.20414435536771852,1.1979367115453576,0.9999362985919829,0.00845941153607543,0.0074676785876286265,0.00026625390051083613
audit,2,2006210,11,1.1000000000000008,-1.200119998339416,-0.2605576099344881,1.1969837588737398,0.999995161792786,0.002912944450923193,0.0010799803304099285,0.00015744247208017634
audit,2,2006210,12,1.2000000000000008,-1.1349664396362475,-0.3175648689436078,1.1963531313541789,0.9999949301552948,-0.0014275859404664537,-0.0028442638081891854,0.00010874501624716722
audit,2,2006210,13,1.300000000000001,-1.0703377874477664,-0.3743170011672087,1.1960270567635336,0.999980164597583,-0.004232368168390034,-0.004663741367572677,8.359147072719657e-05
audit,2,2006210,14,1.400000000000001,-1.006669926380944,-0.4302471848431303,1.1959692287190407,0.9999472326607649,-0.0062211515374000406,-0.008174350581875194,9.570888842604996e-05
audit,2,2006210,15,1.500000000000001,-0.9446864254460089,-0.4849169512179413,1.196179781458931,0.9998312378756472,-0.009768289187144931,-0.015557262962943089,0.00021877730258816126
audit,2,2006210,16,1.6000000000000012,-0.885669454582483,-0.5376120952665518,1.1966136346900609,0.9996956806341406,-0.016017533874943105,-0.01875818003380208,0.00033972316115195235
audit,2,2006210,17,1.7000000000000013,-0.8302639009107474,-0.5871594441535696,1.1971608902106545,0.999604913278872,-0.022375749487934377,-0.01700588398241333,0.0003782771061320236
audit,2,2006210,18,1.8000000000000014,-0.7780759809330671,-0.6323121924873013,1.1977228633730777,0.9995608109875774,-0.028266092034308958,-0.008898485947336901,0.0001735707600636785
audit,2,2006210,19,1.9000000000000015,-0.7275984509389823,-0.6719495511543407,1.1982737504912393,0.9994831404748475,-0.032091330278379994,0.0018902601870561318,-0.00015919775162386937
audit,2,2006210,20,2.0000000000000013,-0.6767455643371605,-0.7052930137963893,1.198862608008125,0.9993254803401397,-0.034532594086212245,0.012482400489957564,-0.0005234182215091077
audit,2,2006210,21,2.0999999999999903,-0.6234959059611633,-0.731917084327586,1.1994266769980721,0.9992402153219738,-0.03352498655299187,0.01986297666915562,-0.000727679708539637
audit,2,2006210,22,2.1999999999999793,-0.5664399963579443,-0.7519688726930934,1.1998473784735024,0.9992737748367311,-0.03133655162563573,0.02166634263861303,-0.000716276783657378
audit,2,2006210,23,2.2999999999999683,-0.5051701508540082,-0.7659325058300304,1.2000388590340139,0.9994368357528262,-0.026496736243001563,0.020581061751450167,-0.0005951521052462611
audit,2,2006210,24,2.3999999999999573,-0.4399052614303568,-0.7747662449427205,1.199946278975724,0.9996837900089406,-0.018241252324744543,0.017303406287815914,-0.00041089880154144355
audit,2,2006210,25,2.4999999999999463,-0.3712568536838223,-0.7799989922062088,1.1996866337812704,0.9998528464795047,-0.010968918272277988,0.013187474825384269,-0.00024233551009940333
audit,2,2006210,26,2.5999999999999353,-0.30001109183688285,-0.7830823233470422,1.1993939947533798,0.9999457617691427,-0.004141170166939088,0.009555522725909262,-0.00012733818554645128
audit,2,2006210,27,2.6999999999999242,-0.22685655846432756,-0.7852551038391824,1.1991563074664375,0.999969176533321,-0.001976021240181104,0.007598511199928893,-6.285599391658577e-05
audit,2,2006210,28,2.7999999999999132,-0.1521954810239668,-0.7869761212426278,1.1990062521427167,0.9999706843242866,-0.0038552401098046175,0.006615585732854398,-4.051080832078127e-05
audit,2,2006210,29,2.899999999999902,-0.07624815636827673,-0.7879713611608934,1.1989271391552712,0.9999769248781788,-0.004516611403951498,0.005074347888714733,-3.0432074004925058e-05
audit,2,2006210,30,2.999999999999891,0.0006653540558682101,-0.7881196268802718,1.1988942816164518,0.9999938884381196,-0.0028657372452160993,0.0020025330355106018,-2.2313513200429488e-05
audit,2,2006210,31,3.09999999999988,0.07796118398029996,-0.7876994123633813,1.1989062307515392,0.9999976923171987,-0.0012621475467761098,-0.0017384069525538076,-1.6885328807047675e-05
audit,2,2006210,32,3.199999999999869,0.15489846011885783,-0.7871425932929909,1.1989720180414292,0.9999663449770749,0.005384530440423034,-0.006189296974863314,-9.136783567770955e-05
audit,2,2006210,33,3.299999999999858,0.23057450154427067,-0.7875635378505019,1.1991183337140736,0.9998766523862385,0.009160446822792406,-0.012756724048254483,-0.000179494990510145
audit,2,2006210,34,3.399999999999847,0.3037142060716571,-0.7896716755032835,1.19934294643829,0.9997621926772299,0.006405470390768252,-0.020844818188140424,-0.00014695916023686073
audit,2,2006210,35,3.499999999999836,0.372830344580213,-0.7929845002206233,1.1995991496783769,0.9996770742109106,0.00044814204651142097,-0.02540760587518243,-5.43254057052764e-06
audit,2,2006210,36,3.599999999999825,0.4371248347014315,-0.7962914776523322,1.1997432205135035,0.9997228472784221,-0.010032923842272844,-0.02129702830150527,7.519458193233595e-05
audit,2,2006210,37,3.699999999999814,0.49729947894561616,-0.7976026953065083,1.1998178963125827,0.9996686842725344,-0.022185977639002118,-0.013050012581812305,3.5392589282214316e-05
audit,2,2006210,38,3.799999999999803,0.5549170963347853,-0.7945783005949317,1.1999854216616561,0.9994591994983115,-0.03258295970079017,-0.004432027617877853,-0.00012808795879649503
audit,2,2006210,39,3.899999999999792,0.6116250746254139,-0.7852190146456989,1.200255974473794,0.9992501486574282,-0.038657801531472316,0.002151999488066064,-0.00028928716450449043
audit,2,2006210,40,3.999999999999781,0.6687156189537937,-0.7683499328012087,1.2004875115883966,0.9992009255236771,-0.03949294922063774,0.006138656257054365,-0.000366461238795408
audit,2,2006210,41,4.0999999999997705,0.7269763856559275,-0.7438117767637246,1.2005221714818488,0.9993368362284468,-0.03554199163277581,0.007907648431327585,-0.00035168733381436953
audit,2,2006210,42,4.1999999999997595,0.7867469944743585,-0.7123733673913141,1.2002860771100472,0.9995886638799915,-0.027738198157327427,0.007281885659800456,-0.00026371734135490345
audit,2,2006210,43,4.2999999999997485,0.8478958906887755,-0.6754967891229033,1.1998638313782528,0.9998014273495692,-0.019541476273503496,0.0039003803679308778,-0.0001536483000444136
audit,2,2006210,44,4.3999999999997375,0.9097792669084329,-0.6347560228521146,1.1994092340002953,0.9999145388199954,-0.013011120573375713,-0.0012730761362597309,-7.123883359370619e-05
audit,2,2006210,45,4.499999999999726,0.9714414036232183,-0.5914678199133067,1.1990121628923818,0.9999657451114443,-0.006505446294890997,-0.005117191372189591,-4.609423353843525e-05
audit,2,2006210,46,4.599999999999715,1.0321388553924478,-0.5468805870815745,1.198716299019472,0.9999778811011762,-0.0010237827511942299,-0.006571666015681318,-4.881656579451337e-05
audit,2,2006210,47,4.699999999999704,1.0915611811898294,-0.5020399072683476,1.1985378333790078,0.9999749625878066,0.0015826491447960371,-0.00689689190220212,-4.797175122039219e-05
audit,2,2006210,48,4.799999999999693,1.1496609273074667,-0.45747670488035574,1.1984563194828393,0.9999821527499957,0.002094626895300818,-0.005595116395524353,-3.7311866589359085e-05
audit,2,2006210,49,4.899999999999682,1.2067115202449439,-0.41330208605544844,1.198442782474759,0.9999977141949374,0.0013157954934266676,-0.001685108760212251,-2.6373994706634904e-05
audit,2,2006210,50,4.999999999999671,1.2634256989959165,-0.3693647882359836,1.1984920903141028,0.9999973100556172,-0.0005953860416534528,0.002241579920962045,-2.6766575574239174e-05
audit,2,2006210,51,5.09999999999966,1.320548004837327,-0.32531073335108635,1.1986013481042803,0.9999871554926019,-0.002591826118685582,0.004355489505986325,-3.159665142359899e-05
audit,2,2006210,52,5.199999999999649,1.3784925579913532,-0.2807855107279732,1.1987491894795324,0.9999858948074077,-0.0026960143155198403,0.004576123156299377,-2.8105127993124864e-05
audit,3,2006211,0,0.0,-1.6,0.10063684800159214,1.2,1.0,0.0,0.0,0.0
audit,3,2006211,1,0.10000000000000007,-1.599641250823577,0.1003325461818795,1.2000783042360363,0.9997561594622814,0.014277354726659504,0.016819618301055304,0.0009376563578843868
audit,3,2006211,2,0.20000000000000015,-1.5959357621959136,0.0971806222145964,1.200675298692363,0.9987766481876901,0.032339831922750334,0.03733919273674741,0.0022642861877394367
audit,3,2006211,3,0.3000000000000002,-1.5849615859084225,0.08779802268167824,1.2017573322183925,0.997869286681442,0.04195568255533223,0.04987504321772781,0.0030145419578446286
audit,3,2006211,4,0.4000000000000003,-1.5642588637496593,0.07030772479075204,1.2027499051596304,0.9975752496303126,0.04322322007282664,0.054461622407583704,0.0030506157229038054
audit,3,2006211,5,0.5000000000000003,-1.5329528325527457,0.044428512557214694,1.2031558007232075,0.997845866219632,0.039955397742385775,0.051965975993248946,0.002594378289555491
audit,3,2006211,6,0.6000000000000004,-1.4915350032663317,0.010767887665279745,1.202808886239831,0.9984093557299734,0.035130434126773934,0.04405493238496208,0.0019426583542498494
audit,3,2006211,7,0.7000000000000005,-1.4415060191844087,-0.02973333089889352,1.201840297399246,0.9990001678485076,0.029015902947848286,0.03398529119631058,0.0013198473690246675
audit,3,2006211,8,0.8000000000000006,-1.3847956600819877,-0.07589345390162905,1.2005288555168112,0.9994681809076889,0.021680144771089444,0.02434429163156246,0.0008259181187064893
audit,3,2006211,9,0.9000000000000007,-1.3232847125404035,-0.12631215628703882,1.199159044764783,0.9997703321285085,0.014529364185526415,0.015746479424540404,0.00047849529556383996
audit,3,2006211,10,1.0000000000000007,-1.2586842589976586,-0.17960455798549615,1.1979314383483761,0.9999388945496941,0.008487614425827383,0.007078029453687874,0.00026280629097449957
audit,3,2006211,11,1.1000000000000008,-1.1926386879493929,-0.2345686378658459,1.1969761116255218,0.9999954895813947,0.0028371968210695385,0.0009732718725077467,0.00015450866375245817
audit,3,2006211,12,1.2000000000000008,-1.126348427434093,-0.29011006165479464,1.1963448459361188,0.9999965592016519,-0.0017868061008418955,-0.0019179679419269336,0.00010152728273823586
audit,3,2006211,13,1.300000000000001,-1.0604250890142406,-0.34533212742934055,1.196018622302182,0.9999822466470965,-0.004547343893535732,-0.003849951262057965,7.700272164681077e-05
audit,3,2006211,14,1.400000000000001,-0.9953161510429899,-0.3996691419096161,1.1959637075838523,0.9999440120958698,-0.006482976749814415,-0.008362648735077577,9.895558919933692e-05
audit,3,2006211,15,1.500000000000001,-0.9319035194190534,-0.452694804037901,1.19617637151108,0.9998285275489852,-0.009978237851335996,-0.01559817399559481,0.0002173398584665363
audit,3,2006211,16,1.6000000000000012,-0.8714691175064913,-0.5037071867810555,1.196607776250893,0.9996988262420109,-0.016040759331464163,-0.01856986321882102,0.00033321232206744877
audit,3,2006211,17,1.7000000000000013,-0.8146327169701847,-0.5515634205571617,1.1971677799487046,0.9995918185162893,-0.022348906114388067,-0.01779216193704269,0.0004021497174246341
audit,3,2006211,18,1.8000000000000014,-0.7611684238891503,-0.595046620233004,1.1977369491953072,0.9995638449235893,-0.02748024251448703,-0.010811748048062616,0.00024959379418120435
audit,3,2006211,19,1.9000000000000015,-0.7097874038198665,-0.6331677663637487,1.1982601593209112,0.9995324421477118,-0.030562122721487592,-0.0009233666018825827,-3.380986115189101e-05
audit,3,2006211,20,2.0000000000000013,-0.6585780289623122,-0.6653019573443378,1.1987814850226421,0.9994384643216675,-0.032231942727043675,0.009150645273795478,-0.0003515586165682343
audit,3,2006211,21,2.0999999999999903,-0.6056005213176218,-0.6910938761270108,1.1993471281353152,0.9992776655623088,-0.033810564595605115,0.017337514970311437,-0.0006351414985244668
audit,3,2006211,22,2.1999999999999793,-0.5492939245510694,-0.710277781351644,1.1998685078067155,0.999216312176786,-0.03357584171370411,0.02094923194574372,-0.0007443211155268901
audit,3,2006211,23,2.2999999999999683,-0.488932399287648,-0.7229516798161613,1.200158666313359,0.9993543799308007,-0.02928267216488241,0.02080632393228813,-0.0006673143429879868
audit,3,2006211,24,2.3999999999999573,-0.4245367273094609,-0.7299349803035222,1.2001474927185176,0.9995926509595362,-0.02219013436151205,0.01794135857400056,-0.0004875830417905715
audit,3,2006211,25,2.4999999999999463,-0.35663909209647665,-0.7325810786452136,1.1999180366219206,0.9997987064115078,-0.014444299752551236,0.013921754046122215,-0.00030598499075896573
audit,3,2006211,26,2.5999999999999353,-0.2859855503422691,-0.7323627793633951,1.1996218774349294,0.9999047637006468,-0.008327645263259392,0.011003821239394092,-0.00017254348198192257
audit,3,2006211,27,2.6999999999999242,-0.2131579426392891,-0.7304690623489688,1.1993593324672265,0.9999489909799927,-0.0045971564286741455,0.008992981359186088,-8.875323913110989e-05
audit,3,2006211,28,2.7999999999999132,-0.13855934464802494,-0.7275938106760265,1.1991682012040217,0.9999611210530059,-0.004975054182329397,0.0072803058739652335,-4.8627968857780096e-05
audit,3,2006211,29,2.899999999999902,-0.06254498781578333,-0.7237459543740775,1.1990467531632765,0.999970958086043,-0.00578924052338171,0.004956494269378943,-2.9037903909889026e-05
audit,3,2006211,30,2.999999999999891,0.01442868530296319,-0.7188293475920933,1.1989697700437767,0.9999933457909644,-0.0031211401093215116,0.001888474714717954,-2.2835544325359896e-05
audit,3,2006211,31,3.09999999999988,0.09176542620195831,-0.7133253611808978,1.1989379546915204,0.999998023794005,0.0012552136421298727,-0.0015412955340093819,-3.542417340901677e-05
audit,3,2006211,32,3.199999999999869,0.1687856246064593,-0.708081753515149,1.1989724391717607,0.9999653228817599,0.0062088096980048866,-0.005549489555301326,-8.295654205591228e-05
audit,3,2006211,33,3.299999999999858,0.24461517006640465,-0.7039954940115527,1.1991032183617507,0.9998654478804354,0.008157149567053726,-0.014231056629813301,-0.00015515474677865146
audit,3,2006211,34,3.399999999999847,0.31763934330160587,-0.7014723245555538,1.1993619569212153,0.9996872797529558,0.007491203558133406,-0.02385763776154563,-0.00019413867121523132
audit,3,2006211,35,3.499999999999836,0.38609519782472396,-0.7003522206339349,1.199639572892018,0.9996213347372958,0.0034247118202550076,-0.02730280327862114,-0.00012417770730736876
audit,3,2006211,36,3.599999999999825,0.4493556450909481,-0.6997666517234857,1.199737109895995,0.9997300898783311,-0.007554507490858292,-0.021969855326822694,-4.759572836820476e-05
audit,3,2006211,37,3.699999999999814,0.5083790817404733,-0.6976597364547599,1.199728696546232,0.9997047084066651,-0.021085409660211336,-0.012078495188337738,-0.00010697191303837797
audit,3,2006211,38,3.799999999999803,0.5650026003403452,-0.6914453076868219,1.1998345158611452,0.9994746658171157,-0.03223803023442043,-0.003323267728584522,-0.0002401832096483797
audit,3,2006211,39,3.899999999999792,0.6209296137172063,-0.6789833448897057,1.2000600200009155,0.9992750431571475,-0.037970036432369625,0.002746679996218553,-0.0003467067970729452
audit,3,2006211,40,3.999999999999781,0.6773617943848724,-0.6591536302519563,1.2002401123125366,0.9992543457931176,-0.038049720959658626,0.00654367946093119,-0.00038911125912948445
audit,3,2006211,41,4.0999999999997705,0.7350509026244768,-0.6319277843927716,1.2002419743189878,0.9993910700729114,-0.03384117851544592,0.008493062720850347,-0.0003627407159153914
audit,3,2006211,42,4.1999999999997595,0.7943637330528884,-0.5981059879326224,1.2000326806546382,0.9995995689340379,-0.027134803003525648,0.008020554535838992,-0.000273784192123728
audit,3,2006211,43,4.2999999999997485,0.8551981667357498,-0.5589623432299171,1.199679282502791,0.9997847237899347,-0.020220593717362345,0.004648432932887107,-0.00016042839731528083
audit,3,2006211,44,4.3999999999997375,0.9169390185672733,-0.5158601312873866,1.1992771838826324,0.9999146361016996,-0.013049615336414019,0.000648639104039945,-8.553649118210954e-05
audit,3,2006211,45,4.499999999999726,0.978825477750546,-0.47019064834934887,1.1989125585104687,0.9999782452710037,-0.006175284987205192,-0.002317693483113286,-5.600864886632787e-05
audit,3,2006211,46,4.599999999999715,1.0402424785948126,-0.4232873252456271,1.1986507801782855,0.999983697281489,-0.0005546404391021969,-0.005682756896282626,-6.180035160126524e-05
audit,3,2006211,47,4.699999999999704,1.1005691511798907,-0.376266934979554,1.1985136917938461,0.9999597225767739,0.0043298251693638075,-0.007861219919649583,-8.402118408723256e-05
audit,3,2006211,48,4.799999999999693,1.1593867243392662,-0.33007132351029606,1.1984842811884189,0.9999379209483332,0.007798647512762662,-0.0079578004317188,-9.358838496326926e-05
audit,3,2006211,49,4.899999999999682,1.2166471784338964,-0.2853626188811732,1.1985300406908777,0.9999335597580904,0.008774564281787219,-0.007474979069420294,-8.819914982997722e-05
audit,3,2006211,50,4.999999999999671,1.2724341203053235,-0.2423497370611607,1.1986231074584777,0.9999413767376806,0.008042719215125633,-0.007249281048008584,-7.536488965827083e-05
audit,3,2006211,51,5.09999999999966,1.3267996782242786,-0.2009030225285745,1.1987447577795882,0.9999543895561511,0.006544025525537849,-0.006956375163214843,-5.8154059213117054e-05
audit,3,2006211,52,5.199999999999649,1.3797859441041824,-0.16073238523252759,1.1988857949458054,0.999963163571051,0.004591076009835449,-0.007252025984308966,-4.0511357771466416e-05
audit,4,2006212,0,0.0,-1.6,0.010087345368483408,1.2,1.0,0.0,0.0,0.0
audit,4,2006212,1,0.10000000000000007,-1.5996179842850635,0.00981281857093243,1.2000783043693422,0.9997561928958896,0.012881090926162565,0.01791146774766458,0.0009008806766571851
audit,4,2006212,2,0.20000000000000015,-1.5956756249863657,0.006978509103089189,1.2006643328835827,0.998796500628976,0.028783078845510745,0.03965453071831837,0.0021454363182955875
audit,4,2006212,3,0.3000000000000002,-1.5840229580198417,-0.0013960378746940563,1.2017160225031094,0.9979203751577166,0.03699558122418595,0.05270965783684862,0.002818472225967142
audit,4,2006212,4,0.4000000000000003,-1.5621015509193508,-0.01693623181913845,1.2026933588256987,0.9976184600044038,0.03875880892459654,0.056982812901049514,0.0028499163273637217
audit,4,2006212,5,0.5000000000000003,-1.5290905193706323,-0.040006630433935576,1.203114650869416,0.9978647609077997,0.037063446556645355,0.053723385059263,0.0024531134375810385
audit,4,2006212,6,0.6000000000000004,-1.485613628865559,-0.0702801112532466,1.2028009124618226,0.9984077638820219,0.03323197320557804,0.04554190838483776,0.0018728474663225042
audit,4,2006212,7,0.7000000000000005,-1.4332257676431537,-0.10700712501500453,1.2018696771853692,0.998989188494329,0.027209574069448652,0.035756959516892076,0.0012962239423462854
audit,4,2006212,8,0.8000000000000006,-1.3738192035422383,-0.1490456958608156,1.2005878866368485,0.9994571136580845,0.020212683577507898,0.026004949480327683,0.000817302496921554
audit,4,2006212,9,0.9000000000000007,-1.3092903042088437,-0.1950555256842942,1.1992357198574821,0.9997630879091941,0.013570432293946518,0.01701134564657757,0.0004749114867929532
audit,4,2006212,10,1.0000000000000007,-1.241411645375554,-0.24374089186250195,1.198016018423329,0.9999350883236164,0.007574700900008617,0.008507241181170999,0.0002643728463016248
audit,4,2006212,11,1.1000000000000008,-1.1718135437450266,-0.29391966715349377,1.1970608327121939,0.9999952958564835,0.001962021390702307,0.0023525007261400587,0.0001564522289285508
audit,4,2006212,12,1.2000000000000008,-1.1017226575859191,-0.34451200557061407,1.1964250679641473,0.9999960188360005,-0.002178456729146676,-0.0017903022515702726,0.00010703399728798776
audit,4,2006212,13,1.300000000000001,-1.0319584628438887,-0.39470677609118726,1.1960922440064057,0.9999803104589885,-0.004450083135809315,-0.004423629453117449,8.340798399712176e-05
audit,4,2006212,14,1.400000000000001,-0.9631353596495763,-0.44400044136177813,1.1960414894384028,0.9999206972628502,-0.0075903333428308075,-0.010048161460089097,0.00014309575085110813
audit,4,2006212,15,1.500000000000001,-0.8962880109433444,-0.49176604064327234,1.196265728969806,0.9997923641710985,-0.012516483788492757,-0.016077617739947876,0.00027638116280082195
audit,4,2006212,16,1.6000000000000012,-0.8324932772584129,-0.5370009595507994,1.1967043929383514,0.9996522566255623,-0.02068369053817672,-0.01635334945927446,0.00034457307716322485
audit,4,2006212,17,1.7000000000000013,-0.7718332151134513,-0.5782084205365436,1.1972479322035015,0.9995599612050402,-0.027275226295022617,-0.01165625725624134,0.0002786630785449227
audit,4,2006212,18,1.8000000000000014,-0.7134281903759733,-0.614104167661454,1.1978043041995021,0.9995156801818852,-0.03074436136825652,-0.004814418122792871,0.00010340570991516828
audit,4,2006212,19,1.9000000000000015,-0.6559401458763567,-0.6439769598651579,1.1983569905641918,0.9994564458832182,-0.03278770269583609,0.003428534956696461,-0.00015646873943455544
audit,4,2006212,20,2.0000000000000013,-0.5978028267094362,-0.6674170493308157,1.1989131016254166,0.9993688015563701,-0.033964151092609675,0.01040593685666227,-0.0003890944349015905
audit,4,2006212,21,2.0999999999999903,-0.5376619399663011,-0.6841895531882409,1.1994477117604359,0.9992962382010269,-0.03450154078543,0.014710140586537484,-0.000532695629060413
audit,4,2006212,22,2.1999999999999793,-0.47468189412932443,-0.6942300993189208,1.1998607526909826,0.9993337221799232,-0.0328163810182743,0.01596544372095545,-0.0005490516157590828
audit,4,2006212,23,2.2999999999999683,-0.4086027098488649,-0.6978886052071764,1.200044940296916,0.9994922032079162,-0.028114472426385966,0.01498996179362124,-0.00046174906193478614
audit,4,2006212,24,2.3999999999999573,-0.3396117388193617,-0.6961062476138687,1.1999609712551507,0.9997264298312913,-0.01982890661402043,0.012400634606154036,-0.0003228322098240103
audit,4,2006212,25,2.4999999999999463,-0.2681705828516685,-0.6903912579740944,1.1997434562393796,0.9998573503775159,-0.013290580398864866,0.010421048610683197,-0.00020276727532347118
audit,4,2006212,26,2.5999999999999353,-0.1946811138449926,-0.6820014198956689,1.1995376400479485,0.9999054607765687,-0.010595187647963446,0.00876332362784286,-0.00012516747055325056
audit,4,2006212,27,2.6999999999999242,-0.11948844738023755,-0.671524409332431,1.199364368019385,0.9999424092676837,-0.008735064303963178,0.006234686501289243,-7.405251497406325e-05
audit,4,2006212,28,2.7999999999999132,-0.04307067896961274,-0.6593475466886877,1.1992231862205902,0.9999746098699899,-0.0061229675647979315,0.0036451559074624747,-4.1496651725236085e-05
audit,4,2006212,29,2.899999999999902,0.03404862647618007,-0.6460075074845106,1.1991170407055582,0.9999985590899128,-0.0016171808610578057,0.0005151100440456716,-3.4724698454333075e-05
audit,4,2006212,30,2.999999999999891,0.11125746975471326,-0.6323748358912953,1.1990649087206215,0.9999857832189328,0.004255972211307008,-0.003211819584201234,-6.538740945719729e-05
audit,4,2006212,31,3.09999999999988,0.18783165058532347,-0.6195033012648521,1.1990812379075464,0.9999536540567056,0.006553802504931258,-0.007051903452436071,-8.982799221139969e-05
audit,4,2006212,32,3.199999999999869,0.2629471032656953,-0.6078933135137554,1.1991817999013605,0.9998762897735285,0.006772893083795432,-0.01419567663931584,-0.00012582825101177636
audit,4,2006212,33,3.299999999999858,0.3352962892273152,-0.5975964005317663,1.199374478713089,0.999767877372672,0.006111025417300213,-0.020659779204299494,-0.0001423563094904526
audit,4,2006212,34,3.399999999999847,0.40367723045576936,-0.5884524797015435,1.1995657497591004,0.9997481689305847,0.003097274868471213,-0.022226035183923888,-9.470128995271684e-05
audit,4,2006212,35,3.499999999999836,0.4678435759731579,-0.5797969477856018,1.1996157761738866,0.9998528010811372,-0.005823813399808737,-0.01613853820216557,-8.33809597772374e-05
audit,4,2006212,36,3.599999999999825,0.5288641745933502,-0.5699383325621297,1.1996187611343812,0.9998013165898852,-0.01824285567635676,-0.008031649586883191,-0.00013478433895430922
audit,4,2006212,37,3.699999999999814,0.5882661605292288,-0.5565412757049127,1.1997464572529297,0.9996011999538048,-0.028153190610841657,-0.0021919582354235777,-0.0001850092947299208
audit,4,2006212,38,3.799999999999803,0.6472123812278814,-0.5377107566228972,1.1999453810941525,0.99947654400978,-0.0322944686776564,0.0019119750546925177,-0.00022275207289151682
audit,4,2006212,39,3.899999999999792,0.7065078235010018,-0.5126117963950527,1.2000885110507917,0.9994839284026639,-0.031815517787236375,0.004426795048524869,-0.00023060422225646836
audit,4,2006212,40,3.999999999999781,0.7666618725116702,-0.481334706566493,1.2000904196915072,0.9995993830460043,-0.027643254466047637,0.006072818648837243,-0.00021158977009152599
audit,4,2006212,41,4.0999999999997705,0.827970498390019,-0.44467606579318764,1.1999303365195766,0.9997605274421049,-0.02109515881930993,0.005818736447328715,-0.00015604239447299903
audit,4,2006212,42,4.1999999999997595,0.8903520431078733,-0.40389674094262557,1.1996552588832976,0.9999052048021474,-0.013630265987304364,0.001946480110530829,-9.205363414343117e-05
audit,4,2006212,43,4.2999999999997485,0.9530929249432268,-0.3604474510541721,1.1993569205180694,0.9999758265920649,-0.006037479795380273,-0.003448106518797829,-7.503780966963062e-05
audit,4,2006212,44,4.3999999999997375,1.0151743648009048,-0.31580745267712024,1.1991260995831385,0.9999683842240769,0.0011109747016526715,-0.007873051889740829,-0.00010649621458166509
audit,4,2006212,45,4.499999999999726,1.0757518500264855,-0.2713623504322756,1.1990006148264316,0.999927211975893,0.006872693261986397,-0.009915478351345947,-0.00014186792820301264
audit,4,2006212,46,4.599999999999715,1.134361136336546,-0.22821243815329204,1.198980412124233,0.9998766319642728,0.00962441059659676,-0.012412132039617826,-0.0001747875318985619
audit,4,2006212,47,4.699999999999704,1.1905364287572018,-0.18691399392496164,1.1990389274460422,0.9998404088497181,0.009941428798145396,-0.014842159947059752,-0.0001873840630305745
audit,4,2006212,48,4.799999999999693,1.2437844216401805,-0.14753375421973808,1.1991476187759589,0.9998112476683612,0.008364581230181276,-0.017534928517446625,-0.00017058302098704023
audit,4,2006212,49,4.899999999999682,1.2936212974513634,-0.10976449882443501,1.1992677192825534,0.9998123725721898,0.005084385713321265,-0.01869105322968299,-0.00011490279869079572
audit,4,2006212,50,4.999999999999671,1.3398410537903398,-0.07297402499754922,1.1993485882584338,0.9998559943442638,0.0007829576366433736,-0.016952153753189043,-4.51033369088861e-05
audit,4,2006212,51,5.09999999999966,1.3827802539072103,-0.03633252244492646,1.1993762855754369,0.9999130810913153,-0.003708952353693177,-0.012652032583516468,-2.5330399015165363e-06
audit,4,2006212,52,5.199999999999649,1.4232837786128087,0.0010179558887549968,1.1993658034973667,0.9999568828484798,-0.007163204954982383,-0.005909377149381985,-1.4157348747449061e-05
audit,5,2006213,0,0.0,-1.6,0.18311754723879484,1.2,1.0,0.0,0.0,0.0
audit,5,2006213,1,0.10000000000000007,-1.5996573649012331,0.18280300298059005,1.200076521656281,0.9997616024621809,0.014758238470240935,0.01606474414447057,0.0009255458275185798
audit,5,2006213,2,0.20000000000000015,-1.5961066915714779,0.17955044220818922,1.2006667978488546,0.9987916470109296,0.03316385975524018,0.03619852574791804,0.002251888319835636
audit,5,2006213,3,0.3000000000000002,-1.5855063076139413,0.16990609607568657,1.2017460457106528,0.9978808367145403,0.04291434843358294,0.04881702170759704,0.003015428329379447
audit,5,2006213,4,0.4000000000000003,-1.565377633538059,0.15197375648504405,1.2027418003464276,0.9975799070285805,0.04385361686951269,0.05386856158124741,0.0030606295885585977
audit,5,2006213,5,0.5000000000000003,-1.5347579233145072,0.1255334650269126,1.203156133509571,0.9978427059206008,0.039916225184628534,0.05205636018211362,0.0026008792078124213
audit,5,2006213,6,0.6000000000000004,-1.4940105710730027,0.09131706316671971,1.2028205414360917,0.9984015075685809,0.034518360500741675,0.04471170931355072,0.0019430706074278449
audit,5,2006213,7,0.7000000000000005,-1.44453059969143,0.050372838141659514,1.2018603724059127,0.9989934663287972,0.028231011905956144,0.03483292611269425,0.0013158486111062393
audit,5,2006213,8,0.8000000000000006,-1.3882087638508287,0.003918330678651825,1.2005526855202908,0.9994636917880516,0.021062499280887496,0.025060464276290093,0.0008203972811764911
audit,5,2006213,9,0.9000000000000007,-1.326948840655347,-0.04667624139044086,1.1991830204972944,0.9997677127423616,0.014253180715733301,0.01615993076101481,0.00047332355941368724
audit,5,2006213,10,1.0000000000000007,-1.2625047812688823,-0.10010047782302961,1.197963199332237,0.9999287792484947,0.00903422281670814,0.0077945274919175725,0.0002541454131831006
audit,5,2006213,11,1.1000000000000008,-1.1964748921604,-0.1552977834318452,1.1970160608104852,0.9999899001532517,0.00397522584796922,0.002092223545735611,0.0001406114619144136
audit,5,2006213,12,1.2000000000000008,-1.1299999060747479,-0.21127771313277025,1.1963822382461675,0.9999984835876586,-0.001045528145916663,-0.0013895979678210065,9.333149563466328e-05
audit,5,2006213,13,1.300000000000001,-1.0637844261839935,-0.2670758457839315,1.1960510630339394,0.9999810935986596,-0.004739807600666044,-0.0039166705900290704,7.975353193904913e-05
audit,5,2006213,14,1.400000000000001,-0.9983593341316944,-0.32196696432318395,1.1959862180252907,0.9999506213998505,-0.006870019014321372,-0.007179776054304297,9.17420652593281e-05
audit,5,2006213,15,1.500000000000001,-0.9343668693918779,-0.3754943190527301,1.196154873653754,0.9998911236699395,-0.00929652790870191,-0.011458386554565846,0.00014405719633986
audit,5,2006213,16,1.6000000000000012,-0.8726586402192742,-0.4271549914538335,1.1965496950299852,0.9997626139667655,-0.013552810596984401,-0.01705743590404741,0.00028446378185721855
audit,5,2006213,17,1.7000000000000013,-0.8142879562765529,-0.47612587275912654,1.1971484951078617,0.9995827328961864,-0.019044329191202698,-0.021712892085898043,0.00047322163374344874
audit,5,2006213,18,1.8000000000000014,-0.760109402578977,-0.5213415776522795,1.1978509872160268,0.9994442650754725,-0.02495391745483286,-0.022093603045078725,0.0005794099508143882
audit,5,2006213,19,1.9000000000000015,-0.710143956769984,-0.5617052882803685,1.1984610532427462,0.9994714474140219,-0.028497517008947766,-0.015636947986582158,0.00045076169986241584
audit,5,2006213,20,2.0000000000000013,-0.6631963363647849,-0.5965006218945508,1.1989113007297612,0.9995242715649084,-0.030291632637764892,-0.005798228839002578,0.00016759208971421969
audit,5,2006213,21,2.0999999999999903,-0.6173329848743613,-0.6253233741985726,1.1993234173586511,0.9994387864806319,-0.032851667894957325,0.006542750487371177,-0.0002690923624309185
audit,5,2006213,22,2.1999999999999793,-0.5702047344221959,-0.6476739659389433,1.19982356732589,0.9991990988763253,-0.035845522978514434,0.01776921983051166,-0.0007170172593465902
audit,5,2006213,23,2.2999999999999683,-0.5196497249077164,-0.6630001733560064,1.2003718175037812,0.9989989074086196,-0.037313488747907575,0.024655689802564485,-0.0009917228456871464
audit,5,2006213,24,2.3999999999999573,-0.4643368472293058,-0.6711111843763378,1.2007004398732886,0.9990991857602918,-0.033248740653389466,0.026351561232239227,-0.0009661670187369008
audit,5,2006213,25,2.4999999999999463,-0.4039209085456278,-0.6727670264427092,1.2006442734881617,0.9993852180914513,-0.025552880777937558,0.023993659352736084,-0.0007351565236325948
audit,5,2006213,26,2.5999999999999353,-0.3388184133287543,-0.6694418942657762,1.2002934733122554,0.9996578127448522,-0.016602833539086374,0.020208402338185,-0.0004730872944447009
audit,5,2006213,27,2.6999999999999242,-0.2697573584813143,-0.6628595758376274,1.199805603102919,0.9998403047901504,-0.007834771678672602,0.016059729835619752,-0.00025758006624264964
audit,5,2006213,28,2.7999999999999132,-0.19753348947015673,-0.6546482373590309,1.1993393850608887,0.9999170992723122,-0.0036921571455954963,0.012334822750950816,-0.00012126895939554
audit,5,2006213,29,2.899999999999902,-0.12289399494529274,-0.6457017940200808,1.1989573864234848,0.9999640707106212,-0.0010126807727790386,0.008415978023136686,-5.549244771185165e-05
audit,5,2006213,30,2.999999999999891,-0.04659497335438809,-0.6365603471185419,1.198674313715791,0.9999867603762034,0.0019182904257674107,0.004774774929772831,-2.7541208968553297e-05
audit,5,2006213,31,3.09999999999988,0.030629695362125717,-0.6278327493832514,1.198505671807182,0.99997879387937,0.006470326061551356,0.0007380535415303909,-4.4149618170966896e-05
audit,5,2006213,32,3.199999999999869,0.10799680435391931,-0.620378659330615,1.1984647771321872,0.9999302437281996,0.011300728762160706,-0.0034339731259855036,-9.505618558969496e-05
audit,5,2006213,33,3.299999999999858,0.18466110274925843,-0.6150734382901069,1.1985294976960679,0.9998838387097684,0.012481316075886786,-0.008746672820292525,-0.00014680125312829904
audit,5,2006213,34,3.399999999999847,0.2595265563792148,-0.6121861895816404,1.198705661647886,0.9997771552959409,0.011270388800072478,-0.01784868326630666,-0.00020637420235711238
audit,5,2006213,35,3.499999999999836,0.3309152651179308,-0.6114974287986518,1.1990036016311887,0.9996275266450605,0.009123921567710757,-0.025719914356072952,-0.00021916711256492687
audit,5,2006213,36,3.599999999999825,0.3973502873872765,-0.6125333962239905,1.1992942249877898,0.9995990296653487,0.003756568677400582,-0.028065175198031134,-0.00011842706687638127
audit,5,2006213,37,3.699999999999814,0.4584601810335743,-0.6141725203950416,1.1993780179402052,0.9997433189250877,-0.008328220730309645,-0.021069678832072374,-7.508682757443313e-05
audit,5,2006213,38,3.799999999999803,0.5154881769360306,-0.6141259884226876,1.1993814530173135,0.9996725700092339,-0.0234228693739282,-0.010299881538520864,-0.00018547700426896422
audit,5,2006213,39,3.899999999999792,0.5704508284898886,-0.6095246445248524,1.1995659535209489,0.999370169671634,-0.035446599233918914,-0.0016398105835126573,-0.0003370378167300477
audit,5,2006213,40,3.999999999999781,0.6250531534878422,-0.5980661970608693,1.1998739647197807,0.9991614446698124,-0.04069538518364295,0.004482229489111426,-0.00045025425787009185
audit,5,2006213,41,4.0999999999997705,0.680503575632462,-0.5787137057261417,1.2000947161097137,0.9991751523730088,-0.03972189150053601,0.008423147362821735,-0.00048662562594909634
audit,5,2006213,42,4.1999999999997595,0.7375711301189797,-0.5516217788774551,1.200114164277559,0.9993306568077521,-0.03517430146761954,0.010040689262527604,-0.0004375380954818529
audit,5,2006213,43,4.2999999999997485,0.7965734915016276,-0.517678394718296,1.1999056611614425,0.9995625373729108,-0.02801630565845424,0.009471634999383,-0.0003295881036960216
audit,5,2006213,44,4.3999999999997375,0.8573683971452237,-0.4782637786695602,1.1995109445202403,0.9997941598520299,-0.01954005268407565,0.00545750607575597,-0.00019973559790626176
audit,5,2006213,45,4.499999999999726,0.9192087001172524,-0.43504984453391343,1.1990339740186235,0.9999543880883617,-0.009546952477530976,-0.00024302494543793998,-0.00013557321951491509
audit,5,2006213,46,4.599999999999715,0.9809981430154565,-0.38994116495021974,1.198623594477563,0.9999819220670989,-0.0004895449580790695,-0.005991162030999755,-0.0001478588586764838
audit,5,2006213,47,4.699999999999704,1.0416295878981472,-0.3446999829165877,1.1983803825300803,0.999924038920411,0.006290112792405978,-0.010597735636450079,-0.0001971535723185815
audit,5,2006213,48,4.799999999999693,1.10023616293432,-0.30065663735835985,1.1982963289471702,0.9998695588296282,0.010751050057133255,-0.012051229186168669,-0.00021937095471156472
audit,5,2006213,49,4.899999999999682,1.1564692347631422,-0.25866789625496756,1.198324344325655,0.9998419751487962,0.012010341512890094,-0.01310452692676194,-0.00021863513929588964
audit,5,2006213,50,4.999999999999671,1.2101478193729718,-0.21899487419026134,1.1984103833105675,0.9998544248149965,0.010676633740695312,-0.013308024112175115,-0.00018752085026524492
audit,5,2006213,51,5.09999999999966,1.261216853766206,-0.18138931187787188,1.1985161306537395,0.9998856176328774,0.007719722611433023,-0.013005355819371801,-0.0001351063805924395
audit,5,2006213,52,5.199999999999649,1.3097460439879556,-0.14527317075415117,1.1986275167266796,0.9999214640499978,0.0034200597498037447,-0.01205667818246969,-7.371988427302766e-05
audit,5,2006213,53,5.299999999999638,1.355932067487692,-0.10982669385464168,1.1987394390297903,0.9999510258211233,-0.0010154185243571533,-0.0098445064310516,-2.403399956895267e-05
audit,5,2006213,54,5.399999999999627,1.4001889218980481,-0.07419344127291584,1.1988629894745497,0.9999622790793381,-0.004666013920415339,-0.007325893390948521,4.309945660941093e-06
audit,6,2006214,0,0.0,-1.6,-0.1386161354173556,1.2,1.0,0.0,0.0,0.0
audit,6,2006214,1,0.10000000000000007,-1.5996283122667418,-0.13890449107481495,1.200078304298421,0.9997561751095638,0.01352960839350922,0.017426774554560657,0.0009206278495565056
audit,6,2006214,2,0.20000000000000015,-1.5957862103118696,-0.14187377264161355,1.2006646627586142,0.9987957693564806,0.029860011867928263,0.0388666541269022,0.002184949386459938
audit,6,2006214,3,0.3000000000000002,-1.5843896017120196,-0.15058211444330843,1.201701171565557,0.9979417390884578,0.037755438251398384,0.05175679060102321,0.0028367048193667786
audit,6,2006214,4,0.4000000000000003,-1.5629031312725747,-0.16660333704077515,1.2026579056613782,0.9976472213422012,0.03900515803788907,0.05630740764257063,0.0028452133837420872
audit,6,2006214,5,0.5000000000000003,-1.5304520775825752,-0.19020195257071926,1.2030791660357814,0.9978792539769433,0.0366933229726303,0.05370886464720895,0.0024397520271146073
audit,6,2006214,6,0.6000000000000004,-1.4875400153842315,-0.2209357471139469,1.202779472388164,0.9984105277181825,0.03241545359103373,0.04606747691118476,0.0018558235438963166
audit,6,2006214,7,0.7000000000000005,-1.4356214314343612,-0.2579719044444431,1.2018664399944556,0.9989865814279355,0.026415440476828266,0.036419739015432516,0.0012795473380808598
audit,6,2006214,8,0.8000000000000006,-1.3765760723273648,-0.3001904310154043,1.2006002863524312,0.9994529871161182,0.020768750400632276,0.025724545712528767,0.00079580107468239
audit,6,2006214,9,0.9000000000000007,-1.312460540814226,-0.3464856619521415,1.1992612784950203,0.999755608190209,0.015483957769844273,0.0157721942471874,0.00045698209506290263
audit,6,2006214,10,1.0000000000000007,-1.2452274812725364,-0.3958121659139524,1.1980495573826566,0.9999284884038971,0.009715932200993819,0.006968111596588295,0.00025329930967360383
audit,6,2006214,11,1.1000000000000008,-1.1765793488531495,-0.4470486238635052,1.197094118428374,0.9999921630306815,0.003917981616846759,0.0005478365215311015,0.0001522248817434615
audit,6,2006214,12,1.2000000000000008,-1.1078235216860362,-0.499094138085836,1.196457373432021,0.9999860472816331,7.780784649937989e-05,-0.0052808475485209665,0.00010879872859789427
audit,6,2006214,13,1.300000000000001,-1.0401150156342587,-0.5511446133533319,1.196145515895869,0.9999282924270201,-0.003766323808826839,-0.011366930220309678,0.00013306508796316597
audit,6,2006214,14,1.400000000000001,-0.9746056410134443,-0.6024196276741033,1.1961312831331465,0.9998379160760353,-0.009283776173507511,-0.015424242341489336,0.00021406747116838916
audit,6,2006214,15,1.500000000000001,-0.9120072304572094,-0.6518033379486772,1.1963387880279426,0.9997542811802688,-0.017913024712350522,-0.013056024352761873,0.00020257215703636296
audit,6,2006214,16,1.6000000000000012,-0.8518887861529848,-0.69766108265405,1.1967221726239197,0.9996249164615972,-0.026843086902162323,-0.005429073622566062,1.5307211142755123e-05
audit,6,2006214,17,1.7000000000000013,-0.7928254348554341,-0.7382971501003142,1.1972541969646844,0.9994692946601961,-0.03242287047008385,0.003134970378442078,-0.00024179052552178462
audit,6,2006214,18,1.8000000000000014,-0.7331733467072495,-0.772637547858279,1.1978342147327516,0.999391791430985,-0.03340062810512246,0.010013086298535536,-0.0004282117791529718
audit,6,2006214,19,1.9000000000000015,-0.6715971063394612,-0.800447777716948,1.198372473324507,0.9993852114866761,-0.03205965509550572,0.014181711093343704,-0.0005066037456691956
audit,6,2006214,20,2.0000000000000013,-0.6072801375284709,-0.8219977432488105,1.1987969146675959,0.9994610166789182,-0.02889691812417163,0.015569518661836703,-0.0004840978275285841
audit,6,2006214,21,2.0999999999999903,-0.5399713280227786,-0.8379608548250147,1.1989885637132598,0.9996722642920711,-0.02175009656243057,0.013496828895073037,-0.00036457436213555326
audit,6,2006214,22,2.1999999999999793,-0.4700279534066739,-0.8496197387898392,1.1990156066250723,0.99981974048354,-0.01596549577691653,0.010273033641865423,-0.0002329459528827336
audit,6,2006214,23,2.2999999999999683,-0.3980541816137041,-0.8581047049030038,1.1990141074332819,0.9998880451857534,-0.012800027087882748,0.007748277154049946,-0.00014353503676920565
audit,6,2006214,24,2.3999999999999573,-0.32455429066562735,-0.864082111108269,1.1990103680611577,0.9999373627106353,-0.009678841523614581,0.005619900493348891,-8.602618448086477e-05
audit,6,2006214,25,2.4999999999999463,-0.24993676660968844,-0.8681375529198037,1.199023285703122,0.9999626564109934,-0.0075430639639287485,0.004217267102284925,-5.126102903312031e-05
audit,6,2006214,26,2.5999999999999353,-0.1744730736256787,-0.8706611228785486,1.1990775470259565,0.9999599978571961,-0.008084291491376702,0.003826927516028857,-3.927220131365092e-05
audit,6,2006214,27,2.6999999999999242,-0.09825649028690837,-0.871585852947508,1.1991720658662925,0.9999478688876497,-0.009540989094406233,0.003636981166431314,-3.7445184884571755e-05
audit,6,2006214,28,2.7999999999999132,-0.021351851978783677,-0.8707124747520445,1.1992643583595566,0.9999701921492462,-0.007401486731393781,0.0021981521040418403,-3.056947334264716e-05
audit,6,2006214,29,2.899999999999902,0.05596242778324062,-0.8683049699698039,1.1993631327968255,0.999964508178634,-0.008411937736830532,-0.0004708184870586274,4.065352645764273e-06
audit,6,2006214,30,2.999999999999891,0.13318689960144375,-0.8643281923208872,1.1994615242300972,0.9999740277228505,-0.006519744797487381,-0.0030718929589092286,1.6768005145343576e-05
audit,6,2006214,31,3.09999999999988,0.20979685795532715,-0.8591879818033181,1.1995313326063737,0.9999798824104883,0.001863110602584465,-0.006063114123147831,-4.733201938038562e-05
audit,6,2006214,32,3.199999999999869,0.2851505372895639,-0.8542852635965156,1.1996325006135968,0.9999148356207962,0.004736680832203003,-0.012160513721617429,-8.524174799261059e-05
audit,6,2006214,33,3.299999999999858,0.3581250664583396,-0.8502130742109292,1.1997793929447207,0.9998337517468739,0.0013369366371672386,-0.018184635657399126,-2.2230738638339765e-05
audit,6,2006214,34,3.399999999999847,0.42761347572999714,-0.8463544825128375,1.1999237999857855,0.9997939819400331,-0.004790544614110622,-0.019724025197999047,8.478667181956142e-05
audit,6,2006214,35,3.499999999999836,0.4933549718630611,-0.8414819002490498,1.2000071494630786,0.9997885584008808,-0.014507499782256648,-0.01457271241902311,8.362720328718848e-05
audit,6,2006214,36,3.599999999999825,0.5562709312759234,-0.8337712064138153,1.200090373609153,0.9996893960497568,-0.02396201979428772,-0.006850726638167378,-2.403287716217408e-05
audit,6,2006214,37,3.699999999999814,0.6178052814128241,-0.8214054579207781,1.2002364303564486,0.9995451139825294,-0.03014371287247571,-0.0009515586922832178,-0.0001273733483706742
audit,6,2006214,38,3.799999999999803,0.6791028464996081,-0.8031664147602982,1.2004100819680927,0.9994492911687941,-0.033120566478216165,0.0020284602666692537,-0.00016675522403931115
audit,6,2006214,39,3.899999999999792,0.7407770454335943,-0.7784900419917355,1.2005088151388394,0.9994719240330081,-0.032310250616062075,0.0034485880085078626,-0.0001673787083512559
audit,6,2006214,40,3.999999999999781,0.8031052555042103,-0.7475437174406812,1.2004346722159778,0.9996129508633512,-0.02758717586175143,0.0035885846183083088,-0.00013510985972330433
audit,6,2006214,41,4.0999999999997705,0.866087159511658,-0.7111814350802924,1.200221883860885,0.9997446150984236,-0.02257140167815957,0.001110218848097691,-6.182311113414675e-05
audit,6,2006214,42,4.1999999999997595,0.9292846101003408,-0.6704203047048882,1.1999294250501356,0.9998640189913381,-0.016386137392209867,-0.0018541388285156248,-1.4037715716692016e-05
audit,6,2006214,43,4.2999999999997485,0.992120328470448,-0.6264696740071924,1.1996005609765297,0.999951478719679,-0.008757016367016984,-0.004511620437188788,-1.2316889113714717e-05
audit,6,2006214,44,4.3999999999997375,1.0541056085454523,-0.5807659183296996,1.1993128215968085,0.9999815292198911,-0.002777353512278865,-0.005406191438549318,-2.49127904978993e-05
audit,6,2006214,45,4.499999999999726,1.1150224438872929,-0.5344573108613686,1.199111488232213,0.9999807121830314,-0.00014235794976138463,-0.006209204125763579,-2.7933080092513708e-05
audit,6,2006214,46,4.599999999999715,1.174765115227069,-0.4880909931932815,1.1989881374132847,0.9999873825911427,0.0005431773151123018,-0.004993906635672175,-2.265910838440973e-05
audit,6,2006214,47,4.699999999999704,1.2335680491194312,-0.4418158007148506,1.1989215550205217,0.9999989842014703,0.00032260832482221546,-0.0013882564601964801,-1.6244909958303375e-05
audit,6,2006214,48,4.799999999999693,1.2920848915275531,-0.3955902756739054,1.1989118705133213,0.9999983067279262,-0.0006409612560233912,0.001724961391328485,-1.476979418279926e-05
audit,6,2006214,49,4.899999999999682,1.3509089480113232,-0.3492333971617821,1.1989544638476612,0.9999935016466525,-0.0019311718106465763,0.003044175196771115,-1.5403699413801728e-05
audit,6,2006214,50,4.999999999999671,1.4103160254923155,-0.302522539469264,1.1990347153199798,0.9999922784179518,-0.002013558161761577,0.0033746867228674673,-1.3323810714380427e-05
audit,6,2006214,51,5.09999999999966,1.4703366433655427,-0.2554466203602827,1.199132991521686,0.999999050772908,-0.00041595296361014467,0.0013134844939846218,-1.3960585720968892e-05
audit,7,2006215,0,0.0,-1.6,0.12724948722389254,1.2,1.0,0.0,0.0,0.0
audit,7,2006215,1,0.10000000000000007,-1.5996416450782198,0.12694680904026076,1.2000778486624364,0.999757552820208,0.014201378456511897,0.01680144429345917,0.0009316107222467023
audit,7,2006215,2,0.20000000000000015,-1.5959367231897765,0.1238136157427776,1.2006731658550385,0.9987804381800776,0.03207851728286224,0.03746364510605038,0.002253959430363561
audit,7,2006215,3,0.3000000000000002,-1.5849380193964613,0.11450171463725854,1.201754371279315,0.9978724067841092,0.04148853956232299,0.05020309974561008,0.003001606204592282
audit,7,2006215,4,0.4000000000000003,-1.564145581332816,0.09717619923419865,1.2027472964300177,0.9975768749888475,0.042471244843025314,0.05502160352166206,0.003032324994791664
audit,7,2006215,5,0.5000000000000003,-1.5326441080990554,0.07160427458103918,1.2031550049066813,0.9978454258023257,0.03915831525364606,0.05257864561926998,0.0025726594637238026
audit,7,2006215,6,0.6000000000000004,-1.490912183631397,0.03840527377940829,1.2028106269527,0.9984078542462402,0.034439418827627,0.04463152664950038,0.001926094278182858
audit,7,2006215,7,0.7000000000000005,-1.440458357773697,-0.0015008175336115198,1.2018439543012955,0.9989987245782528,0.028525030912100496,0.03444062844797993,0.0013092038022367762
audit,7,2006215,8,0.8000000000000006,-1.3832363952852447,-0.0469717244898019,1.2005336540626739,0.99946678819106,0.021509094135077986,0.02455253607780883,0.0008192342047897325
audit,7,2006215,9,0.9000000000000007,-1.3211715306893024,-0.0966655045252853,1.1991643085889614,0.9997691732086001,0.01458600584473475,0.015767781691609098,0.0004751797712818883
audit,7,2006215,10,1.0000000000000007,-1.256018957196025,-0.14924548453277417,1.1979347239609646,0.9999390202450203,0.008804828549313644,0.006660611356372881,0.00025892470920402873
audit,7,2006215,11,1.1000000000000008,-1.1894832588966677,-0.2035611775249346,1.1969802085896275,0.9999933565960861,0.0034979442415987026,0.0010146924284841717,0.00014679595152714301
audit,7,2006215,12,1.2000000000000008,-1.122712990116483,-0.25857779370935546,1.1963489869693182,0.9999972401922926,-0.0010939353328343583,-0.002076940875868975,9.607228381425786e-05
audit,7,2006215,13,1.300000000000001,-1.0563450876892164,-0.3134022963260547,1.196023164238312,0.9999799107828982,-0.004320879972310152,-0.004636971468799487,8.076193478428289e-05
audit,7,2006215,14,1.400000000000001,-0.9909201124735467,-0.3673907017382851,1.1959685749824378,0.9999423612845111,-0.006573090669605894,-0.008488726092499272,0.00010058396420845492
audit,7,2006215,15,1.500000000000001,-0.9272112965204794,-0.4200566172566108,1.1961721337347482,0.9998431046138123,-0.010008281529743047,-0.014613679042319758,0.00020209375196364874
audit,7,2006215,16,1.6000000000000012,-0.8663346900249443,-0.4706938074393506,1.1966129440744926,0.9996896862552469,-0.016393220611915855,-0.01875277102905498,0.0003564990695053954
audit,7,2006215,17,1.7000000000000013,-0.8090830667307906,-0.5181177469817301,1.1972014643008115,0.9995640384853279,-0.02251679480796442,-0.019092332000754098,0.00045801446450889475
audit,7,2006215,18,1.8000000000000014,-0.7555090032727916,-0.5611457972981359,1.1978080969263425,0.9995237339921399,-0.026815266293170225,-0.015266888771792527,0.0004108372740163432
audit,7,2006215,19,1.9000000000000015,-0.7048601217427904,-0.598932235520187,1.1983443904050466,0.9995351275498604,-0.029582672868602063,-0.007372602187119126,0.00019747613696540506
audit,7,2006215,20,2.0000000000000013,-0.6555907016120582,-0.6308916214294485,1.1988491989264336,0.9994565638961397,-0.032704841204778144,0.0041145374081288525,-0.00020206090558182874
audit,7,2006215,21,2.0999999999999903,-0.6055375685269762,-0.6564491356004801,1.1993824529614001,0.9993010394211328,-0.0344626241295072,0.014471921626506758,-0.0005688887299526835
audit,7,2006215,22,2.1999999999999793,-0.5526997305316388,-0.6752458160422111,1.1999150855747993,0.9991668794141666,-0.03500241483194289,0.020970489490002773,-0.0007852440621765613
audit,7,2006215,23,2.2999999999999683,-0.49580962333990936,-0.6872102903571384,1.200329586274898,0.9991734462958005,-0.033354890592129226,0.023220795824649473,-0.0008186160443049242
audit,7,2006215,24,2.3999999999999573,-0.4344264706564877,-0.6927263487917792,1.200436031264871,0.9993997080353693,-0.027038150788479456,0.021649780900330737,-0.000670050540173923
audit,7,2006215,25,2.4999999999999463,-0.36883249879515406,-0.6929711316564424,1.2002313834110752,0.999660670890836,-0.018918803393215423,0.017900210188416723,-0.00045213655513194585
audit,7,2006215,26,2.5999999999999353,-0.2997201528449774,-0.6895021274990017,1.1998743630092557,0.9998354082516365,-0.011202934506599642,0.014268129996067452,-0.00026670421838228213
audit,7,2006215,27,2.6999999999999242,-0.2277887031225311,-0.6837598570612742,1.1995190778924192,0.9999061997387881,-0.0072554982988766595,0.011615858335484654,-0.00014595718721609492
audit,7,2006215,28,2.7999999999999132,-0.15358216521207194,-0.6765943675189297,1.1992195811278892,0.9999528590500817,-0.0040480593734177105,0.008825354046130659,-7.758116314151455e-05
audit,7,2006215,29,2.899999999999902,-0.0776538454857183,-0.6686158716413217,1.1989837294666208,0.9999839539617468,-0.0015606191353008656,0.00544562552858146,-3.8072925685724793e-05
audit,7,2006215,30,2.999999999999891,-0.0006635596651055138,-0.6603509208144546,1.1988240789836864,0.9999973244402205,0.0015507715299882313,0.0017162001156133743,-2.961797355033741e-05
audit,7,2006215,31,3.09999999999988,0.07665935920586216,-0.652447898803194,1.1987573236917588,0.9999694888840678,0.007508043883252948,-0.0021554264514167102,-6.866437396554735e-05
audit,7,2006215,32,3.199999999999869,0.15355816380636922,-0.6459489165035551,1.198783484747621,0.9999282989835453,0.01039227815972727,-0.005948592482972646,-0.00010813878858670325
audit,7,2006215,33,3.299999999999858,0.2292595377856814,-0.6414375554762242,1.19887722038149,0.9998920917743441,0.009799295830403046,-0.010943556509161087,-0.0001310697800492009
audit,7,2006215,34,3.399999999999847,0.3027394464818607,-0.638800975225747,1.1990597653642416,0.9997915725436517,0.006543976969577863,-0.019338509774676108,-9.937710601347994e-05
audit,7,2006215,35,3.499999999999836,0.3724775726586196,-0.6374222583755258,1.1993177852669985,0.9996800953339097,0.0016525392028534686,-0.02523838530030663,3.847174660051093e-06
audit,7,2006215,36,3.599999999999825,0.4374289900959407,-0.6362813861955364,1.1994883417763944,0.9997247701943885,-0.0073201316266725625,-0.022288858092807437,7.960944329842973e-05
audit,7,2006215,37,3.699999999999814,0.4980897098906813,-0.6336580880691323,1.1995618858530273,0.9997218322289125,-0.01892871731442218,-0.01406983051641426,4.116958830496433e-05
audit,7,2006215,38,3.799999999999803,0.5559828783298638,-0.6273183676264709,1.1997167628415775,0.9995316735220763,-0.03005172645789566,-0.005772236633077126,-9.299090011359866e-05
audit,7,2006215,39,3.899999999999792,0.612708208469439,-0.6151502038936634,1.199984954715066,0.9993285170311528,-0.036634612359074586,0.0006068185877396164,-0.00022802811037544993
audit,7,2006215,40,3.999999999999781,0.6695218698609338,-0.5958811415637852,1.2002168184363922,0.9992882305158288,-0.037391737385378376,0.004979551336314636,-0.00030723986607363756
audit,7,2006215,41,4.0999999999997705,0.727280135669122,-0.5693341084914167,1.200292543847434,0.9993863316143338,-0.03425716483241306,0.007301280802762818,-0.00031327101407153403
audit,7,2006215,42,4.1999999999997595,0.7864464681564128,-0.5361177087322733,1.2001683667759968,0.9995684038422922,-0.028265977663225174,0.007998199959820252,-0.0002633330945903235
audit,7,2006215,43,4.2999999999997485,0.847139891446774,-0.4973925055986002,1.1998615498968885,0.9997722365765269,-0.02034694144577478,0.006437794777717924,-0.00017816557167781567
audit,7,2006215,44,4.3999999999997375,0.9090358893205953,-0.4546744509439292,1.1994617659277544,0.9999211745366011,-0.012444983152884366,0.001660284456862161,-0.00010277738721831858
audit,7,2006215,45,4.499999999999726,0.9712489726195601,-0.40951346807885564,1.199083015825997,0.999980851954382,-0.004821028109505736,-0.0038789196888422716,-8.599188954682262e-05
audit,7,2006215,46,4.599999999999715,1.0327238052236203,-0.3633956120578838,1.1988096446467262,0.9999653359610527,0.0021376771359031114,-0.008046353904597936,-0.00011576530001571933
audit,7,2006215,47,4.699999999999704,1.0926664280612963,-0.31768349800727413,1.1986678252061163,0.9999219494251093,0.008090029245453843,-0.009519743990916364,-0.00014477239185405698
audit,7,2006215,48,4.799999999999693,1.1507209887233845,-0.2734945214342026,1.1986433753679522,0.9998802182391799,0.010585619783216252,-0.01129007751711298,-0.00016726456117555343
audit,7,2006215,49,4.899999999999682,1.2065652902120254,-0.23134900922028281,1.1986998345361188,0.9998605880506768,0.010654409948076125,-0.012855310946428035,-0.00017027061959494196
audit,7,2006215,50,4.999999999999671,1.2598835181023629,-0.1912748378333475,1.1988050098834022,0.9998540195919877,0.009522026159133048,-0.014186117750649636,-0.00015680157381429098
audit,7,2006215,51,5.09999999999966,1.3104274098202109,-0.15303815902638837,1.1989285959556244,0.9998658901318996,0.006736236647845736,-0.014926852809257065,-0.00011803295325890746
audit,7,2006215,52,5.199999999999649,1.3580654962845755,-0.11610634027660634,1.199043180606157,0.999893380287154,0.0029434225514987167,-0.014302464996834128,-6.177885733713666e-05
audit,7,2006215,53,5.299999999999638,1.4029181728153555,-0.079752559973279,1.199142132166842,0.9999226195740141,-0.000802937902727515,-0.01241410481520407,-1.251416907243727e-05
audit,8,2006216,0,0.0,-1.6,0.16384360727788275,1.2,1.0,0.0,0.0,0.0
audit,8,2006216,1,0.10000000000000007,-1.5996570748114392,0.16352396876475475,1.2000777531708253,0.99975783458009,0.014996652887644095,0.016077512500807373,0.0009413764835905174
audit,8,2006216,2,0.20000000000000015,-1.5961079130286113,0.160219198132578,1.2006727332401583,0.998781135797529,0.033677046112976616,0.03601275057697107,0.0022762108830922316
audit,8,2006216,3,0.3000000000000002,-1.5855471248670845,0.15042127960355506,1.2017541280950326,0.9978724337794729,0.043669818913417126,0.04831484802217433,0.0030378083705884305
audit,8,2006216,4,0.4000000000000003,-1.5655560023235018,0.13218603381735672,1.2027474500979993,0.9975766873589587,0.044863781978967225,0.05308936868442169,0.003084288760993899
audit,8,2006216,5,0.5000000000000003,-1.5352229313234735,0.10524853681822137,1.2031555028800105,0.9978446720375587,0.04097946612182319,0.0511839948281347,0.002625360177453463
audit,8,2006216,6,0.6000000000000004,-1.4949286598220042,0.07033165212514671,1.2028129178154858,0.9984055432618155,0.03534293420886684,0.043970398134827275,0.0019627209310079646
audit,8,2006216,7,0.7000000000000005,-1.4460470795257938,0.028524416477796143,1.2018474503348144,0.9989976609142486,0.02882120029149178,0.03422354959292845,0.001326859027469182
audit,8,2006216,8,0.8000000000000006,-1.3904446374055492,-0.018911896372531007,1.200536796566603,0.9994669755605091,0.021578985181098607,0.02448329687086547,0.0008248253247446785
audit,8,2006216,9,0.9000000000000007,-1.3300156517361241,-0.07058835683832416,1.1991666654617466,0.9997696378443179,0.014647982189336065,0.015680620121958415,0.00047541036314580895
audit,8,2006216,10,1.0000000000000007,-1.2665112123113895,-0.12516714413759875,1.1979402219521869,0.9999360494389944,0.00906107309944019,0.006762283246264733,0.0002559529654161404
audit,8,2006216,11,1.1000000000000008,-1.2016099918695506,-0.18153136286800486,1.196989018713636,0.9999916919838544,0.003936172765111888,0.0010498138044298976,0.0001428222941889428
audit,8,2006216,12,1.2000000000000008,-1.1364654188895424,-0.2386758111707339,1.1963577775984258,0.9999974596710819,-0.0008236867825846745,-0.002096044426912836,9.375088377478265e-05
audit,8,2006216,13,1.300000000000001,-1.0717219504583078,-0.2956795253982,1.1960304262711747,0.9999806567032747,-0.004362286679757824,-0.004432878737151724,7.912213334190674e-05
audit,8,2006216,14,1.400000000000001,-1.0078598233713796,-0.351849542126999,1.195967139678989,0.9999546394652475,-0.006423794163702328,-0.007031831547378061,8.500328289343954e-05
audit,8,2006216,15,1.500000000000001,-0.9454503733145528,-0.40673863590722,1.1961484965783058,0.9998767263916255,-0.009010297326296208,-0.012857678171537006,0.00016332328560417258
audit,8,2006216,16,1.6000000000000012,-0.885552038318562,-0.4597926841921366,1.1965682131504671,0.9997281254866537,-0.01461816835753355,-0.018162661807023913,0.0003193444777139775
audit,8,2006216,17,1.7000000000000013,-0.8291675187019331,-0.5099689064006282,1.197155940239147,0.9995858312937562,-0.020672206102189974,-0.02001547912513419,0.00045427638129506506
audit,8,2006216,18,1.8000000000000014,-0.7766480127357641,-0.5561161322847112,1.1977800332724433,0.9995316285270854,-0.024801354426339135,-0.017922040133662845,0.0004656930944272238
audit,8,2006216,19,1.9000000000000015,-0.7275511807804511,-0.5974063225635222,1.1983262259732848,0.9995543884024455,-0.02788946206747419,-0.01063593872277721,0.0002816708788265341
audit,8,2006216,20,2.0000000000000013,-0.6804657185059495,-0.6332360696234098,1.1987824412239751,0.9995476744623636,-0.030059794289298197,0.0009222958861073363,-6.792983801293606e-05
audit,8,2006216,21,2.0999999999999903,-0.6331880957809272,-0.6631359404990613,1.19927234135912,0.9993738291377852,-0.03287493481770209,0.013074279478514424,-0.0005015090535557191
audit,8,2006216,22,2.1999999999999793,-0.5834032428184717,-0.6865666210538166,1.1998612334296177,0.9991307944386114,-0.03572171803562459,0.021468707217650956,-0.0008420661826250825
audit,8,2006216,23,2.2999999999999683,-0.529477010578139,-0.7030790527305002,1.2003373364397527,0.9991210257843322,-0.0336606117330646,0.024965943379325846,-0.0009169103556816471
audit,8,2006216,24,2.3999999999999573,-0.47072508955617015,-0.7130590980977717,1.2004925818656784,0.9993303099687516,-0.027563981669804158,0.024053753733756227,-0.0007585667946988419
audit,8,2006216,25,2.4999999999999463,-0.407300319371868,-0.7176683765875392,1.2003311396669936,0.9995950746830736,-0.019873575731259422,0.020358138186227576,-0.0005233226405874914
audit,8,2006216,26,2.5999999999999353,-0.33990766660314714,-0.718426807732898,1.1999411559270818,0.9998318282039905,-0.01017873846785101,0.015251607554770893,-0.0003115452842519996
audit,8,2006216,27,2.6999999999999242,-0.2694878573415963,-0.7171155280300358,1.199513237920783,0.9999246394454273,-0.0038501416490105554,0.011656161510433744,-0.00016043085221146837
audit,8,2006216,28,2.7999999999999132,-0.19675042496430864,-0.7149559092777573,1.1991756740649635,0.9999479545152348,-0.002871667214781278,0.00978955058039677,-8.054589009896889e-05
audit,8,2006216,29,2.899999999999902,-0.12210224424588294,-0.7122430968750119,1.19892984450741,0.999969628748566,-0.002064673630206112,0.0075151052097409896,-4.3553914638915246e-05
audit,8,2006216,30,2.999999999999891,-0.045990660232651456,-0.7091090227480056,1.1987640609828323,0.9999883076229362,-0.0017209934442585064,0.004519111886880269,-2.0657581665758455e-05
audit,8,2006216,31,3.09999999999988,0.03099551593464496,-0.7056669587668639,1.1986741773154483,0.9999995553856361,-0.00021217792229812432,0.0009186618090898711,-1.641771040075496e-05
audit,8,2006216,32,3.199999999999869,0.10815184540499702,-0.702265650829287,1.1986632641288348,0.9999800064163866,0.0054810263891515556,-0.0031529558578898787,-6.313922991623998e-05
audit,8,2006216,33,3.299999999999858,0.18468903632148997,-0.6998711671019596,1.1987349565491776,0.99993935933394,0.008386368905785197,-0.007136899359243299,-0.00010554118764094121
audit,8,2006216,34,3.399999999999847,0.2597183440430003,-0.6990692322817201,1.1989014514110201,0.999844091349332,0.007700670910065671,-0.015889424075037815,-0.00013734601388091773
audit,8,2006216,35,3.499999999999836,0.3316288205291899,-0.6997559330431614,1.1991967336781113,0.999670060570527,0.005562214269093433,-0.0250762062610661,-0.00012510354858392007
audit,8,2006216,36,3.599999999999825,0.39872561733548606,-0.7014749131651729,1.1995093646480894,0.9996017438399815,0.00048793372380013974,-0.028215513148528285,-2.1225324071953433e-05
audit,8,2006216,37,3.699999999999814,0.46045670562196106,-0.7031647783229881,1.1996507892748531,0.9996939010253946,-0.010840449845138255,-0.02223933458589657,2.9949288595021653e-05
audit,8,2006216,38,3.799999999999803,0.5179082753165789,-0.7026958782436766,1.1996929466606137,0.9996444042849569,-0.024254727678810865,-0.011079744001343313,-0.00011153413985464743
audit,8,2006216,39,3.899999999999792,0.5731413538436565,-0.6975004524948185,1.199859113168071,0.9993865855165137,-0.03497754193093956,-0.0017126758309860609,-0.0003016481561529098
audit,8,2006216,40,3.999999999999781,0.6279875420043078,-0.6855229162621218,1.2001317292107814,0.9991899344908359,-0.03999726333693928,0.004417379399607408,-0.00042484937882944366
audit,8,2006216,41,4.0999999999997705,0.6836663959772526,-0.6657830314381972,1.2003214190523548,0.9991973375538182,-0.03921418523957253,0.00816785984869994,-0.0004629976783001992
audit,8,2006216,42,4.1999999999997595,0.74091140838849,-0.6384262488758032,1.2002862751221002,0.9993789503820603,-0.03390251303498683,0.009600328264799852,-0.00040846098016828164
audit,8,2006216,43,4.2999999999997485,0.7999957755426075,-0.6044560939562711,1.2000145367464006,0.9996152612597764,-0.02641372555564363,0.008459266365765526,-0.00029218379901636593
audit,8,2006216,44,4.3999999999997375,0.8606846099072256,-0.5652992224436291,1.1996027657650699,0.999807738837194,-0.019130733620791384,0.004298066807749478,-0.00016435967891557907
audit,8,2006216,45,4.499999999999726,0.922216166895793,-0.5223943860322385,1.19916063225177,0.9999305566011855,-0.011781550138338202,-0.00026316711412672133,-8.82873162165011e-05
audit,8,2006216,46,4.599999999999715,0.9837223590540891,-0.4771700215522523,1.198778343039701,0.9999829562778433,-0.004795984076844414,-0.0033289180490833348,-6.320745113497788e-05
audit,8,2006216,47,4.699999999999704,1.0445575274260563,-0.43097841674842935,1.198518739420694,0.9999762433444142,0.000726856171401692,-0.006854102511562208,-7.553581382561458e-05
audit,8,2006216,48,4.799999999999693,1.1040779973968833,-0.38491325945450966,1.1983955784934701,0.9999470563981712,0.005083505410205852,-0.008946106326088648,-9.774957497677376e-05
audit,8,2006216,49,4.899999999999682,1.1618879295766118,-0.3398194070163933,1.1983766913584954,0.9999340822327774,0.007899368666091545,-0.00833196896598489,-9.724771559434243e-05
audit,8,2006216,50,4.999999999999671,1.2180686391492284,-0.29622790406141436,1.1984237163260325,0.9999430344171738,0.008051127626018227,-0.007007196179090623,-8.041287912076348e-05
audit,8,2006216,51,5.09999999999966,1.2728734985553636,-0.25419172263713974,1.1985115758552736,0.9999621192529995,0.006561902421262205,-0.005718227670576397,-5.803422249657035e-05
audit,8,2006216,52,5.199999999999649,1.3265573488844862,-0.21343743940416834,1.1986285519689683,0.9999795910860432,0.004670672076323753,-0.004358997407798623,-3.708561423858114e-05
audit,8,2006216,53,5.299999999999638,1.3793617706283992,-0.17359736269640266,1.19877109140235,0.9999879027386334,0.0026752457872796427,-0.004127589443695905,-2.101787350631793e-05
audit,9,2006217,0,0.0,-1.6,0.12786345190494705,1.2,1.0,0.0,0.0,0.0
audit,9,2006217,1,0.10000000000000007,-1.5996486693138692,0.12755061449097319,1.20007830421255,0.999756153570646,0.014677575765844754,0.016471522487420287,0.0009439884587898397
audit,9,2006217,2,0.20000000000000015,-1.5960181370271378,0.12431256190344332,1.2006753390580474,0.9987765497750559,0.03313420049843868,0.03663798256052542,0.0022774131504375455
audit,9,2006217,3,0.3000000000000002,-1.5852550303580808,0.11468801610016048,1.201757518436387,0.9978690078923753,0.043012943035813635,0.048970672126458455,0.0030336596324629507
audit,9,2006217,4,0.4000000000000003,-1.5649353463371776,0.09675339759970887,1.2027496121761865,0.9975755659465997,0.04422374906202028,0.05364511950075628,0.0030743127637402013
audit,9,2006217,5,0.5000000000000003,-1.5341687698538382,0.07023751747195599,1.2031549575241591,0.9978458531452169,0.04062563353586689,0.05144294102418703,0.00261439849407532
audit,9,2006217,6,0.6000000000000004,-1.4933910785225162,0.035810688497670586,1.2028086397333837,0.9984084529583015,0.03535891627947624,0.04389173226165211,0.0019554897146837097
audit,9,2006217,7,0.7000000000000005,-1.444040211229442,-0.005508388144904044,1.201840155505507,0.9990001667184628,0.029131056094874142,0.033886537462397455,0.0013232709817752504
audit,9,2006217,8,0.8000000000000006,-1.3880308082288269,-0.052513472629351084,1.200528360822086,0.9994682118804633,0.021969952515147592,0.02408183642425297,0.0008244885606266506
audit,9,2006217,9,0.9000000000000007,-1.3272713144458514,-0.10383309592165474,1.1991585525483677,0.9997699959868205,0.01496147007181998,0.015358462013297451,0.00047663653874978904
audit,9,2006217,10,1.0000000000000007,-1.2635000393334221,-0.15810806788115805,1.1979296428694357,0.9999392768704602,0.008881786556763251,0.0065182799581864305,0.00026165956829799804
audit,9,2006217,11,1.1000000000000008,-1.198398981394534,-0.21414280700610858,1.1969743588420145,0.999993305486197,0.0036558846531311064,-1.1003192489430572e-05,0.00015286963000189432
audit,9,2006217,12,1.2000000000000008,-1.1332334229235321,-0.2709063486414518,1.1963428176921276,0.999995889108204,-0.0009096573983572708,-0.0027174353414358803,9.917296447841223e-05
audit,9,2006217,13,1.300000000000001,-1.0685963392523208,-0.32751528795464235,1.1960157144974284,0.9999813174142511,-0.004115492746411634,-0.004519018697002105,7.753662968247582e-05
audit,9,2006217,14,1.400000000000001,-1.0048935922601885,-0.383327972381019,1.1959602417560613,0.9999442816874368,-0.006345399699906797,-0.008435635643685272,9.733721083614252e-05
audit,9,2006217,15,1.500000000000001,-0.942906795070083,-0.4378661364103366,1.196167463265086,0.9998380042153923,-0.009622918307413058,-0.015209312695149722,0.00020390481101515171
audit,9,2006217,16,1.6000000000000012,-0.8838591172312152,-0.4904578894467881,1.1966093190554596,0.9996881067407865,-0.01552184175039794,-0.019561121367480977,0.0003524209772654626
audit,9,2006217,17,1.7000000000000013,-0.8286034357573494,-0.540003121362028,1.197196384011063,0.9995645119226074,-0.021349554775763484,-0.020365830732322367,0.0004647089183453979
audit,9,2006217,18,1.8000000000000014,-0.7772205413158656,-0.5853602975563886,1.1977832884553261,0.999543165554482,-0.026486963816180327,-0.014552485451474919,0.00035511731950326234
audit,9,2006217,19,1.9000000000000015,-0.7286256983057878,-0.6255485252089892,1.1982930387428528,0.9995433373075329,-0.029901174517221907,-0.004362504166463106,7.186102352162624e-05
audit,9,2006217,20,2.0000000000000013,-0.6808622176082654,-0.659870205100672,1.1987875744415175,0.9994505222093452,-0.03238140070183452,0.007071659179907642,-0.00030030067872827414
audit,9,2006217,21,2.0999999999999903,-0.6317233699121662,-0.6878138336498523,1.1993630270890534,0.9992346131067538,-0.03503059957363883,0.017394595088147433,-0.0006878405528011828
audit,9,2006217,22,2.1999999999999793,-0.5792408645109046,-0.7089081042899824,1.1999504913340864,0.9990925312907939,-0.0356904008732242,0.0232273191093777,-0.0008949030409887963
audit,9,2006217,23,2.2999999999999683,-0.5222740588538449,-0.7231036501664029,1.2002947095472314,0.9992257710014106,-0.03095913566169136,0.024263039790947145,-0.0008338979673994567
audit,9,2006217,24,2.3999999999999573,-0.46061194313564224,-0.7312838025783397,1.2002794131358896,0.9994999004437775,-0.023123043681082155,0.02156150222017897,-0.0006127689705201837
audit,9,2006217,25,2.4999999999999463,-0.3947454703735222,-0.7349350577781318,1.2000102877572096,0.9997362841302954,-0.015190510005595013,0.01721808052774034,-0.0003851000628650283
audit,9,2006217,26,2.5999999999999353,-0.32549964671057285,-0.7356233268245518,1.1996264129508944,0.999894216848602,-0.006782632441647225,0.012864917280225456,-0.00021192747719009619
audit,9,2006217,27,2.6999999999999242,-0.25369111644805087,-0.7349013634826039,1.1992723451432146,0.9999441233396171,-0.002180906640390073,0.010343292347384646,-0.00010073830933349786
audit,9,2006217,28,2.7999999999999132,-0.17984446590705475,-0.7336714790193505,1.1990120072329316,0.999961394191473,-0.002281674942158436,0.00848539236896337,-4.693025587786947e-05
audit,9,2006217,29,2.899999999999902,-0.10434470128902854,-0.7320034207581226,1.1988350899229796,0.9999792102223949,-0.0024394190716045035,0.005968898474410104,-2.4669646406992454e-05
audit,9,2006217,30,2.999999999999891,-0.027682326454267065,-0.7298630399853977,1.1987315607588511,0.9999936707880833,-0.0020124594770226344,0.0029339815490650534,-1.1953988682230908e-05
audit,9,2006217,31,3.09999999999988,0.04954521084710363,-0.7273518969430852,1.1986961761271626,0.9999997240624549,-0.0004508659643909747,-0.0005902948716658973,-1.2118600536607718e-05
audit,9,2006217,32,3.199999999999869,0.12664592440457492,-0.7248396362927177,1.1987315672232937,0.9999748042806997,0.0054083623841100605,-0.004597368263327912,-6.800844617342747e-05
audit,9,2006217,33,3.299999999999858,0.20284224291225167,-0.7233179503878359,1.1988416969041427,0.9999271578514064,0.008469625494967471,-0.008598274390004029,-0.00011879687348171722
audit,9,2006217,34,3.399999999999847,0.2772373284811671,-0.7233789120683041,1.1990399279163966,0.9998217007646373,0.006662857408765088,-0.017668058833003455,-0.000112731231081239
audit,9,2006217,35,3.499999999999836,0.34819411089202756,-0.7247136649260697,1.1993430267035727,0.999662638229764,0.0027012959231560866,-0.02583237968624939,-2.9792435812357646e-05
audit,9,2006217,36,3.599999999999825,0.4141974583376657,-0.7265252949111872,1.1996298516378698,0.9996187706983445,-0.0038607026194967175,-0.027338564143174423,0.00010560967498851835
audit,9,2006217,37,3.699999999999814,0.4750030925625078,-0.7274753767253069,1.1997618179679892,0.999679219879161,-0.015595984316153924,-0.019955296226623623,9.363498357064159e-05
audit,9,2006217,38,3.799999999999803,0.5319491591194563,-0.725360572754578,1.1998446487153756,0.9995737955248032,-0.027868730842847415,-0.00869193703346302,-0.00010663936167315657
audit,9,2006217,39,3.899999999999792,0.5871327370491137,-0.7178198299611542,1.2000486912520514,0.999326820972021,-0.036685207952174066,-9.714928806543304e-05,-0.0003016048313637787
audit,9,2006217,40,3.999999999999781,0.6422470948022733,-0.7031591339834291,1.2003068382651159,0.9991855357200575,-0.04001237535558672,0.005206615248360354,-0.0004076565717126732
audit,9,2006217,41,4.0999999999997705,0.6983545361906577,-0.6807320560177941,1.2004332903902692,0.9992467127521318,-0.037875136091941465,0.008443690602077097,-0.00043035925856982837
audit,9,2006217,42,4.1999999999997595,0.7560774993843214,-0.6509516558818818,1.2003090967125016,0.9994642894886738,-0.03139053373508955,0.009254103199193899,-0.0003605588793890789
audit,9,2006217,43,4.2999999999997485,0.8155717274482043,-0.6150366697049552,1.1999638134441515,0.9996965460972289,-0.023468713814508643,0.007481739359128226,-0.00024242385659700404
audit,9,2006217,44,4.3999999999997375,0.8764866942050591,-0.5744970957275687,1.199524934298508,0.9998574031032039,-0.01659662390162327,0.003115911985917341,-0.00012894681545625277
audit,9,2006217,45,4.499999999999726,0.9380222074066746,-0.5306989031294151,1.1990981801965805,0.9999484992397876,-0.010088825909939349,-0.0010999698763899722,-6.727649958047722e-05
audit,9,2006217,46,4.599999999999715,0.9993641362347455,-0.4849135808761817,1.198751320785801,0.9999844715677663,-0.0039493271069359235,-0.00393152541744179,-5.0464142929753025e-05
audit,9,2006217,47,4.699999999999704,1.0599417863139033,-0.4383329713804776,1.198523746296434,0.9999808239249566,0.00102891816703726,-0.0061065335980447595,-5.794123489781442e-05
audit,9,2006217,48,4.799999999999693,1.1193786773357144,-0.39193880046033774,1.1984107271922069,0.9999733373244156,0.004938553457669648,-0.0053789054134299385,-5.202470633873868e-05
audit,9,2006217,49,4.899999999999682,1.1777490521409797,-0.3464713170604228,1.1983922331641823,0.9999681492492218,0.006557471688003024,-0.004549527309732873,-4.3051193563145253e-05
audit,9,2006217,50,4.999999999999671,1.2352214452977912,-0.30226194453000216,1.198446048988292,0.999971315402613,0.0063067122731904545,-0.00419433894688594,-3.5680103227655655e-05
audit,9,2006217,51,5.09999999999966,1.2918601121905464,-0.2592844406113056,1.198552424201633,0.9999754222188458,0.005557639957608634,-0.004273958164674572,-2.9630225030822622e-05
audit,9,2006217,52,5.199999999999649,1.347647571112274,-0.21740446131321767,1.198700041482859,0.9999744712415304,0.005097866205115784,-0.005006777462285191,-2.8369365547167364e-05
audit,9,2006217,53,5.299999999999638,1.402426308473664,-0.17652892628066952,1.1988809344362654,0.9999637050075971,0.004869391761592176,-0.006991170816066942,-3.495673678709729e-05
audit,10,2006218,0,0.0,-1.6,-0.010010670321930287,1.2,1.0,0.0,0.0,0.0
audit,10,2006218,1,0.10000000000000007,-1.5996377606875936,-0.010310809109540289,1.200078304250106,0.9997561629915276,0.014082148929355111,0.016983391292887954,0.0009338426960759042
audit,10,2006218,2,0.20000000000000015,-1.5958948160320228,-0.013418221098337731,1.200675329735058,0.9987766159521441,0.031835391002364787,0.03777158760325574,0.002255321892263332
audit,10,2006218,3,0.3000000000000002,-1.5848066875299955,-0.02266698848110363,1.2017581671906912,0.9978683230813772,0.041642721561609815,0.05015639836382853,0.0030048685281252483
audit,10,2006218,4,0.4000000000000003,-1.5639404164764104,-0.039969242723591585,1.202752762076614,0.997573392230913,0.043553090024863794,0.054232303868802234,0.0030516682776195615
audit,10,2006218,5,0.5000000000000003,-1.5325138490754124,-0.06572240755264203,1.2031596014010726,0.9978454499223963,0.04081688695966795,0.0512994805160288,0.002608276610696315
audit,10,2006218,6,0.6000000000000004,-1.491092542070029,-0.0994100776587039,1.2028138108742892,0.9984082334067225,0.0357129225561817,0.043608776498278545,0.001965003940493299
audit,10,2006218,7,0.7000000000000005,-1.4411416844896257,-0.1400459711711985,1.2018467265699118,0.9989994336119828,0.028875321530292226,0.03412556166868313,0.0013392125510261106
audit,10,2006218,8,0.8000000000000006,-1.3844936397360237,-0.18632691565328394,1.2005355551185777,0.9994684002780208,0.021475126011306314,0.024516143257561258,0.0008333836261978881
audit,10,2006218,9,0.9000000000000007,-1.3230126190957137,-0.23682774324370087,1.1991654039130522,0.9997706883201475,0.014483416474801062,0.01576612309365397,0.0004804015748705095
audit,10,2006218,10,1.0000000000000007,-1.258430227256745,-0.2901922029391822,1.1979403089419725,0.9999367062306124,0.008519356027723263,0.007344037919456405,0.0002630828489112296
audit,10,2006218,11,1.1000000000000008,-1.1923579558611108,-0.3452369300661868,1.1969874155590114,0.9999946299451284,0.003049919020818601,0.0011893576185673881,0.00015330794782986428
audit,10,2006218,12,1.2000000000000008,-1.1260235728469787,-0.4009073579509358,1.1963569870775381,0.9999948500787171,-0.0010721762491917783,-0.003023102738322271,0.00010537536748096943
audit,10,2006218,13,1.300000000000001,-1.0602964382031954,-0.45639568381681384,1.1960387381060826,0.9999658245326023,-0.0034540667310462136,-0.007510676175266812,9.451581869727813e-05
audit,10,2006218,14,1.400000000000001,-0.9961056924265274,-0.5111665263055913,1.1960282204861474,0.9998656412571193,-0.007297209126246794,-0.014677021484947317,0.0001876507076839609
audit,10,2006218,15,1.500000000000001,-0.9347339931207266,-0.5644742020327935,1.1962842124673674,0.999743319431988,-0.012692841737869876,-0.01876418742471027,0.00030379272167291896
audit,10,2006218,16,1.6000000000000012,-0.8769013743624107,-0.6152490582823579,1.196668763265022,0.9996960781157976,-0.01978921254888852,-0.014699428929940335,0.0002554519949646062
audit,10,2006218,17,1.7000000000000013,-0.8218778197847926,-0.6621319097184177,1.19713004825688,0.9996188119209968,-0.02702151463571832,-0.00566284494927111,2.8062912696438246e-05
audit,10,2006218,18,1.8000000000000014,-0.7679623637936959,-0.7037290924531518,1.1976973054733755,0.9994652411094406,-0.032477168791921175,0.0037939092402403,-0.0002675331497581325
audit,10,2006218,19,1.9000000000000015,-0.7133133376765327,-0.738989246955869,1.1983394092356623,0.9993141785100759,-0.03496441099137038,0.012180770373833447,-0.0005398387345795621
audit,10,2006218,20,2.0000000000000013,-0.6563178397848742,-0.767442577361279,1.1989368929210626,0.9992711630212705,-0.033797553542477286,0.01773183899482654,-0.0006708312179845035
audit,10,2006218,21,2.0999999999999903,-0.5958949999628625,-0.7893049011500247,1.199369682628318,0.9993518556577914,-0.030037147894330266,0.019829869748540563,-0.0006438986405184038
audit,10,2006218,22,2.1999999999999793,-0.5316702670078705,-0.8053360653889017,1.199527662989615,0.9995798497063019,-0.02338098236398816,0.017123622313323473,-0.00048506050591942836
audit,10,2006218,23,2.2999999999999683,-0.4640940078141763,-0.8167984673468286,1.1994512120235652,0.9997860733455022,-0.01579448961787608,0.013350840997362152,-0.0003109449427253794
audit,10,2006218,24,2.3999999999999573,-0.39388702615470816,-0.8251236494434055,1.1992981859741687,0.9998947403355488,-0.010245852265491118,0.010271220517627331,-0.0001810793670895526
audit,10,2006218,25,2.4999999999999463,-0.3216576191755828,-0.8314189703259172,1.19914947605986,0.9999527047392879,-0.006101361085938857,0.007573110646488223,-9.834946028910149e-05
audit,10,2006218,26,2.5999999999999353,-0.2479135401718351,-0.8364691982299604,1.1990484775011283,0.9999708847410537,-0.004359873781678203,0.006262443539842431,-5.4513416894701904e-05
audit,10,2006218,27,2.6999999999999242,-0.17293095706116288,-0.8406506281737376,1.1990070484874258,0.9999773310599482,-0.0036910641867406863,0.005631368631055379,-3.314714180049161e-05
audit,10,2006218,28,2.7999999999999132,-0.09686047982306652,-0.8440732911291826,1.1990146778745117,0.9999806143398565,-0.00462568192566919,0.004168174603824568,-1.8212040063046848e-05
audit,10,2006218,29,2.899999999999902,-0.019996503388252453,-0.8466130323873151,1.1990559579973037,0.9999881714345996,-0.0046601305075128895,0.0013928849815132034,-6.779961223071989e-06
audit,10,2006218,30,2.999999999999891,0.057137437031681435,-0.8481796690695783,1.199134670193517,0.9999736517950558,-0.007069181214446957,-0.0016498116774054275,2.267261912445812e-05
audit,10,2006218,31,3.09999999999988,0.13396082099581005,-0.848469479142306,1.1992273764392094,0.9999805559912047,-0.004832192514816126,-0.003941696164434272,2.4215072303701967e-05
audit,10,2006218,32,3.199999999999869,0.2099874395971731,-0.8478955510516196,1.1993177249329452,0.9999713678530033,0.0025936725075017012,-0.0071087331407565756,-4.7436819391896075e-05
audit,10,2006218,33,3.299999999999858,0.28455661156408424,-0.8477007052306555,1.1994539738259995,0.9999032143637638,0.004096511383723762,-0.013295684847760425,-7.25529117165809e-05
audit,10,2006218,34,3.399999999999847,0.3565235828877349,-0.8482195132839006,1.1996420252820699,0.9998134071147854,-0.00012837709576874566,-0.01931668310600523,1.5054164919121931e-05
audit,10,2006218,35,3.499999999999836,0.4247809705586904,-0.8486711979786303,1.19983514123525,0.999759278917769,-0.0066669821470595695,-0.020902546727295405,0.00013822874760668438
audit,10,2006218,36,3.599999999999825,0.4890658653193631,-0.847741517257632,1.1999693134831837,0.9997406546489015,-0.0166876862594194,-0.01549607500399698,0.0001273929483797654
audit,10,2006218,37,3.699999999999814,0.5503587567300874,-0.8435476260511717,1.2000972262730267,0.9996304511145203,-0.02633346301968561,-0.006746043921277803,-2.8659789817499398e-05
audit,10,2006218,38,3.799999999999803,0.6102880800928785,-0.8342312287013175,1.2002871778827988,0.9994655869074239,-0.032687621088161894,0.0001638775971173499,-0.0001820975829575356
audit,10,2006218,39,3.899999999999792,0.6701944837513739,-0.8185455126724787,1.2005001015032066,0.9993592909193804,-0.035589555478249164,0.003785331150650928,-0.00024992409753839446
audit,10,2006218,40,3.999999999999781,0.7308135085670209,-0.7959354452111641,1.2006229430396662,0.9993832277945894,-0.03471004117715838,0.005321035094163336,-0.0002522496312330351
audit,10,2006218,41,4.0999999999997705,0.792447316181679,-0.7665970865337466,1.20053691729642,0.9995547114048468,-0.029391386818719174,0.005146335514170989,-0.00020129585593624556
audit,10,2006218,42,4.1999999999997595,0.8550309987755875,-0.7315001128606295,1.2002663268258866,0.9997285322807339,-0.023224613595068173,0.0018624381205889057,-0.00010193829804793583
audit,10,2006218,43,4.2999999999997485,0.9179815316883408,-0.691874384393506,1.1998975739425104,0.9998706921162085,-0.01598033142962413,-0.001796237751733163,-3.980444409368347e-05
audit,10,2006218,44,4.3999999999997375,0.9805667708138016,-0.6491364111665616,1.199503970852667,0.9999554653205652,-0.007468371130481104,-0.005769659935348477,-4.28067909988312e-05
audit,10,2006218,45,4.499999999999726,1.042056065120031,-0.6048941211938866,1.1991788596429778,0.9999675827979149,-0.0008282575992201605,-0.008008921316306252,-6.724577013615736e-05
audit,10,2006218,46,4.599999999999715,1.1019984866858579,-0.5604219379312726,1.1989573325522664,0.9999619638078159,0.002039090933825037,-0.008479857614847191,-7.1137972963799e-05
audit,10,2006218,47,4.699999999999704,1.1603149108335724,-0.5162987200318603,1.1988188753811544,0.9999744973139142,0.0018541195829911623,-0.006896655345362536,-5.574408192064352e-05
audit,10,2006218,48,4.799999999999693,1.2173345039835026,-0.47251736397667227,1.1987359019581214,0.9999973349062531,0.00028190223662569625,-0.0022910426211622957,-4.283954063320322e-05
audit,10,2006218,49,4.899999999999682,1.2738899422367707,-0.4287776589939738,1.1987155210655496,0.9999960860474745,-0.001997293546555884,0.001958798146533372,-4.263852491221788e-05
audit,10,2006218,50,4.999999999999671,1.3307987820268319,-0.38465130075382564,1.1987627170561426,0.999982544310823,-0.0040318620833909745,0.004318915411704247,-4.616775505461408e-05
audit,10,2006218,51,5.09999999999966,1.3885289645427494,-0.3397608538475698,1.1988587013620726,0.999976356801902,-0.004607187653555527,0.005104687149902259,-4.275770832267152e-05
audit,11,2006219,0,0.0,-1.6,0.19526145448792273,1.2,1.0,0.0,0.0,0.0
audit,11,2006219,1,0.10000000000000007,-1.5996646914485249,0.19493608956997155,1.20007722441114,0.9997594499060495,0.0152653298404087,0.015720503727125298,0.0009369050018647418
audit,11,2006219,2,0.20000000000000015,-1.596190997945055,0.19157318071465682,1.2006701808850553,0.9987856313533153,0.034225288810907306,0.035365689717506504,0.0022716070908781506
audit,11,2006219,3,0.3000000000000002,-1.585829497477585,0.1816109568220961,1.2017506238568452,0.9978760079228888,0.04433949788579172,0.04762609207031547,0.0030392586638640605
audit,11,2006219,4,0.4000000000000003,-1.5661690771666839,0.163083196290704,1.2027445888354644,0.9975783427583528,0.04542666002735768,0.052576727353281165,0.0030913361312057464
audit,11,2006219,5,0.5000000000000003,-1.5362636095822229,0.13574679765970074,1.2031547563467986,0.9978438446908263,0.0411865798819093,0.05103330462319752,0.0026323125760536786
audit,11,2006219,6,0.6000000000000004,-1.4964265512345876,0.10039017943383005,1.202815760976013,0.9984024624846447,0.03517453937124691,0.04417477266143527,0.001965742844243568
audit,11,2006219,7,0.7000000000000005,-1.4479662470701984,0.05817191042021737,1.2018531912745483,0.9989948729132576,0.028506797988789263,0.03456657977564693,0.001325867288308233
audit,11,2006219,8,0.8000000000000006,-1.39271845754021,0.010385972629231074,1.2005436998903336,0.999465200903692,0.021183167182675825,0.024897955423792587,0.0008230591527128311
audit,11,2006219,9,0.9000000000000007,-1.3325665998125795,-0.04156644600486972,1.1991732704983546,0.9997688709480401,0.014364025387319037,0.015989245978413773,0.00047272718926448726
audit,11,2006219,10,1.0000000000000007,-1.2692445473221694,-0.09635687338925593,1.1979567989104527,0.9999274304646382,0.008520567259615636,0.008512742009276661,0.0002587690933962385
audit,11,2006219,11,1.1000000000000008,-1.2042219571638804,-0.15283453805320285,1.1970123039855194,0.9999906643958358,0.0034394180846834075,0.002611539912519661,0.0001462316602856719
audit,11,2006219,12,1.2000000000000008,-1.1386599697636135,-0.20999892085184405,1.1963806334017544,0.9999979993680841,-0.0009614534409404416,-0.00175129605303636,9.914253922646015e-05
audit,11,2006219,13,1.300000000000001,-1.0734209153836969,-0.26699002420090945,1.1960524474691014,0.9999790589802386,-0.004394921425744755,-0.004749608680014417,8.651036865490944e-05
audit,11,2006219,14,1.400000000000001,-1.0091155507821856,-0.32314527255965947,1.195987407945225,0.999953108828048,-0.00621113481782711,-0.007429268272151016,8.900750802395901e-05
audit,11,2006219,15,1.500000000000001,-0.9463141299753127,-0.37806560139285544,1.1961554963698646,0.9998933179420415,-0.008316241930490404,-0.012007227928838193,0.00013904126278621882
audit,11,2006219,16,1.6000000000000012,-0.8858956515861269,-0.43130387160654726,1.1965520556014837,0.9997624678274712,-0.012676860115365403,-0.01772647531432191,0.0002778741990511631
audit,11,2006219,17,1.7000000000000013,-0.8289546417938117,-0.482029043609122,1.1971546594870324,0.9995773077410904,-0.01814078416264961,-0.022713253315402374,0.00047531344129088854
audit,11,2006219,18,1.8000000000000014,-0.7764064243702241,-0.5291942355872306,1.1978542067070341,0.9994496853232484,-0.02315991547014117,-0.023740124521277935,0.0005927144240164655
audit,11,2006219,19,1.9000000000000015,-0.7283742369555104,-0.5718075891868082,1.1984690686540915,0.9994602858069974,-0.028141655272815497,-0.016940723739541984,0.00044295855397307485
audit,11,2006219,20,2.0000000000000013,-0.68356727348832,-0.6089541180944461,1.1989007511625007,0.9995269954893441,-0.03044991475070822,-0.0043104605086751934,8.893774310974604e-05
audit,11,2006219,21,2.0999999999999903,-0.639595309247908,-0.6400977601983698,1.1992924763394137,0.9994138096416795,-0.033012476875268155,0.009059717231822273,-0.00036741222698567023
audit,11,2006219,22,2.1999999999999793,-0.5938804060775795,-0.6647685501331421,1.1997663999216344,0.9991991981110487,-0.03469892325316545,0.019909038879658603,-0.0007598619584586177
audit,11,2006219,23,2.2999999999999683,-0.5443216870295321,-0.6826401169703011,1.2002506194910723,0.9990502626497404,-0.03473965589534728,0.026283067619382233,-0.0009640354106596361
audit,11,2006219,24,2.3999999999999573,-0.4896784905661209,-0.6937494653699763,1.200566223191654,0.9991101964869047,-0.031785043715526984,0.027706447038147116,-0.000937584355625328
audit,11,2006219,25,2.4999999999999463,-0.42967431194046685,-0.69871758715174,1.2005208325832706,0.9993984134584512,-0.024281273768294986,0.024753037404998453,-0.0007197639518880891
audit,11,2006219,26,2.5999999999999353,-0.36485316612238594,-0.6989616746011901,1.2001464518261458,0.9996989786573259,-0.014846099469618622,0.019527891771559443,-0.0004548021485212519
audit,11,2006219,27,2.6999999999999242,-0.2961773590451249,-0.6962687025974871,1.199659390200664,0.9998605448318816,-0.006816478224053442,0.015243571283120564,-0.0002450462206400731
audit,11,2006219,28,2.7999999999999132,-0.22448573312218026,-0.6921542572805676,1.1992259047014628,0.9999191015689205,-0.0032272968499485856,0.012302902819002502,-0.00011599512847207475
audit,11,2006219,29,2.899999999999902,-0.15038294442144465,-0.687402379296777,1.1988847349319625,0.9999570369641985,-0.0006413986945237578,0.009247172662382418,-5.129567656881579e-05
audit,11,2006219,30,2.999999999999891,-0.07447352113856097,-0.6825037955905957,1.1986370113319782,0.9999832632338524,0.0010613736854713691,0.0056873824090213606,-2.0479462327402292e-05
audit,11,2006219,31,3.09999999999988,0.002554067613033994,-0.6778650016628983,1.198491271157004,0.9999857986493575,0.00485732193008654,0.0021928021073663985,-2.328498966747427e-05
audit,11,2006219,32,3.199999999999869,0.07998932268947957,-0.6741825153499137,1.1984559382834212,0.9999553886433623,0.009172747327692406,-0.002253226878424785,-6.631891113162987e-05
audit,11,2006219,33,3.299999999999858,0.1569746592965547,-0.6722689498275035,1.1985248404728785,0.9999074406711252,0.01159922869958467,-0.007110021820215697,-0.0001247950705352047
audit,11,2006219,34,3.399999999999847,0.23247363462843562,-0.6725685971956739,1.1986957614832217,0.9998173140993968,0.010525359132150516,-0.01595389043004215,-0.00016918141950225126
audit,11,2006219,35,3.499999999999836,0.30482942214460024,-0.6749195752236277,1.1990000060952775,0.9996403020747485,0.008059944499206483,-0.02557877477388028,-0.00017333102140470538
audit,11,2006219,36,3.599999999999825,0.37227118918274466,-0.6787971956243243,1.1993337317451789,0.9995656428868086,0.00297796379449659,-0.029319808192192716,-7.835491481352188e-05
audit,11,2006219,37,3.699999999999814,0.4341254239933983,-0.6831281431185829,1.199487421897455,0.9996716182019788,-0.008644233702184702,-0.024123283106087412,1.4047177097306996e-05
audit,11,2006219,38,3.799999999999803,0.49132396765593955,-0.6857191222755176,1.1995321972525637,0.999636941121569,-0.02297138662788465,-0.01408187707845088,-4.560102555988003e-05
audit,11,2006219,39,3.899999999999792,0.5457525601620689,-0.6838310837010807,1.1996955036760386,0.9993820158160334,-0.03492359412484173,-0.003983609524010957,-0.00024472851741049975
audit,11,2006219,40,3.999999999999781,0.5993535508223841,-0.6751656831749809,1.199994031823316,0.9991396355074654,-0.04131625362679842,0.003573788731600433,-0.0004289269841676845
audit,11,2006219,41,4.0999999999997705,0.6536127026580771,-0.658476682522311,1.200251559200888,0.9990936399315178,-0.04176044597590796,0.0082281782881318,-0.0005107664279490182
audit,11,2006219,42,4.1999999999997595,0.7094578991106829,-0.6336779193071395,1.2002932133024653,0.9992523628054625,-0.037123836003209704,0.010784038426082847,-0.0004906560228975989
audit,11,2006219,43,4.2999999999997485,0.7673710002495603,-0.601640243508526,1.2000744585250671,0.9994979169458941,-0.029859112026514634,0.010592548905955023,-0.00038125776382818644
audit,11,2006219,44,4.3999999999997375,0.8273261961479877,-0.5637729601648783,1.1996578981378543,0.9997407002707803,-0.02125891747598181,0.008156551468978543,-0.0002476246620887909
audit,11,2006219,45,4.499999999999726,0.8888154430979294,-0.5217164021544588,1.1991623751857194,0.9999058978007684,-0.01351517507645412,0.0023489739068366868,-0.00013381881945929451
audit,11,2006219,46,4.599999999999715,0.9507766124226926,-0.4770135911256751,1.1987107556952175,0.9999772455642044,-0.0058390155068703915,-0.0033771807417044444,-9.435027214146338e-05
audit,11,2006219,47,4.699999999999704,1.0120995068074532,-0.43115567302425317,1.19838667827933,0.9999713625322421,0.0013869178088380982,-0.0074389394917817615,-0.00011293201870067337
audit,11,2006219,48,4.799999999999693,1.0719739840983713,-0.3855423186004942,1.1982281615064807,0.9999206800875109,0.006940155479378203,-0.010509211717509346,-0.000155705901805509
audit,11,2006219,49,4.899999999999682,1.1298403059415927,-0.3412499160807428,1.1982012912398599,0.9998929490969383,0.01003839092462538,-0.010643982942729361,-0.00016334315778990518
audit,11,2006219,50,4.999999999999671,1.185627621300857,-0.29886757954522836,1.198245401029727,0.9999061050072852,0.00975637886559541,-0.009621608399776568,-0.00013744959802306961
audit,11,2006219,51,5.09999999999966,1.2395455847787165,-0.25836580341863463,1.1983216536524777,0.9999438266500437,0.007303908450769006,-0.007680311524479881,-9.633636786433407e-05
audit,11,2006219,52,5.199999999999649,1.2919593260545064,-0.2192874624708257,1.1984198885006425,0.9999765531751034,0.004222934896192589,-0.00539040654303052,-5.8636196087353697e-05
audit,11,2006219,53,5.299999999999638,1.3433041568395796,-0.18103737400504244,1.1985468905821564,0.9999925714897693,0.001149829316636772,-0.003678835604890684,-3.2037694426856985e-05
audit,11,2006219,54,5.399999999999627,1.3939066733649992,-0.14302624360224062,1.1987052037439,0.9999946291099628,-0.0011976917102659382,-0.0030507559660614674,-1.3184474026384811e-05
audit,12,2006220,0,0.0,-1.6,-0.19885744189512577,1.2,1.0,0.0,0.0,0.0
audit,12,2006220,1,0.10000000000000007,-1.5996153348037587,-0.19912824388934802,1.200078304390754,0.9997561982654023,0.012706404280431627,0.018035814177723725,0.0008948335694114174
audit,12,2006220,2,0.20000000000000015,-1.5956454237569997,-0.20190074537743588,1.2006487588223198,0.9988242591874411,0.027331133285283596,0.039985410406269996,0.002067695974573378
audit,12,2006220,3,0.3000000000000002,-1.583912291521008,-0.20990023031706037,1.2016208695129948,0.9980437664552471,0.03305350829064339,0.05300427427467326,0.002579290235655707
audit,12,2006220,4,0.4000000000000003,-1.5618407469974658,-0.22431673883417683,1.2025266363569356,0.9977480349716177,0.03358610881843272,0.05800339970605256,0.0025372479678328354
audit,12,2006220,5,0.5000000000000003,-1.5284753847548844,-0.24525923204828304,1.2029514628769469,0.9979458402230343,0.03135472363525529,0.05582362556769618,0.0021688973642658995
audit,12,2006220,6,0.6000000000000004,-1.4842353764795804,-0.27230464423566175,1.2026973060861441,0.9984345095443384,0.02769141854613519,0.04856922817884496,0.00165697434240533
audit,12,2006220,7,0.7000000000000005,-1.4305114288021215,-0.30474725561019206,1.2018591625135704,0.9989780743608485,0.023267997107727836,0.038730774378700115,0.0011551506018935146
audit,12,2006220,8,0.8000000000000006,-1.3692143259517262,-0.3417594550171715,1.200665654703078,0.999432576551888,0.019495727077537467,0.027457416382490243,0.0007292723583011099
audit,12,2006220,9,0.9000000000000007,-1.3025008526879058,-0.3825808540395363,1.199381867499478,0.9997353101295339,0.015218662775058988,0.017248706587986072,0.0004290741021728136
audit,12,2006220,10,1.0000000000000007,-1.2323825763123566,-0.4263777725627482,1.1982026313837006,0.9999155671693635,0.010116250829354812,0.008152454735307998,0.00023975678514825835
audit,12,2006220,11,1.1000000000000008,-1.1606237472355259,-0.47216353654792936,1.1972588637247659,0.9999869229400925,0.005001273854027258,0.0010590057386968236,0.00014041185270790638
audit,12,2006220,12,1.2000000000000008,-1.0886593152715756,-0.5189654662040576,1.196619645523616,0.9999830967797947,0.0015339964569174905,-0.005607506611611964,9.42293059604805e-05
audit,12,2006220,13,1.300000000000001,-1.0177769528508847,-0.5660367619608584,1.1962913424790085,0.9999333203908888,-0.0030580257277463816,-0.011135041911296446,0.00011871113358075772
audit,12,2006220,14,1.400000000000001,-0.9490249334219133,-0.6124573040668421,1.1962408132350326,0.9998594886519752,-0.01019694147707158,-0.01330378203909848,0.00018633458938320874
audit,12,2006220,15,1.500000000000001,-0.8827900788058196,-0.6568106015772078,1.196429677342788,0.9997437640930664,-0.020274344990453066,-0.010066494361345858,0.00015094207111777293
audit,12,2006220,16,1.6000000000000012,-0.8184743695294288,-0.6971995976580951,1.1968355837773523,0.999568533858915,-0.029206236948783028,-0.0031210207723012147,-3.2737879253968294e-05
audit,12,2006220,17,1.7000000000000013,-0.7547860454103997,-0.7319180414094285,1.197384452469992,0.9994248009586668,-0.033745892948043164,0.0033513957498627605,-0.00022379543229898775
audit,12,2006220,18,1.8000000000000014,-0.6904615928178703,-0.7600594144185588,1.1979640386965076,0.9993662323252974,-0.03463149489634256,0.008225942478446555,-0.0003565382527311373
audit,12,2006220,19,1.9000000000000015,-0.624552153389483,-0.781442968952193,1.1984730608665637,0.9993987445096103,-0.032820097185516206,0.011172502502197272,-0.0004072851405684372
audit,12,2006220,20,2.0000000000000013,-0.5565074938467628,-0.7964634611990253,1.1987822310365626,0.9995738598346349,-0.027068875801065078,0.010920474496409063,-0.0003434165533835345
audit,12,2006220,21,2.0999999999999903,-0.4863444054316075,-0.8061451667727091,1.1989259764076134,0.9997143404325536,-0.022166137053721044,0.00893543616540465,-0.00024058710203648907
audit,12,2006220,22,2.1999999999999793,-0.41442073217266057,-0.8114523243633414,1.1990119138620448,0.9997953037236299,-0.018932010743787808,0.007134615187385108,-0.00016397407862253372
audit,12,2006220,23,2.2999999999999683,-0.34109195865708236,-0.8130701423666846,1.1990474982492918,0.9998775270714974,-0.014595668039246577,0.0056467354519282534,-0.000108215571169228
audit,12,2006220,24,2.3999999999999573,-0.26664903721649935,-0.8118197663836925,1.1990533570409978,0.9999375408088482,-0.010244962663124678,0.004466627023083264,-6.681481685345234e-05
audit,12,2006220,25,2.4999999999999463,-0.19131164559163588,-0.8084946858774186,1.1990835797639545,0.9999499042388849,-0.009096815651406073,0.004175476668807351,-4.849987303456419e-05
audit,12,2006220,26,2.5999999999999353,-0.11516403584256933,-0.8033640444577496,1.1991510488090869,0.9999489824100628,-0.009447082229968729,0.0035754471466859727,-3.731115340869928e-05
audit,12,2006220,27,2.6999999999999242,-0.03833636793266817,-0.7963474863526704,1.199250322550813,0.9999352930607821,-0.011231294606135898,0.0018076308166691227,-1.3555410298730419e-05
audit,12,2006220,28,2.7999999999999132,0.03884072965742739,-0.7872232286321401,1.1993390127667698,0.9999623360570987,-0.008672529109366105,-0.00033719441840510947,-2.4497394957948674e-06
audit,12,2006220,29,2.899999999999902,0.11595725175350521,-0.7763974370790581,1.1994048732921097,0.9999845206682216,-0.005132512750774535,-0.002148425897043573,-1.7248629583515402e-06
audit,12,2006220,30,2.999999999999891,0.19261385054387586,-0.7646287947802246,1.1994702774206287,0.9999835682811115,0.0010427205638716933,-0.005636767076542647,-5.252167562077175e-05
audit,12,2006220,31,3.09999999999988,0.26811301542761035,-0.7529792791975665,1.1995723530695919,0.9999240263433411,0.0036984045155792236,-0.011758202872709036,-8.950176424129806e-05
audit,12,2006220,32,3.199999999999869,0.3413261875682208,-0.7419705558621179,1.1997165480455978,0.9998559621156038,0.0012039792187210593,-0.016929369926965147,-4.347181703932169e-05
audit,12,2006220,33,3.299999999999858,0.41129100740067986,-0.7311684370882954,1.1998534547388469,0.9998330265543152,-0.0031345117972439826,-0.018002573228884627,3.4701171634351905e-05
audit,12,2006220,34,3.399999999999847,0.4778331046322705,-0.7196624235733939,1.1999287071161844,0.9998454176707738,-0.011638148625620346,-0.013179274673856782,3.1279332908674874e-05
audit,12,2006220,35,3.499999999999836,0.5417996926189096,-0.7058629179121211,1.200010884893736,0.9997545358900689,-0.021016450836595094,-0.007012585146475254,-2.0273856824898332e-05
audit,12,2006220,36,3.599999999999825,0.6043517310774869,-0.6879809043835049,1.2001636357193988,0.9996152793651392,-0.027586628778173423,-0.002875458996734098,-5.3925568885395324e-05
audit,12,2006220,37,3.699999999999814,0.6663163254192853,-0.6647529662459618,1.2003235787408049,0.9995520201793096,-0.029928162610068556,-0.00024222857946728377,-7.323633486718995e-05
audit,12,2006220,38,3.799999999999803,0.7282231062865646,-0.6357184413582595,1.2003896212776697,0.9995995871469828,-0.02824616249629411,0.0016769943631522331,-8.584706769806642e-05
audit,12,2006220,39,3.899999999999792,0.7904425094786179,-0.6011748730079137,1.2003297553643253,0.99969779365412,-0.024437854026943064,0.0026657169898809153,-8.128081278143456e-05
audit,12,2006220,40,3.999999999999781,0.8531546904514983,-0.5618348394602047,1.2001811668515177,0.9997875681951411,-0.020511753042446193,0.002020802620543375,-5.316334809316153e-05
audit,12,2006220,41,4.0999999999997705,0.916265325919373,-0.5184832891904471,1.199978490335184,0.9998707578155551,-0.01603137026751612,0.0012090995752795295,-3.018129260724586e-05
audit,12,2006220,42,4.1999999999997595,0.9796177669941839,-0.4719887405024721,1.1997538807683874,0.9999357341620548,-0.011314325725651107,0.0007164441311922682,-1.6940298669575495e-05
audit,12,2006220,43,4.2999999999997485,1.0430914871107795,-0.4232724538884553,1.1995439260707417,0.9999770119372715,-0.006748472386009142,-0.0006585049723647396,-9.416141481067268e-06
audit,12,2006220,44,4.3999999999997375,1.1064558666669555,-0.3732527404061103,1.1993703774159492,0.9999983843945426,-0.0012993106507644587,-0.00124215030350967,-7.92217619911886e-06
audit,12,2006220,45,4.499999999999726,1.1695393160923226,-0.322965492351626,1.1992577817262589,0.999988102045982,0.0036008845072980594,-0.0032906699539681887,-2.980760427108173e-05
audit,12,2006220,46,4.599999999999715,1.231955063359254,-0.27336494172012393,1.199223414225662,0.9999518215035642,0.007178667495388315,-0.006694457742020488,-7.510149246211682e-05
audit,12,2006220,47,4.699999999999704,1.2930284801306675,-0.22516952398747245,1.1992773740341374,0.999883695178384,0.010227506457576035,-0.011312429651393507,-0.00015219547996115262
audit,12,2006220,48,4.799999999999693,1.3518701806489462,-0.1789645387698997,1.1994203942069752,0.9997908691961914,0.012245143023811019,-0.01637734051474118,-0.00023887635960392924
audit,12,2006220,49,4.899999999999682,1.4074958550512298,-0.13513476612835507,1.1996283787932107,0.9996984812943341,0.012551569207261018,-0.02110252848302874,-0.00029647910705579955
audit,12,2006220,50,4.999999999999671,1.458956765063204,-0.09374498804905163,1.1998900665350987,0.999588289266217,0.011359893142397944,-0.026345854987922582,-0.000317355614858804
audit,13,2006221,0,0.0,-1.6,0.1722086267522365,1.2,1.0,0.0,0.0,0.0
audit,13,2006221,1,0.10000000000000007,-1.59965798317381,0.17188990344708466,1.2000773198970793,0.9997591596131159,0.014953898583247166,0.016035188260032116,0.0009361753590502445
audit,13,2006221,2,0.20000000000000015,-1.5961167357508697,0.16859429780791585,1.200670650200958,0.9987848247812097,0.03359454610203565,0.03598796605920505,0.0022686026288605498
audit,13,2006221,3,0.3000000000000002,-1.5855669954341767,0.15882313173164067,1.2017511802007161,0.9978755146203615,0.043492903991052115,0.04841109956809615,0.003031511533944529
audit,13,2006221,4,0.4000000000000003,-1.5655685669721164,0.1406490717344106,1.2027453197148916,0.9975778174537936,0.04459996806462145,0.05329041278735743,0.0030778040407913832
audit,13,2006221,5,0.5000000000000003,-1.5351903042590127,0.11382282084082711,1.2031556802360714,0.997843914596742,0.0407207981344527,0.051405052228243014,0.002619027864573812
audit,13,2006221,6,0.6000000000000004,-1.4948076673201516,0.07906779837020783,1.2028158279314622,0.9984038580678822,0.03510844117719523,0.044196127836468896,0.001958529432559867
audit,13,2006221,7,0.7000000000000005,-1.4457940859349125,0.03746802623048388,1.2018524567763011,0.9989960146497807,0.028626528554177442,0.034434432973569094,0.0013245386300274795
audit,13,2006221,8,0.8000000000000006,-1.3900178703172983,-0.009721727184655447,1.200542863590893,0.9994657857343076,0.021388927533218333,0.024697731255990975,0.0008240123111393112
audit,13,2006221,9,0.9000000000000007,-1.3293745439277354,-0.0611158106651722,1.1991728212200552,0.9997689771275586,0.01452744297710089,0.01583415421344535,0.0004746938050084126
audit,13,2006221,10,1.0000000000000007,-1.2656225990791539,-0.11538874649033817,1.1979470630833675,0.9999347800517324,0.00903684117676867,0.006978964597897873,0.0002553381727048774
audit,13,2006221,11,1.1000000000000008,-1.2004301827798134,-0.17143964698186018,1.1969961579305244,0.9999914864401138,0.0038758841537041167,0.0014087055143622588,0.0001418382611374366
audit,13,2006221,12,1.2000000000000008,-1.1349301908427876,-0.22825780420392278,1.1963639942325226,0.9999976915957149,-0.0009946138030686334,-0.0019022796303021288,9.422754927339408e-05
audit,13,2006221,13,1.300000000000001,-1.0697906070948768,-0.2849024126486178,1.1960358169683953,0.999979973273761,-0.004603461956597037,-0.004342196079099962,8.076281627753788e-05
audit,13,2006221,14,1.400000000000001,-1.005514524786831,-0.3406663930558281,1.1959721440404119,0.9999530787334866,-0.006697858167227808,-0.00699795387768735,8.757236178052594e-05
audit,13,2006221,15,1.500000000000001,-0.942655267186745,-0.39509186482702213,1.196145351202851,0.9998885072271183,-0.009489535826220568,-0.011528178310706782,0.0001514257701046089
audit,13,2006221,16,1.6000000000000012,-0.8821003338067455,-0.4476158430389714,1.1965567772848416,0.999741868314962,-0.014022577766801691,-0.017873590832958253,0.0003143272478966857
audit,13,2006221,17,1.7000000000000013,-0.8249993963498206,-0.49736117255078827,1.1971535336324715,0.9995834976334402,-0.019582285595362285,-0.021193085828294576,0.00046740007892322107
audit,13,2006221,18,1.8000000000000014,-0.7719976424997839,-0.5432843547066936,1.1978028307903474,0.9995081697101593,-0.023812800470950465,-0.020398554904759007,0.0005178553611921722
audit,13,2006221,19,1.9000000000000015,-0.722892279670513,-0.584537857941356,1.1983724377389262,0.9995308225241916,-0.027324351826399234,-0.013834114283719274,0.00036318502774404163
audit,13,2006221,20,2.0000000000000013,-0.6763987431242742,-0.6204380745052458,1.1988247103461886,0.9995419284359199,-0.030225722036325446,-0.0015293397403428643,-1.208074630511867e-05
audit,13,2006221,21,2.0999999999999903,-0.6302074542057537,-0.6503953899894935,1.1992785028628397,0.9993965025253819,-0.032944762356464166,0.011003488166353064,-0.00044342021168054536
audit,13,2006221,22,2.1999999999999793,-0.5818980482466326,-0.673868593789685,1.1998264741098161,0.9991564654645007,-0.035588631142232714,0.020473161473242792,-0.0008102550215920446
audit,13,2006221,23,2.2999999999999683,-0.529637814233483,-0.6904119956351571,1.2003338740064557,0.9990670575926427,-0.03493630127667279,0.025368355862434702,-0.0009569781197822277
audit,13,2006221,24,2.3999999999999573,-0.4724750587234708,-0.7001778019396047,1.2005715846094502,0.9992226820125709,-0.030057977416396965,0.02549167688596344,-0.0008509728447895251
audit,13,2006221,25,2.4999999999999463,-0.410367742785843,-0.7040997660878378,1.2004665519247952,0.9994967079935504,-0.022631392956380628,0.022220893110608195,-0.0006186051060152475
audit,13,2006221,26,2.5999999999999353,-0.3439387826549843,-0.7036397663395748,1.2000761546971497,0.999775988730278,-0.012721525676178154,0.01691120839664552,-0.00038232634084711876
audit,13,2006221,27,2.6999999999999242,-0.27415891795098635,-0.700631204238205,1.1996048733536107,0.999902173837237,-0.005231195986633236,0.012970595102908189,-0.00020250134265088272
audit,13,2006221,28,2.7999999999999132,-0.20180290720802535,-0.6965077628653362,1.1992137046174312,0.9999380672328447,-0.0027371763527363814,0.010787031499279395,-9.754839936387097e-05
audit,13,2006221,29,2.899999999999902,-0.1273404091471245,-0.6918444382159914,1.1989176985489318,0.9999659135733767,-0.001087244938965127,0.00818458537511072,-4.639009499117181e-05
audit,13,2006221,30,2.999999999999891,-0.051279648232375366,-0.6869460633033502,1.1987099002889696,0.9999873648026915,-0.0003289034778634866,0.005016140326151872,-1.984183362021934e-05
audit,13,2006221,31,3.09999999999988,0.025750202614457103,-0.682022595124405,1.1985889421882086,0.9999973599519654,0.002001846196897919,0.0011279021535537518,-2.3186964045707424e-05
audit,13,2006221,32,3.199999999999869,0.1029954570110546,-0.6775497489549177,1.1985652370252509,0.9999678994984973,0.007401007662010741,-0.003069193568824496,-7.147717819447314e-05
audit,13,2006221,33,3.299999999999858,0.179629640574655,-0.6744703532036805,1.1986385827512935,0.9999199987970937,0.01017732628821823,-0.0075102010514638004,-0.00012212866185637393
audit,13,2006221,34,3.399999999999847,0.25469960623236204,-0.6733266247718094,1.1988073115775812,0.9998305390745061,0.009114146489959226,-0.01599380122402983,-0.00015424055468319598
audit,13,2006221,35,3.499999999999836,0.3266314272049596,-0.6739494555320525,1.1990945222478961,0.9996744902510675,0.006480083205235475,-0.02467597065181503,-0.00013614445338635427
audit,13,2006221,36,3.599999999999825,0.39382096792918764,-0.6757906493725226,1.1993979301657396,0.999615049490771,0.0012377390750973937,-0.02771677878814004,-3.173571463525066e-05
audit,13,2006221,37,3.699999999999814,0.45573590320694046,-0.6777433639603867,1.1995394208345243,0.9997025853226109,-0.010511044265384675,-0.022005867330881942,2.550989458914776e-05
audit,13,2006221,38,3.799999999999803,0.5134090778075929,-0.6776037749309147,1.1995989584797389,0.9996385072984063,-0.02430369955835454,-0.01149681895715241,-8.982125402767958e-05
audit,13,2006221,39,3.899999999999792,0.5687929818281154,-0.6727334151602264,1.1997851271922244,0.9993814604933611,-0.03509210860256625,-0.00227287034267681,-0.00027275701091675875
audit,13,2006221,40,3.999999999999781,0.6236820150581384,-0.6610557799659085,1.2000771368139715,0.999181650851757,-0.04025108842323442,0.003964348202791763,-0.0004030201353585963
audit,13,2006221,41,4.0999999999997705,0.6793168151533956,-0.6415694279453917,1.200284692381889,0.9991893885719235,-0.03946796091454827,0.007914688639535613,-0.0004511432719181479
audit,13,2006221,42,4.1999999999997595,0.7364659629338705,-0.614407018588263,1.2002736131002418,0.9993592633596227,-0.03451568408625652,0.009463928226611696,-0.000405403367090882
audit,13,2006221,43,4.2999999999997485,0.795439273098451,-0.580513150555367,1.2000331462712763,0.9995866388922989,-0.0273233215762592,0.00893843487193985,-0.0003030314777896608
audit,13,2006221,44,4.3999999999997375,0.8561071871693217,-0.5412654787260017,1.1996366618127365,0.9997908411585499,-0.019750186490488236,0.0053076944814260864,-0.0001801342864481854
audit,13,2006221,45,4.499999999999726,0.9178011149582646,-0.4981533160021614,1.1991867109027203,0.9999299347882588,-0.011826935019847367,0.0004885544372376165,-0.00010216137133080794
audit,13,2006221,46,4.599999999999715,0.9796038616349527,-0.45271355804304586,1.1987885971451153,0.9999845755554498,-0.004241985641947543,-0.003584363931819446,-8.0896259674481e-05
audit,13,2006221,47,4.699999999999704,1.0407053133273738,-0.40641583394873165,1.198517081413613,0.9999720169007472,0.0018803256186715332,-0.007240171022560662,-9.856258991475704e-05
audit,13,2006221,48,4.799999999999693,1.1004388779453271,-0.36048117035747024,1.1983845256581924,0.9999401231933528,0.007283150572209862,-0.008166595151673943,-0.00011166662184222547
audit,13,2006221,49,4.899999999999682,1.1585614011244856,-0.3159163972788778,1.1983669955588498,0.9999152730966461,0.009610532274605047,-0.008778975736392901,-0.00011782393117794478
audit,13,2006221,50,4.999999999999671,1.2149683038104295,-0.2731976217302317,1.198425053465659,0.9999154121251134,0.00927031554447521,-0.009122388724478694,-0.00010894185698472327
audit,13,2006221,51,5.09999999999966,1.269583768379529,-0.23228366339342923,1.1985294378735565,0.999925631129884,0.007941907638828887,-0.009254735809584346,-9.043038321908254e-05
audit,13,2006221,52,5.199999999999649,1.3223855010074546,-0.19291681305475125,1.1986630367615037,0.9999396273368414,0.005974101297259767,-0.00922210873194371,-6.712439199111463e-05
audit,13,2006221,53,5.299999999999638,1.3733702815894682,-0.15471173640844624,1.1988149339868304,0.9999498027558775,0.0034410456697980705,-0.009410078543100237,-3.993733950423826e-05
audit,14,2006222,0,0.0,-1.6,0.08061252127217952,1.2,1.0,0.0,0.0,0.0
audit,14,2006222,1,0.10000000000000007,-1.5996445999560798,0.08030431461610722,1.200078304224372,0.9997561565361909,0.014460449173409391,0.016662465626446084,0.0009408065329956977
audit,14,2006222,2,0.20000000000000015,-1.5959746324541568,0.07711114428765534,1.2006752754895593,0.9987766705932711,0.03278932493931308,0.03694406798897069,0.00227118670996159
audit,14,2006222,3,0.3000000000000002,-1.585114750750637,0.06759639745216606,1.2017576625935744,0.9978688407095576,0.04274432358108145,0.04920908285275261,0.0030274919240573166
audit,14,2006222,4,0.4000000000000003,-1.564654311290081,0.049820869752336336,1.2027507824498498,0.9975747760032111,0.04422589020977066,0.05365817635352013,0.0030719745621259854
audit,14,2006222,5,0.5000000000000003,-1.5337456087668395,0.023462347500568626,1.2031568006254798,0.997845832687274,0.040982763742475385,0.051159105543433656,0.0026178587937206637
audit,14,2006222,6,0.6000000000000004,-1.492879942350901,-0.010875004337595192,1.2028101043945831,0.9984091592949421,0.03596261114574167,0.04338192996766404,0.0019619856851359856
audit,14,2006222,7,0.7000000000000005,-1.4435335362468054,-0.05221490325896192,1.2018418667864779,0.9990000217449242,0.02956559045939779,0.03351204578022766,0.0013323670867602117
audit,14,2006222,8,0.8000000000000006,-1.3875993939874358,-0.09932328557054103,1.200530501902325,0.9994682535260858,0.02203453058912857,0.024020753585591817,0.0008324976961385119
audit,14,2006222,9,0.9000000000000007,-1.3269280372477277,-0.15075993909960214,1.199160572936966,0.9997705055201483,0.014714222758671305,0.015562639585304383,0.000481860700406443
audit,14,2006222,10,1.0000000000000007,-1.2631920112732022,-0.20510370270427883,1.1979364267764123,0.999936442612088,0.008360897148525797,0.007558786002325545,0.0002662504970317248
audit,14,2006222,11,1.1000000000000008,-1.1979395424092243,-0.2611041452544527,1.1969832591141323,0.999995315980435,0.002848589185398462,0.0011084727372354,0.00015762307286053034
audit,14,2006222,12,1.2000000000000008,-1.1324307136313385,-0.3176863018000162,1.196352740178253,0.9999942338312424,-0.0014364008468282057,-0.003075203103808134,0.00011037546758998266
audit,14,2006222,13,1.300000000000001,-1.0674887412346068,-0.37401007002465586,1.196027387183113,0.9999783550711416,-0.004256725085860161,-0.005016194843315455,8.642945505230615e-05
audit,14,2006222,14,1.400000000000001,-1.0035865987571124,-0.4295006718353935,1.1959750520664105,0.9999374322570042,-0.0065753005851848035,-0.009049035125411229,0.00010934707509238432
audit,14,2006222,15,1.500000000000001,-0.9415133591719947,-0.4836647763670711,1.1961909893674532,0.9998226961597462,-0.010328327345753513,-0.015743273120293538,0.00022638364447030894
audit,14,2006222,16,1.6000000000000012,-0.8824449470848514,-0.5357482997005156,1.1966196529566604,0.999700046441325,-0.01653243253513203,-0.018066185580851043,0.0003297851437958624
audit,14,2006222,17,1.7000000000000013,-0.8268586580240828,-0.5845860810406547,1.1971576459760986,0.9996165052331324,-0.022669801447775202,-0.015899639463267022,0.00035218284447334155
audit,14,2006222,18,1.8000000000000014,-0.774280682489795,-0.6289702155923437,1.1977170637403927,0.9995671278276839,-0.02836410633008514,-0.00781114623894047,0.00014294350034929512
audit,14,2006222,19,1.9000000000000015,-0.7232113565046213,-0.6678133220847912,1.198281789982045,0.99947639806587,-0.03227172212134408,0.002331417829242585,-0.00017364187946996865
audit,14,2006222,20,2.0000000000000013,-0.671676570940133,-0.7003386809038337,1.1988759633548118,0.9993342964461811,-0.03431943881382071,0.012364473071124569,-0.0005097760237271388
audit,14,2006222,21,2.0999999999999903,-0.6177651141822011,-0.7261812920922261,1.199431538125778,0.9992627445685353,-0.033105173799818394,0.019430104220092382,-0.0006970186792004002
audit,14,2006222,22,2.1999999999999793,-0.5601300911019661,-0.7455273503856487,1.1998497420812102,0.9992932448055182,-0.031124037946120276,0.021067383207695398,-0.0006859393321295565
audit,14,2006222,23,2.2999999999999683,-0.4983995723278574,-0.7588423902959459,1.2000295916401222,0.9994692982180999,-0.025828738299851228,0.01984139116794217,-0.0005633771195732764
audit,14,2006222,24,2.3999999999999573,-0.43281443654086094,-0.7671247382516168,1.1999472192134124,0.999689913968422,-0.018534610970345297,0.01662511652655613,-0.0003867899517562894
audit,14,2006222,25,2.4999999999999463,-0.3639751497255966,-0.7717807988641312,1.1997075884742698,0.999857744149591,-0.011011143055904667,0.012774697188167539,-0.00023087755202114304
audit,14,2006222,26,2.5999999999999353,-0.2926218853442128,-0.7742593520207414,1.199428847034601,0.9999466240839783,-0.004454119718993161,0.009321760123758913,-0.00012078401949267984
audit,14,2006222,27,2.6999999999999242,-0.21940043850585642,-0.7757657759996803,1.1992077574283222,0.9999657719283478,-0.0028704517774069227,0.007759601032893267,-6.379770868961879e-05
audit,14,2006222,28,2.7999999999999132,-0.14465378479442148,-0.7766678288369491,1.19906798943013,0.9999696087212537,-0.0041331696591157315,0.00661035986453258,-4.104743643870719e-05
audit,14,2006222,29,2.899999999999902,-0.06862929053908005,-0.7767762144284241,1.1989901387400153,0.999979503530981,-0.004628098225822877,0.004424086853902111,-2.6081657911464484e-05
audit,14,2006222,30,2.999999999999891,0.008245997853902483,-0.776008147534714,1.1989576938916588,0.9999935353112703,-0.0033601215116499396,0.0012801048089952692,-1.5835738011824304e-05
audit,14,2006222,31,3.09999999999988,0.08536998239681669,-0.7745828603665379,1.1989694946787446,0.9999964366844725,-0.001752691087237477,-0.002013595054257638,-1.1281359025390525e-05
audit,14,2006222,32,3.199999999999869,0.1620803119747994,-0.7729037129952312,1.1990293187198615,0.9999737469164776,0.0040020218593952534,-0.006040233556525929,-6.983867653239917e-05
audit,14,2006222,33,3.299999999999858,0.23754084585754723,-0.7719457441184995,1.199166795698233,0.9998873198069598,0.007394877510865395,-0.013062984238202248,-0.00014804947773074074
audit,14,2006222,34,3.399999999999847,0.31042631181468006,-0.7723445878107699,1.199387297913718,0.9997707625627124,0.005259408676624593,-0.020754391855743043,-0.00012713710986943276
audit,14,2006222,35,3.499999999999836,0.379313391035972,-0.7737214446997706,1.1996288037061746,0.9997032993100542,-6.560797642229906e-05,-0.02435793445278623,-8.566271540711702e-06
audit,14,2006222,36,3.599999999999825,0.44357086935724327,-0.7749868801143239,1.1997621994714072,0.9997481608607911,-0.01019575902397405,-0.0199914521674743,5.6512190777809996e-05
audit,14,2006222,37,3.699999999999814,0.5039636201355181,-0.774223549191459,1.1998377554356747,0.9996878153362158,-0.02208623004771445,-0.011682050720792987,1.241091811382825e-06
audit,14,2006222,38,3.799999999999803,0.5620583991358954,-0.7691525670395264,1.2000037269240218,0.9994865314717408,-0.03185408849199348,-0.0034594865177750038,-0.00014968623069707833
audit,14,2006222,39,3.899999999999792,0.6194298433789843,-0.7578869163581815,1.200262721559694,0.999295636370945,-0.03744969641469191,0.0023819276031892948,-0.0002789073865910882
audit,14,2006222,40,3.999999999999781,0.6772326994393039,-0.7393472814635667,1.200477229175762,0.9992594392347581,-0.0380356519276309,0.0058095438362260644,-0.0003338908362046737
audit,14,2006222,41,4.0999999999997705,0.7361455514658619,-0.7134295850349451,1.200491059941759,0.9994051869112157,-0.03369978357347477,0.007314378699799655,-0.00031116923706604846
audit,14,2006222,42,4.1999999999997595,0.7964446919397425,-0.6809568995334482,1.2002553960176263,0.9996367882250984,-0.026238439041081866,0.006147076150844779,-0.00022225771698100631
audit,14,2006222,43,4.2999999999997485,0.857901322406277,-0.6433235877017461,1.1998733969334323,0.9998120919687412,-0.01925349279296479,0.0022517385185393942,-0.00011593965840738188
audit,14,2006222,44,4.3999999999997375,0.9198047824488632,-0.6019098068320256,1.1994649159396358,0.9999178825756584,-0.01270472273938023,-0.0016778817810494994,-5.327528369075328e-05
audit,14,2006222,45,4.499999999999726,0.9814055402888991,-0.5580022023603692,1.1990999077820839,0.9999724073741415,-0.006214424294389103,-0.0040699058156555955,-3.588459648500833e-05
audit,14,2006222,46,4.599999999999715,1.042221712591589,-0.5128428160513813,1.1988291703170666,0.9999842030622679,-0.0013750327722029578,-0.005449914389299012,-3.66598443884848e-05
audit,14,2006222,47,4.699999999999704,1.1019940184754164,-0.46737706774022075,1.1986645809348233,0.9999844466975792,0.0013125100946279962,-0.00542055628346681,-3.535202326758908e-05
audit,14,2006222,48,4.799999999999693,1.1607450214500425,-0.4221435504982383,1.1985859292718264,0.9999922314019084,0.0024430476085320965,-0.003093230940615232,-2.4011685913881382e-05
audit,14,2006222,49,4.899999999999682,1.2188859949290383,-0.3773589649422263,1.198578046846849,0.9999980046842353,0.0019065536851709296,-0.0005962238045536808,-1.4062989540660385e-05
audit,14,2006222,50,4.999999999999671,1.276894395677598,-0.332938687478944,1.198631486179181,0.9999993177274565,0.0006567220636166096,0.0009660065010870826,-9.6016995675567e-06
audit,14,2006222,51,5.09999999999966,1.3350703922882796,-0.2886593496287102,1.1987333071641195,0.9999991251415584,-1.6119375178368234e-05,0.0013226530950054978,-6.713770326978277e-06
audit,14,2006222,52,5.199999999999649,1.3934719954893615,-0.24440566196666688,1.1988678184864492,0.9999996635296047,0.0008115494181345084,-0.00011940519504907153,-8.403516736002488e-06
audit,15,2006223,0,0.0,-1.6,-0.16602047047140484,1.2,1.0,0.0,0.0,0.0
audit,15,2006223,1,0.10000000000000007,-1.5996252136327291,-0.16630478718362934,1.2000783043176524,0.9997561799325719,0.01334020344287457,0.01757218986812622,0.0009153152312411765
audit,15,2006223,2,0.20000000000000015,-1.5957525926433158,-0.16922527023179484,1.200658361672179,0.998807035329185,0.029119116063510933,0.039140275118956486,0.002149911676494336
audit,15,2006223,3,0.3000000000000002,-1.5842771800147204,-0.1777367826614897,1.201670398699037,0.9979808690484933,0.036409495812893676,0.05197048891428995,0.002757156120854703
audit,15,2006223,4,0.4000000000000003,-1.5626693271215277,-0.19330872900929785,1.2026084382348294,0.9976856761899643,0.03768503971442729,0.056528943129616885,0.002758241422365902
audit,15,2006223,5,0.5000000000000003,-1.5300519681235256,-0.21620186952686113,1.2030341144662993,0.9979018314027526,0.03559504008644785,0.054030452745094194,0.002374485299347616
audit,15,2006223,6,0.6000000000000004,-1.486906023211841,-0.24601194971378695,1.20275541151719,0.9984162139187962,0.03131995478412885,0.046699338576208976,0.0018154869654586215
audit,15,2006223,7,0.7000000000000005,-1.4346354756951283,-0.2819172626914491,1.2018719157604745,0.9989815880321057,0.025618102423865134,0.037120388488906086,0.001255531554869496
audit,15,2006223,8,0.8000000000000006,-1.375103069605247,-0.32284958289262194,1.2006325982078654,0.9994450074012933,0.02039053601263414,0.026330370187858575,0.0007841093773155558
audit,15,2006223,9,0.9000000000000007,-1.310379740739505,-0.36777906096560353,1.1993126028412378,0.9997491021010351,0.015264757681448278,0.016386397286646752,0.0004538778066717234
audit,15,2006223,10,1.0000000000000007,-1.242419193870414,-0.41569870952346344,1.1981121673298476,0.9999241805461057,0.009710459540489274,0.007568137245737688,0.00025185976150083136
audit,15,2006223,11,1.1000000000000008,-1.1729290635409524,-0.465530376159165,1.1971616413414004,0.9999902596925065,0.00430684797304992,0.0009537167650427975,0.00014834076126145682
audit,15,2006223,12,1.2000000000000008,-1.1032631720481811,-0.5162431347753805,1.1965243715454141,0.9999838226330277,0.0006584259891524595,-0.0056489038743938345,0.00010407916091184773
audit,15,2006223,13,1.300000000000001,-1.0347008966024955,-0.5670648571842197,1.1962088722979287,0.9999237399396338,-0.0035360383624535776,-0.011831876758249872,0.00013202352576639762
audit,15,2006223,14,1.400000000000001,-0.968410482118104,-0.6171500206006565,1.1961818451127817,0.9998407747110027,-0.009784473976547019,-0.01492132876375938,0.0002079476542215148
audit,15,2006223,15,1.500000000000001,-0.9049319755304501,-0.665237815664706,1.1963797619838341,0.9997438372632437,-0.01950279352103189,-0.011483632116250328,0.00016459786933693845
audit,15,2006223,16,1.6000000000000012,-0.8436437354179002,-0.7095228280785918,1.1967618759609455,0.999605515826836,-0.027830920755658198,-0.0037751686924006296,-2.607297620373997e-05
audit,15,2006223,17,1.7000000000000013,-0.7831077397477669,-0.7483941222882398,1.1972815410191395,0.9994698124716688,-0.03235722497287824,0.0036122103871990795,-0.0002364022390755396
audit,15,2006223,18,1.8000000000000014,-0.7218748561981196,-0.780953750689762,1.1978629408796162,0.9993829176359776,-0.03371570584298133,0.009841976675293816,-0.00041305209616251514
audit,15,2006223,19,1.9000000000000015,-0.6587529975711982,-0.8069630216725162,1.198370888164272,0.9994237624826589,-0.031121860627258042,0.013540763804544723,-0.0004695654306079181
audit,15,2006223,20,2.0000000000000013,-0.5930181639843861,-0.8268874176549852,1.1987272298081553,0.9995359060747233,-0.026841648273629885,0.014398718053432685,-0.00041869291271386913
audit,15,2006223,21,2.0999999999999903,-0.5245161099545025,-0.8416059066865986,1.1988839485787774,0.9997297540798171,-0.01986445191930935,0.012071893167117062,-0.00030290727541988155
audit,15,2006223,22,2.1999999999999793,-0.4536566668870744,-0.852380191101066,1.198915051538298,0.9998523102220829,-0.014789024776993401,0.008752558107019246,-0.0001876600473598452
audit,15,2006223,23,2.2999999999999683,-0.38105659636072164,-0.8601899457071567,1.1989500135652582,0.9998896806458129,-0.013331965304657996,0.0065476179918326225,-0.00011805830797962351
audit,15,2006223,24,2.3999999999999573,-0.3071623248190211,-0.8654134033838471,1.198992151555433,0.9999289324301427,-0.010827955837056747,0.004987950712899462,-7.621806056934745e-05
audit,15,2006223,25,2.4999999999999463,-0.23227822727936764,-0.8685080364127897,1.1990362174628646,0.9999592039425135,-0.008108351629949948,0.0039802993720161675,-4.7973019430608364e-05
audit,15,2006223,26,2.5999999999999353,-0.15659560932499916,-0.8699644192546012,1.1991087568140226,0.9999621458933056,-0.007784958185306871,0.003885842593831885,-3.7866164530706936e-05
audit,15,2006223,27,2.6999999999999242,-0.08016553131368738,-0.8698544519487604,1.1992165712735372,0.9999485626577558,-0.009628994620367252,0.0031864819523224988,-2.888003531727634e-05
audit,15,2006223,28,2.7999999999999132,-0.003148648667494783,-0.867928664180381,1.1993205273567227,0.9999666886430437,-0.008147554291006753,0.0004885051510351315,-1.8057087048667614e-05
audit,15,2006223,29,2.899999999999902,0.0739714720337924,-0.8643171536583156,1.1994347779805254,0.9999482226228374,-0.009958058181364526,-0.002094995696054336,1.1988274279245113e-05
audit,15,2006223,30,2.999999999999891,0.15067502678742017,-0.8589117301400162,1.1995253951657299,0.9999754336970513,-0.005216751950398655,-0.004681611612076392,-3.7678301805414132e-06
audit,15,2006223,31,3.09999999999988,0.22644663644291682,-0.8525420357506196,1.1995864442448059,0.999960712498238,0.004033378270211025,-0.007892868845374358,-8.911305484073329e-05
audit,15,2006223,32,3.199999999999869,0.3006243477721532,-0.8468003753329567,1.1996833773380828,0.9998996418514734,0.005293829319298038,-0.013140401586266726,-0.00010697001757098865
audit,15,2006223,33,3.299999999999858,0.37224104314630796,-0.8419956157037211,1.199803634462874,0.9998440010340119,8.265625483985078e-05,-0.01766257894294086,-8.3261900466168e-06
audit,15,2006223,34,3.399999999999847,0.4404809923937024,-0.8371682315781442,1.1999064140521327,0.999821567487627,-0.007315336788269459,-0.01741578259639031,9.772825603563982e-05
audit,15,2006223,35,3.499999999999836,0.5054037693619358,-0.8308500991191076,1.1999767744559924,0.9997843981187643,-0.017253176556506638,-0.011553393689982119,6.53548454809767e-05
audit,15,2006223,36,3.599999999999825,0.5680639650289022,-0.8211668459538382,1.2000918742891833,0.9996479462674586,-0.02610482692050875,-0.00474549565859166,-4.249302114448734e-05
audit,15,2006223,37,3.699999999999814,0.6297500671889005,-0.8064096337628742,1.2002736075636522,0.9995047066651999,-0.03146855906453359,-0.00023884177609499803,-0.00011873971694076994
audit,15,2006223,38,3.799999999999803,0.6913567048743692,-0.785537049096375,1.2004397287487685,0.9994567558337077,-0.03288326569838686,0.0022049947841914024,-0.00014850377643213248
audit,15,2006223,39,3.899999999999792,0.7533786238046581,-0.7582773484941275,1.200482403868945,0.999532086274454,-0.030389371823373635,0.0034746554579260062,-0.00014614194348586327
audit,15,2006223,40,3.999999999999781,0.8160446387997904,-0.7250972130112855,1.200360305071707,0.9996735566284239,-0.025399232937222387,0.0027656114665141566,-0.00010265132424051705
audit,15,2006223,41,4.0999999999997705,0.8792272191244702,-0.6869286749223216,1.2001298212408003,0.9997909705536919,-0.02043976874332765,0.0004786438655564326,-4.419361324698051e-05
audit,15,2006223,42,4.1999999999997595,0.9425052031159449,-0.6447740996126384,1.199843285019363,0.9998933208207522,-0.014490647004698473,-0.0018352118995190755,-1.1167683714293989e-05
audit,15,2006223,43,4.2999999999997485,1.0054284915026657,-0.5997858612123896,1.1995452151761519,0.9999617483557053,-0.007902978043000363,-0.0037476255967167247,-8.114169810140796e-06
audit,15,2006223,44,4.3999999999997375,1.0676323663342735,-0.5532097712680749,1.1992985130108322,0.9999835920129331,-0.003172830914391008,-0.004769552297445031,-1.4825029618422952e-05
audit,15,2006223,45,4.499999999999726,1.1289238674760973,-0.5059748171717249,1.1991271462517876,0.9999899345416629,-0.0006188796211821187,-0.0044438184424768065,-1.6763788450473884e-05
audit,15,2006223,46,4.599999999999715,1.1893855843349226,-0.45859227926060786,1.1990222752900854,0.9999981160010536,0.0003873760058555604,-0.00190204524433748,-1.2572291003429057e-05
audit,15,2006223,47,4.699999999999704,1.249465209598915,-0.4112597266525453,1.1989780686876614,0.9999998633481317,-4.8565101899652555e-05,0.0005204407712121344,-9.303354367286343e-06
audit,15,2006223,48,4.799999999999693,1.3096247383522976,-0.3639126494110695,1.1989888365234413,0.9999982694361504,-0.0009049975500846647,0.00162543501840271,-8.070929721177773e-06
audit,15,2006223,49,4.899999999999682,1.3700842135691909,-0.31640731439823355,1.1990417857520073,0.9999983539659548,-0.0008073288559292092,0.0016248841390356858,-6.085545092172379e-06
audit,15,2006223,50,4.999999999999671,1.4308381801524843,-0.26876738647274145,1.1991233858837038,0.9999997667414282,0.0005990801844053339,0.0003279766581003091,-7.164729271784963e-06
audit,16,2006224,0,0.0,-1.6,0.04051338392298695,1.2,1.0,0.0,0.0,0.0
audit,16,2006224,1,0.10000000000000007,-1.599631791114524,0.04022059916554922,1.2000783042788539,0.999756170201748,0.013737304469306972,0.017263520169405574,0.0009260025978493963
audit,16,2006224,2,0.20000000000000015,-1.595827635486342,0.03718845555654643,1.2006753167415727,0.998776676485378,0.031100835236951035,0.03837810791954115,0.0022381664153311473
audit,16,2006224,3,0.3000000000000002,-1.5845572702174868,0.02816323933613832,1.201757701607735,0.9978689600455447,0.040430191980965015,0.0511279952348684,0.0029776261131631127
audit,16,2006224,4,0.4000000000000003,-1.5633211285756643,0.011320698674420003,1.2027516173700643,0.9975741131269019,0.04200439229340231,0.05542959105879243,0.0030133506588414
audit,16,2006224,5,0.5000000000000003,-1.5312987657185042,-0.01367940692005615,1.2031578633533575,0.9978462050140946,0.03951710582535909,0.052294831876374244,0.002569055308867291
audit,16,2006224,6,0.6000000000000004,-1.4890946147946915,-0.046368098488753506,1.2028104958998243,0.9984096407199746,0.03518136003424462,0.044008156631680444,0.0019347799442299947
audit,16,2006224,7,0.7000000000000005,-1.4382782651400643,-0.08589508936437912,1.201842486505473,0.9989995444886208,0.0288713234864035,0.03412628910219429,0.0013240784660696287
audit,16,2006224,8,0.8000000000000006,-1.3807566005360965,-0.13105653409315793,1.2005314564041722,0.9994678965681993,0.021437080496818646,0.024570029808722714,0.0008300268129140959
audit,16,2006224,9,0.9000000000000007,-1.3183957397191917,-0.18043556633174593,1.1991618621760112,0.9997699350087134,0.014578651238788553,0.01572610877531348,0.0004790443790321239
audit,16,2006224,10,1.0000000000000007,-1.252941269539471,-0.2326918672511395,1.197935570618979,0.9999375426136302,0.008577317779155578,0.007160372389665992,0.0002637399688841453
audit,16,2006224,11,1.1000000000000008,-1.1860259387622507,-0.2866350333357117,1.1969808186234692,0.9999953861321641,0.00277684889630127,0.0012217317149757522,0.00015555130297011094
audit,16,2006224,12,1.2000000000000008,-1.1188368452410884,-0.34114715722088884,1.1963494092136833,0.9999952678416995,-0.0018300460043958226,-0.0024705485837901793,0.00010777534263438467
audit,16,2006224,13,1.300000000000001,-1.0521082562610637,-0.3953291303949664,1.1960240914009466,0.9999784090749233,-0.004646350792107876,-0.00464601291005753,8.586233945938101e-05
audit,16,2006224,14,1.400000000000001,-0.9863523000072888,-0.44858506690105265,1.195977774938287,0.9999276944048443,-0.007672770321733578,-0.009258388048535106,0.00012964777136615507
audit,16,2006224,15,1.500000000000001,-0.9224433217784174,-0.5003041329992758,1.1962022904370364,0.9998084915566143,-0.012009429457035418,-0.015449554625278295,0.0002551024959263769
audit,16,2006224,16,1.6000000000000012,-0.861469019373587,-0.5496137405748137,1.1966319489183777,0.9996915612625366,-0.018584322740906815,-0.016471123156136497,0.0003277052152184524
audit,16,2006224,17,1.7000000000000013,-0.8036582240012559,-0.5952776752304739,1.1971669930506985,0.9996080323306139,-0.02491604384271707,-0.012762768496841097,0.0002901717452442024
audit,16,2006224,18,1.8000000000000014,-0.7482743185862031,-0.6360672169793102,1.1977338428776283,0.9995463943538312,-0.02973194697901449,-0.004797009170139665,7.460638729021552e-05
audit,16,2006224,19,1.9000000000000015,-0.6938058402567112,-0.6710178998963051,1.1983413810848786,0.9994158148078531,-0.03382160579274637,0.004905184268313706,-0.0002593469652613332
audit,16,2006224,20,2.0000000000000013,-0.6383943559986835,-0.6993869982446906,1.1989494944622456,0.9993167057919052,-0.03448989826932077,0.013277513854552656,-0.0005254221429056027
audit,16,2006224,21,2.0999999999999903,-0.5804427262875517,-0.7209751108231323,1.1995067422121173,0.9992477888690842,-0.03452373585954326,0.017650819143739914,-0.0006455122786472529
audit,16,2006224,22,2.1999999999999793,-0.5190813245042893,-0.7358627455255684,1.1998875496717925,0.9993469777769833,-0.031107247279667554,0.018373372274869678,-0.0006134867085344096
audit,16,2006224,23,2.2999999999999683,-0.45415935152604336,-0.7447036209016732,1.1999801164859212,0.999562565636712,-0.02455110093634208,0.016483323537791632,-0.0004699635264045959
audit,16,2006224,24,2.3999999999999573,-0.386023366319791,-0.7487325773195017,1.1998610620876686,0.9997520695086176,-0.017846130477390965,0.013312332658002858,-0.00031135096601060897
audit,16,2006224,25,2.4999999999999463,-0.31527627816936776,-0.7492844552279522,1.1996242040366587,0.9998966684768267,-0.010295964827008853,0.010030534369320686,-0.0001840040510274102
audit,16,2006224,26,2.5999999999999353,-0.2425272605204011,-0.7477382288376663,1.1993907725219197,0.9999448440749289,-0.006355864264191821,0.008360681828061201,-0.00010390760563617286
audit,16,2006224,27,2.6999999999999242,-0.16813390941816336,-0.7448802968446013,1.1992279298354285,0.9999546599497784,-0.006325964844294626,0.007117315181732427,-6.354616378623417e-05
audit,16,2006224,28,2.7999999999999132,-0.09236034374652523,-0.7408001550726955,1.1991206430481474,0.9999712494010597,-0.005709784671022903,0.004989704918416378,-3.968778262945175e-05
audit,16,2006224,29,2.899999999999902,-0.015615899692113376,-0.7356055551171163,1.199057300210897,0.9999872299981504,-0.004476829656084279,0.0023446505793791005,-2.122538115522104e-05
audit,16,2006224,30,2.999999999999891,0.06157395225952181,-0.729560372792658,1.1990351722619075,0.999997614045456,-0.001958174219541548,-0.000968055491714538,-1.8046750879009276e-05
audit,16,2006224,31,3.09999999999988,0.13856640010216822,-0.7231974000579723,1.1990583854621761,0.9999816008026551,0.0039008369846144112,-0.004645191529685175,-6.101337035599797e-05
audit,16,2006224,32,3.199999999999869,0.21463529484527727,-0.7175471832128071,1.199143903622582,0.9999327664819473,0.007614621766631203,-0.00874455357303425,-0.00011328689068883752
audit,16,2006224,33,3.299999999999858,0.2889010530332524,-0.7132933127825468,1.1993032956852727,0.9998422467625867,0.005832002526925846,-0.01677677818323821,-9.51265399727263e-05
audit,16,2006224,34,3.399999999999847,0.3599226491940395,-0.7101451210537992,1.199526274656351,0.9997380613491886,0.0014466014940113714,-0.022841103839003996,-3.0495998198433253e-06
audit,16,2006224,35,3.499999999999836,0.42655915279479556,-0.7072300104233141,1.1997226310345452,0.9997163249590778,-0.00536530984261593,-0.023204951398057255,0.00011528756306667118
audit,16,2006224,36,3.599999999999825,0.4887870107049261,-0.7031745841137004,1.1998177881898,0.9997366378967604,-0.01652665321457309,-0.015922294885369885,7.145621258444446e-05
audit,16,2006224,37,3.699999999999814,0.5479080586578089,-0.6958844045509645,1.1999201342417027,0.9996016780145983,-0.027419781824940755,-0.0066808294869733385,-8.59792894941508e-05
audit,16,2006224,38,3.799999999999803,0.6056650269171343,-0.6832669850947723,1.2001224766361196,0.9994072133593711,-0.03442555591702763,-0.0002448525988554345,-0.00020744219595351384
audit,16,2006224,39,3.899999999999792,0.6633358189285083,-0.6639701011619713,1.2003295317859786,0.9993312668968425,-0.03637753206616136,0.003690878261557523,-0.0002675458603447881
audit,16,2006224,40,3.999999999999781,0.7217103038164037,-0.6376103848326208,1.2003986190542042,0.9994139046090648,-0.03367181826360396,0.0061627160041619125,-0.0002772369711007599
audit,16,2006224,41,4.0999999999997705,0.781260804692291,-0.6046950271076369,1.2002717487908643,0.9995855063741054,-0.027987460072893672,0.006742733857324555,-0.00023035976327700719
audit,16,2006224,42,4.1999999999997595,0.842102141382792,-0.5663129010451388,1.1999826476174873,0.9997652282554506,-0.020976984824161143,0.005424981434329165,-0.00015509819190338153
audit,16,2006224,43,4.2999999999997485,0.903965048470582,-0.5237936068128625,1.1996273343857626,0.9998864168850048,-0.014958809552556386,0.001838804935875687,-7.837119572767456e-05
audit,16,2006224,44,4.3999999999997375,0.9662014902907441,-0.4783439314638926,1.199285531518097,0.999958390447181,-0.009011744905501532,-0.0014157197668665865,-3.956745767911142e-05
audit,16,2006224,45,4.499999999999726,1.0281706760643807,-0.43112225431912354,1.1990059065149432,0.999987559356165,-0.003195388970588775,-0.0038300644387000986,-3.505172318854517e-05
audit,16,2006224,46,4.599999999999715,1.0893894062967817,-0.38326904365577713,1.1988233893818807,0.9999794560992946,0.0022024986003160003,-0.006019409622176761,-5.5561471190999954e-05
audit,16,2006224,47,4.699999999999704,1.1494582051385827,-0.33583052126622265,1.198742848691162,0.9999569411037174,0.006551922611851432,-0.006571388243511506,-7.145026279592817e-05
audit,16,2006224,48,4.799999999999693,1.2082268238154579,-0.28963446354185496,1.1987474654264314,0.9999381884889296,0.008474275002524585,-0.007197169542047244,-8.133413724175064e-05
audit,16,2006224,49,4.899999999999682,1.2655736043793366,-0.2450784320155472,1.1988153502856005,0.9999267081485534,0.008777599075745346,-0.008338126243113343,-8.795690559038658e-05
audit,16,2006224,50,4.999999999999671,1.3212807242250082,-0.20223216207270478,1.198925668766162,0.9999203621870549,0.008265680328528634,-0.009536244658592633,-8.860150474819353e-05
audit,16,2006224,51,5.09999999999966,1.3751108096738542,-0.16099218168463314,1.1990609810883899,0.9999171688742582,0.0068681663832297875,-0.010884726039970542,-8.01252534592859e-05
audit,16,2006224,52,5.199999999999649,1.426795715110576,-0.1210926764516384,1.1992130072337093,0.9999085440615786,0.004993905604396263,-0.012568231632830437,-6.303247290519191e-05
audit,17,2006225,0,0.0,-1.6,0.1316667405223508,1.2,1.0,0.0,0.0,0.0
audit,17,2006225,1,0.10000000000000007,-1.5996423251443086,0.13136450865594393,1.2000775767979448,0.999758384024742,0.014180543213751838,0.01676972660042416,0.0009284590163656442
audit,17,2006225,2,0.20000000000000015,-1.5959435792157626,0.12823568905994331,1.2006718641104956,0.9987827456272145,0.03204262096752242,0.037433114875868714,0.002249308690094053
audit,17,2006225,3,0.3000000000000002,-1.5849561126747536,0.11893594741487036,1.2017525491209107,0.9978743200727613,0.04140778072378316,0.050231984120834995,0.0029974666204576573
audit,17,2006225,4,0.4000000000000003,-1.5641694780933513,0.10163826333379346,1.2027460276046695,0.9975775604042844,0.0423481534617239,0.055104225080940206,0.003028077681993377
audit,17,2006225,5,0.5000000000000003,-1.5326580098150568,0.07611782815114085,1.2031551916201857,0.9978449642268225,0.03902071742160344,0.05268977407940989,0.0025687908700835604
audit,17,2006225,6,0.6000000000000004,-1.4908948441890797,0.042996694593737506,1.2028124334141728,0.9984069192303338,0.03431905409478188,0.04474513504191505,0.0019232912192596002
audit,17,2006225,7,0.7000000000000005,-1.4403879660449272,0.0031917455917243134,1.201846943625311,0.9989978251863857,0.02844235423532084,0.03453502629553048,0.0013075615439550126
audit,17,2006225,8,0.8000000000000006,-1.3830939851617878,-0.04216099168840893,1.2005372333267588,0.9994661395763318,0.021428457625251904,0.024649276031170234,0.0008186790138425095
audit,17,2006225,9,0.9000000000000007,-1.3209391537254616,-0.09172189004482624,1.1991679746413941,0.9997687568285314,0.01455371201134208,0.01582393776858784,0.0004746890775639013
audit,17,2006225,10,1.0000000000000007,-1.255682847156638,-0.1441627079291484,1.1979393162146905,0.9999378649110586,0.008835285980008392,0.006792442021314148,0.00025839921089964977
audit,17,2006225,11,1.1000000000000008,-1.1890203189987085,-0.19834514577508647,1.1969853930883119,0.999992955077566,0.003581344400714816,0.0011146273526071503,0.00014619639115765016
audit,17,2006225,12,1.2000000000000008,-1.1221026595941928,-0.25324296562268417,1.196353705117167,0.9999974368469502,-0.001050996481709436,-0.0020031350577060223,9.568628171232837e-05
audit,17,2006225,13,1.300000000000001,-1.0555724004763907,-0.30795731348198374,1.19602698300631,0.9999802861918532,-0.004327321515917831,-0.004549181246639789,8.041233529119908e-05
audit,17,2006225,14,1.400000000000001,-0.9899656843601573,-0.36183438788910816,1.1959708511164362,0.9999437407819859,-0.006615885427300258,-0.008290683379384807,9.949896400464495e-05
audit,17,2006225,15,1.500000000000001,-0.9260118015444895,-0.41436745762102273,1.1961659066157926,0.9998561462158447,-0.010706239581076476,-0.01315395906697204,0.00019149228657466474
audit,17,2006225,16,1.6000000000000012,-0.8646526765524609,-0.4647691847648388,1.1966001325213989,0.9997030354452741,-0.016215961675731222,-0.018186665732796415,0.00035874497657290043
audit,17,2006225,17,1.7000000000000013,-0.8068013621921495,-0.5119842802655499,1.1971906056979302,0.9995753598985071,-0.02149726921613837,-0.019665922608366554,0.0004677477765382227
audit,17,2006225,18,1.8000000000000014,-0.7527460565281451,-0.5549843435236277,1.1978155243194808,0.9995161354179867,-0.0260636888964869,-0.016969813565145517,0.00045231378993050017
audit,17,2006225,19,1.9000000000000015,-0.70191064501083,-0.5928757912667041,1.198374898043405,0.9995174514623824,-0.029906571723175776,-0.00839148201111717,0.00021028449355779306
audit,17,2006225,20,2.0000000000000013,-0.6526710272547388,-0.6249219045929758,1.1988605082775097,0.9994770972441012,-0.03215403549984204,0.0034092099536631912,-0.00016544809663069577
audit,17,2006225,21,2.0999999999999903,-0.6027866930239887,-0.6506437005849183,1.1993666015825768,0.9993235630247504,-0.03409646995958027,0.013768404225804401,-0.0005274133945872445
audit,17,2006225,22,2.1999999999999793,-0.5502505175493667,-0.6696743742740057,1.1999050708941652,0.9991654279080715,-0.035267312787545815,0.020592819068827095,-0.0007746772389846047
audit,17,2006225,23,2.2999999999999683,-0.49373414151043815,-0.6818187251041189,1.2003437337385332,0.9991463043291181,-0.03413643575971444,0.02325226129378706,-0.0008358491567425647
audit,17,2006225,24,2.3999999999999573,-0.43271938549685884,-0.6873621648786314,1.2004844261125025,0.999358023811151,-0.028270802227765852,0.021995637606650496,-0.0007027886923373037
audit,17,2006225,25,2.4999999999999463,-0.36743459711948184,-0.6874111303913908,1.2002866509434715,0.9996405444490127,-0.019733356796108888,0.018142376260472146,-0.0004803195430358599
audit,17,2006225,26,2.5999999999999353,-0.29858011729491546,-0.6835768411292216,1.199919228180274,0.9998231709574763,-0.011938109553770173,0.014526750274237917,-0.00028615256526760407
audit,17,2006225,27,2.6999999999999242,-0.22685612258720317,-0.6773293367014206,1.1995523811355735,0.9998980546913451,-0.00785122013122059,0.011925322200537053,-0.00015892554254577887
audit,17,2006225,28,2.7999999999999132,-0.1527976754744489,-0.6695396761959207,1.199238304681552,0.9999484763912129,-0.004513695564754227,0.009091967353195769,-8.511691749958345e-05
audit,17,2006225,29,2.899999999999902,-0.07696451675695315,-0.6608524957867112,1.198987061213507,0.9999825135800099,-0.0016176587538512346,0.005688047013805703,-4.284309851701463e-05
audit,17,2006225,30,2.999999999999891,-2.3629386049008306e-05,-0.6518703191826413,1.1988133566428931,0.9999960884562032,0.002094094929392211,0.0018538083158490819,-3.512048046810619e-05
audit,17,2006225,31,3.09999999999988,0.07727824994907126,-0.6433454876486376,1.1987376806839338,0.9999650384768131,0.008099253383068961,-0.0020781090717461362,-7.335795263563995e-05
audit,17,2006225,32,3.199999999999869,0.1541668302794511,-0.6363442256728646,1.1987605913932675,0.9999200187347638,0.011070508522399235,-0.00611444217720158,-0.00011649629724714094
audit,17,2006225,33,3.299999999999858,0.2298343067743005,-0.6314571296404794,1.1988509980468234,0.9998866703774711,0.010308195129660379,-0.010971262835057342,-0.00013750064136281164
audit,17,2006225,34,3.399999999999847,0.30327890588576406,-0.6285433168588925,1.199022978174748,0.9997977502516965,0.006739631112632494,-0.018947981350830954,-9.983405754865496e-05
audit,17,2006225,35,3.499999999999836,0.37305531181558305,-0.6269282620569084,1.199266428518053,0.9996961334561083,0.00167408660996896,-0.024593457592170607,5.5309642620096446e-06
audit,17,2006225,36,3.599999999999825,0.43816696359759105,-0.6255568717644459,1.1994293292984228,0.9997385254239668,-0.0073708523025082994,-0.021645901012403268,7.930200474517934e-05
audit,17,2006225,37,3.699999999999814,0.4991116203723815,-0.6226899597760843,1.1995091168474816,0.9997241031385652,-0.01917908512389228,-0.013560196713508244,3.691466406232156e-05
audit,17,2006225,38,3.799999999999803,0.5573877327038823,-0.6160654635959395,1.199676200178203,0.9995308136669275,-0.03014027520054169,-0.005450441482165865,-9.502007508146815e-05
audit,17,2006225,39,3.899999999999792,0.6145577846880195,-0.6035951147539584,1.1999523646350174,0.9993338335331061,-0.03648833838933398,0.0006642132953800145,-0.00022167162741678636
audit,17,2006225,40,3.999999999999781,0.6718293837303615,-0.584053098500436,1.2001866763320617,0.999301588918317,-0.03704885051240547,0.004861073867034185,-0.00029499473620105875
audit,17,2006225,41,4.0999999999997705,0.73002199165131,-0.5572971506493405,1.200264155763614,0.9994009411908564,-0.03388643445534171,0.007027058219891432,-0.0002979253381814944
audit,17,2006225,42,4.1999999999997595,0.7895691650840893,-0.5239462095896513,1.200142948434059,0.9995836255829116,-0.027837775050543464,0.007587651815354049,-0.00024756147772500613
audit,17,2006225,43,4.2999999999997485,0.8505413304434684,-0.485154292543103,1.1998489273055561,0.9997761425184458,-0.020584589672334813,0.004890353954389415,-0.00015478099996361978
audit,17,2006225,44,4.3999999999997375,0.9124491161782851,-0.44235842683495674,1.1994571066453434,0.9999299811191458,-0.01182100347542714,0.0005364393566541057,-9.470329547134024e-05
audit,17,2006225,45,4.499999999999726,0.9744529717020328,-0.3972298202547053,1.1990831789286178,0.9999848934132927,-0.0035640718266430325,-0.004183574510725413,-8.967459893854723e-05
audit,17,2006225,46,4.599999999999715,1.0356562706318677,-0.3513746558795002,1.1988210460052344,0.9999651431237695,0.002987462516311751,-0.007795779271271805,-0.00011589101409076968
audit,17,2006225,47,4.699999999999704,1.0953693815731125,-0.3060862239892665,1.198688118578847,0.9999255755239671,0.008168795977466267,-0.009060652164628553,-0.0001369952302353144
audit,17,2006225,48,4.799999999999693,1.1532843116473461,-0.26234551224314334,1.1986670545715368,0.9998892092589907,0.0103182569146131,-0.010727482569669175,-0.00015459427759764908
audit,17,2006225,49,4.899999999999682,1.2090945355937486,-0.22060137729031876,1.19872587328378,0.9998686262320606,0.010417877856469797,-0.012416630551099768,-0.00015932211657213383
audit,17,2006225,50,4.999999999999671,1.262456113401301,-0.18088168549441602,1.198838376954957,0.9998538651712032,0.009317634193684882,-0.014332026352696255,-0.00015170979804738177
audit,17,2006225,51,5.09999999999966,1.3130103203257875,-0.14296067360794845,1.1989776958238965,0.999851735042268,0.006605261291975158,-0.015901723916331816,-0.00011675923135760531
audit,17,2006225,52,5.199999999999649,1.3604699469816675,-0.10632285358124526,1.1991131131362047,0.9998678648227065,0.0030839350819705873,-0.015960529427526602,-6.11529603124555e-05
audit,17,2006225,53,5.299999999999638,1.4048147520590275,-0.07028723728240005,1.1992330047434665,0.9998893231189274,-0.0005283998849379256,-0.014868162839483773,-6.333440641377664e-06
audit,18,2006226,0,0.0,-1.6,-0.19866480605384654,1.2,1.0,0.0,0.0,0.0
audit,18,2006226,1,0.10000000000000007,-1.5996229627619536,-0.1989461310976018,1.2000783043327083,0.9997561837086428,0.013199907384300978,0.017677822711756924,0.0009111342099914554
audit,18,2006226,2,0.20000000000000015,-1.5957290004066402,-0.20183187050784857,1.2006540083508654,0.9988148220879788,0.02863481800554227,0.03929988581667817,0.0021254058301771145
audit,18,2006226,3,0.3000000000000002,-1.5842015915146337,-0.21020257131534367,1.201644530072792,0.9980141678180479,0.035132128732722,0.05221333112943909,0.0026874555853930253
audit,18,2006226,4,0.4000000000000003,-1.5624902631589401,-0.22538804396844503,1.2025633981991457,0.9977200990485372,0.035849633291485744,0.05711674322189596,0.0026618398085162657
audit,18,2006226,5,0.5000000000000003,-1.5296539882171616,-0.24753719265046864,1.2029890774357608,0.9979240110852224,0.033393715402954396,0.05502124405598427,0.0022782830594679985
audit,18,2006226,6,0.6000000000000004,-1.4861005666003668,-0.27618410368997237,1.2027249967069744,0.9984240425141921,0.029296989779181104,0.0478341450003541,0.0017355954544270495
audit,18,2006226,7,0.7000000000000005,-1.4332072204872093,-0.31054048857861705,1.2018655978996682,0.9989789481100962,0.024352317155404077,0.038033949692359945,0.0012018955052777833
audit,18,2006226,8,0.8000000000000006,-1.372876279687031,-0.34967822440333696,1.2006493487511871,0.9994385343048962,0.02003847582598551,0.02684229258904129,0.0007529685370126968
audit,18,2006226,9,0.9000000000000007,-1.307250596063053,-0.39273649903627594,1.1993473614303138,0.9997416000428729,0.015451782866882742,0.016666830857050435,0.0004385192528599258
audit,18,2006226,10,1.0000000000000007,-1.2383346010254788,-0.4388206606364205,1.1981581002073873,0.9999182343316662,0.010299147314823917,0.00757585993239911,0.00024199569396150743
audit,18,2006226,11,1.1000000000000008,-1.1678865111821568,-0.48693184772619286,1.1972127374382784,0.9999859117732715,0.00525750068049394,0.0007180392830828661,0.00013914439718479258
audit,18,2006226,12,1.2000000000000008,-1.0973110977324612,-0.5361041689780746,1.1965762752674804,0.9999795010054784,0.0016117529154966875,-0.0061960236805878545,9.545639924356711e-05
audit,18,2006226,13,1.300000000000001,-1.027928318317557,-0.5855636275162215,1.1962544426294557,0.9999252023336421,-0.003096098737767917,-0.011831684878683173,0.00012305918446220816
audit,18,2006226,14,1.400000000000001,-0.9608049011722017,-0.6343635968717901,1.1962087929918463,0.999853296236702,-0.010366378121051303,-0.013634116312665659,0.00018730089435780746
audit,18,2006226,15,1.500000000000001,-0.8962541807021661,-0.681066169579119,1.1963946188705397,0.9997452073447675,-0.020451906150132097,-0.009551128214051819,0.00012599933603688792
audit,18,2006226,16,1.6000000000000012,-0.8335418711611505,-0.7237870579995352,1.1967859370855511,0.9995886312601084,-0.02855308101545786,-0.0026995968097462747,-4.4689276537534305e-05
audit,18,2006226,17,1.7000000000000013,-0.7713652835277481,-0.7609609666384637,1.1973092023225735,0.9994671279192668,-0.032412031266596676,0.0038560058609341777,-0.00022728129042860507
audit,18,2006226,18,1.8000000000000014,-0.7084405193136428,-0.7917850527314754,1.1979031201792238,0.9993658886923013,-0.03430156136969393,0.009542692677600096,-0.0004005275382548489
audit,18,2006226,19,1.9000000000000015,-0.6436895831276097,-0.8159735392694455,1.1984040882567648,0.9994359280654654,-0.03114693834603265,0.012549822122285753,-0.00044259269000673296
audit,18,2006226,20,2.0000000000000013,-0.5765162813247063,-0.8340744801188651,1.198716765729148,0.999578831213236,-0.02597040540278222,0.012944411302026188,-0.00037476611356440263
audit,18,2006226,21,2.0999999999999903,-0.5068547844742455,-0.8470824018454812,1.1988791976212092,0.9997272109831048,-0.020865833986526923,0.010490552773205375,-0.0002624776211145655
audit,18,2006226,22,2.1999999999999793,-0.43512680788299535,-0.855982810456264,1.1989473804090034,0.9998325731629483,-0.016471416450551116,0.007968005959045543,-0.00017018668438094933
audit,18,2006226,23,2.2999999999999683,-0.3618249714071399,-0.8616394076877943,1.1989831886824365,0.9998989693637614,-0.012823379194206301,0.006131919652503568,-0.0001075765097450779
audit,18,2006226,24,2.3999999999999573,-0.2873112789009323,-0.8647691734087302,1.1990142432218365,0.9999410173312612,-0.0097726928280809,0.004738348423232339,-6.623919864483173e-05
audit,18,2006226,25,2.4999999999999463,-0.2118520263373747,-0.8659331424493982,1.199070736516967,0.9999501677693711,-0.009078938571126939,0.004151223166263093,-4.6889797455111776e-05
audit,18,2006226,26,2.5999999999999353,-0.1355787300011507,-0.8652986555478424,1.199159869052213,0.9999476737520644,-0.009558840573542475,0.003643749413905082,-3.761560444765877e-05
audit,18,2006226,27,2.6999999999999242,-0.05860360461315873,-0.8628255053466781,1.1992543273270189,0.9999629642622605,-0.008247813674517473,0.002458246859313509,-2.6378073099298794e-05
audit,18,2006226,28,2.7999999999999132,0.018819263109274842,-0.8587226494505557,1.1993454747193615,0.9999747485399474,-0.007092330435173306,-0.0004484642017375722,-3.365805188899394e-06
audit,18,2006226,29,2.899999999999902,0.09617203262274027,-0.8531830088507778,1.1994523032392574,0.9999621836330811,-0.008260973456138363,-0.002717942248285338,2.0279367577139936e-05
audit,18,2006226,30,2.999999999999891,0.17298329467237786,-0.846192104837764,1.1995321765859936,0.9999858253516557,-0.001753602081902063,-0.005027288565636989,-1.857915051750119e-05
audit,18,2006226,31,3.09999999999988,0.2487281028555703,-0.8388376015112105,1.1996237316836784,0.9999235208332382,0.005376482472290147,-0.011136855014010039,-0.000127988604446024
audit,18,2006226,32,3.199999999999869,0.3223167896742679,-0.8324000722762096,1.1997569159150507,0.9998547844976324,0.0050386257314157775,-0.01627882852148182,-0.00014801993572885976
audit,18,2006226,33,3.299999999999858,0.39276552528043573,-0.8268647124724413,1.1998729534503638,0.9998367000425643,-0.0005141686786224565,-0.01806395320252357,-4.973190053201196e-05
audit,18,2006226,34,3.399999999999847,0.4597536897442202,-0.8211798483281898,1.1999386564177323,0.9998443337142324,-0.008670520537125206,-0.01536649241219382,3.638824602368713e-05
audit,18,2006226,35,3.499999999999836,0.5237829534797063,-0.8137374848330037,1.2000005184717617,0.9997682499991297,-0.019429438695407086,-0.009270554280735104,5.3839020432272565e-06
audit,18,2006226,36,3.599999999999825,0.5859822516006042,-0.8025219916217187,1.2001421484677164,0.9996009530269613,-0.0280472192513154,-0.0033588881547999983,-7.791163605494029e-05
audit,18,2006226,37,3.699999999999814,0.6474820995248761,-0.7858602313823979,1.2003373338429704,0.9994704981985143,-0.03253606974105549,0.00033285029736397924,-0.0001288693085213444
audit,18,2006226,38,3.799999999999803,0.7090235588640642,-0.7628807910211103,1.2004823354610203,0.9994592752245892,-0.03279138687038907,0.0024208959325033356,-0.0001462106025782091
audit,18,2006226,39,3.899999999999792,0.7710235784614468,-0.7335313877022803,1.200476740152992,0.9995659427556491,-0.029255211171564346,0.0034698930342423394,-0.00013617874289138758
audit,18,2006226,40,3.999999999999781,0.8336662252917,-0.6984700899342754,1.2003121570504267,0.9997095404552988,-0.02396877412807276,0.00251486150468406,-8.978342899670466e-05
audit,18,2006226,41,4.0999999999997705,0.8967827907636076,-0.6586977107272833,1.2000583813753232,0.9998195795394236,-0.018992541205184774,0.0003005698635130375,-3.74958202420486e-05
audit,18,2006226,42,4.1999999999997595,0.9599608434118899,-0.6152129238897073,1.1997700291495568,0.9999073310079248,-0.013490356848386082,-0.0018274552160731994,-8.72605886788756e-06
audit,18,2006226,43,4.2999999999997485,1.022797931011241,-0.5690854628893504,1.1994873554956205,0.9999660961610826,-0.0076714586061176005,-0.00299252999787908,-3.928040147655341e-06
audit,18,2006226,44,4.3999999999997375,1.0850518925120587,-0.5214219351138645,1.1992590901566043,0.9999872182671243,-0.003406152841586285,-0.0037364921477852273,-7.185147406950246e-06
audit,18,2006226,45,4.499999999999726,1.1465892280221777,-0.47306064290719385,1.1991049723120673,0.9999929823373955,-0.0009089675807800239,-0.003634413816208023,-9.49264250499419e-06
audit,18,2006226,46,4.599999999999715,1.2074489052407946,-0.42450188546060047,1.199017252733246,0.9999985348131112,0.00042343445140870825,-0.001658623309936191,-6.603877099766132e-06
audit,18,2006226,47,4.699999999999704,1.2679755543642883,-0.3760069468980571,1.1989884893558833,0.9999997488802648,0.0006750578162336892,0.00021569947502195322,-3.176319906291642e-06
audit,18,2006226,48,4.799999999999693,1.3285179894824815,-0.32763695678587473,1.1990103209610967,0.9999997245621547,0.0004079479272710795,0.0006200415292824036,-1.6142709956970195e-06
audit,18,2006226,49,4.899999999999682,1.3891715324911844,-0.2793660659095388,1.1990711997779042,0.9999994439985486,0.0010116446702071252,0.00029761698387884873,-1.336579065505788e-06
audit,18,2006226,50,4.999999999999671,1.4498543942327033,-0.23131472821496807,1.1991618613909583,0.9999951463551652,0.00277060412952642,-0.0014250960907892442,-1.0954462675191039e-05
audit,19,2006227,0,0.0,-1.6,0.17517148017682457,1.2,1.0,0.0,0.0,0.0
audit,19,2006227,1,0.10000000000000007,-1.5996573420564493,0.17485476836478817,1.2000770185407885,0.9997600818942453,0.014859693777012501,0.016065476072464446,0.0009320033425122532
audit,19,2006227,2,0.20000000000000015,-1.5961081566675075,0.17158007976815884,1.2006691971456522,0.9987873980177874,0.03337813203536721,0.036118106149396874,0.00226191752021756
audit,19,2006227,3,0.3000000000000002,-1.58552515899399,0.16187194060606774,1.2017492401998662,0.997877525641648,0.043196512918877286,0.048634936024572334,0.0030245807706315462
audit,19,2006227,4,0.4000000000000003,-1.5654504940925014,0.14381850337625499,1.2027441750932275,0.9975784223679586,0.044274377606936643,0.05355038154699517,0.003070398922780931
audit,19,2006227,5,0.5000000000000003,-1.5349455000150671,0.11717642689484739,1.2031562099373243,0.9978433646459335,0.04039522157763459,0.05167226343214104,0.002612067682273606
audit,19,2006227,6,0.6000000000000004,-1.4943848801148432,0.08266814278020929,1.2028180676415565,0.9984028836937145,0.034847485157074795,0.044424322054156536,0.0019530029011069763
audit,19,2006227,7,0.7000000000000005,-1.445149159168035,0.041365833824570986,1.2018558773826076,0.9989950819542339,0.02846274748283066,0.0345970071377118,0.0013211109328779757
audit,19,2006227,8,0.8000000000000006,-1.3891191464729389,-0.0054942676892909435,1.2005468659284866,0.9994650325269218,0.02131933778355376,0.024788274571364725,0.0008222142084153173
audit,19,2006227,9,0.9000000000000007,-1.3282026639453897,-0.056543049412088674,1.1991768731307477,0.9997684921518561,0.014456514767619241,0.015929413513227905,0.00047441153406918937
audit,19,2006227,10,1.0000000000000007,-1.264157480193411,-0.11045978121406791,1.1979525119123038,0.9999330704482047,0.009087492617005375,0.007155936102849071,0.0002543235208436602
audit,19,2006227,11,1.1000000000000008,-1.1986381918642859,-0.16616124660103895,1.1970024332349445,0.999990968783582,0.003928576209220391,0.001615226175234177,0.0001403019771758619
audit,19,2006227,12,1.2000000000000008,-1.132769714717468,-0.2226394248917475,1.1963694761822685,0.9999981317568057,-0.0010234817645083183,-0.0016372022305018684,9.239498949151052e-05
audit,19,2006227,13,1.300000000000001,-1.067211004922961,-0.2789385329790727,1.1960400705489638,0.9999806268159903,-0.004700031832923437,-0.004080371675431896,7.912307035535149e-05
audit,19,2006227,14,1.400000000000001,-1.002475436881935,-0.33433765625475514,1.195977440928669,0.9999498556980243,-0.006874140910068839,-0.007281747876362142,9.178297465946424e-05
audit,19,2006227,15,1.500000000000001,-0.9391949961150309,-0.3883685335156209,1.196150406942559,0.9998872135399476,-0.009514653181653307,-0.011619349658221898,0.00014929056624616243
audit,19,2006227,16,1.6000000000000012,-0.8782272676810887,-0.44049489341957593,1.1965497480498928,0.9997581064017694,-0.013773447825303948,-0.01714459219322964,0.0002894433987804202
audit,19,2006227,17,1.7000000000000013,-0.8206073043925224,-0.48989337363998103,1.1971430499445541,0.9995913211467992,-0.018970119293075648,-0.02138019480107888,0.0004610122233677389
audit,19,2006227,18,1.8000000000000014,-0.7671116676791575,-0.5355647644129773,1.1978162056062212,0.9994865891497262,-0.023974609919720304,-0.021248237244682208,0.0005372178669626286
audit,19,2006227,19,1.9000000000000015,-0.7176582310403755,-0.5765287608956101,1.1984176339844874,0.9994880151365917,-0.028733202005081705,-0.01407043827570637,0.0003653321504448011
audit,19,2006227,20,2.0000000000000013,-0.6708846804345616,-0.6119037386244228,1.198876196562338,0.9995190844796481,-0.030941734781456686,-0.0020514595129051795,1.798740461920766e-05
audit,19,2006227,21,2.0999999999999903,-0.6245108669587423,-0.6411936520807139,1.199301107781777,0.9994112360933095,-0.03275863900879843,0.010193288729011107,-0.0003867888571850733
audit,19,2006227,22,2.1999999999999793,-0.5761737733866185,-0.6640293785392021,1.199810596959235,0.9991909340667022,-0.03502236201267286,0.019757238895273557,-0.0007502994064029466
audit,19,2006227,23,2.2999999999999683,-0.5240205452577172,-0.6800249301209286,1.200308181307334,0.999074426739515,-0.03497325677683291,0.02502603239050599,-0.0009267406967909621
audit,19,2006227,24,2.3999999999999573,-0.46703370057299404,-0.6892494909959807,1.200554135895526,0.9992206229581364,-0.030152508660329383,0.025460937422903514,-0.0008447142645191699
audit,19,2006227,25,2.4999999999999463,-0.4051118146860672,-0.6925982296149557,1.200463016694497,0.9994824984499054,-0.023196269897293603,0.022277395720827566,-0.000621285027414949
audit,19,2006227,26,2.5999999999999353,-0.33884864563341527,-0.6914614041184184,1.2000949725171113,0.9997565796186374,-0.013562240541572932,0.017398154950395886,-0.0003890309216218981
audit,19,2006227,27,2.6999999999999242,-0.2691390209024042,-0.6876156816961915,1.1996399334909074,0.9998846951472793,-0.005991260309761807,0.013952012893260868,-0.00020626769050763381
audit,19,2006227,28,2.7999999999999132,-0.1966803805662882,-0.6825095236475726,1.1992512338554824,0.9999310207446764,-0.003238775741249957,0.011289581965559924,-9.707342571839879e-05
audit,19,2006227,29,2.899999999999902,-0.122019623117829,-0.6767462524087481,1.1989463432474163,0.9999663990464261,-0.0021846555749156864,0.00790101886630095,-4.426077186137012e-05
audit,19,2006227,30,2.999999999999891,-0.045802843206140836,-0.6705603315591322,1.1987286697552009,0.9999888884969929,-0.0008760616908528418,0.004631951672877736,-2.0546571146886682e-05
audit,19,2006227,31,3.09999999999988,0.031311212524457135,-0.6642477872423226,1.1986002667153093,0.9999961856727775,0.0025962366573614773,0.0009420207905266174,-2.8141513153311907e-05
audit,19,2006227,32,3.199999999999869,0.10859882739007982,-0.6584820468587419,1.1985733152138511,0.9999617728017698,0.008091119720003549,-0.003313665927428651,-7.959233236621977e-05
audit,19,2006227,33,3.299999999999858,0.18522205127485028,-0.654235500026732,1.198643825960219,0.9999140089266512,0.010305189883404554,-0.008109330264893223,-0.0001287491917956249
audit,19,2006227,34,3.399999999999847,0.2601734053879124,-0.6519586448347544,1.1988111976090985,0.9998228004567623,0.0090735779655123,-0.016492805515428782,-0.00015885821100120013
audit,19,2006227,35,3.499999999999836,0.33189332628830254,-0.6514512646224959,1.1990975167137568,0.9996702549232129,0.0068852525183984575,-0.02473765343091787,-0.00015238848087115625
audit,19,2006227,36,3.599999999999825,0.3988556174015284,-0.6522367570428216,1.1993948960058283,0.9996199893770547,0.0019174700936660128,-0.02749903102612971,-5.8641980923782607e-05
audit,19,2006227,37,3.699999999999814,0.4605880477707931,-0.6532644340700425,1.1995202680516175,0.9997214783302852,-0.009756653924321736,-0.021488913565641574,-7.94223862576298e-06
audit,19,2006227,38,3.799999999999803,0.5181738114433841,-0.6523412910453236,1.1995648473326583,0.9996567592232272,-0.02378541649765246,-0.010981945552342689,-0.0001207196461419617
audit,19,2006227,39,3.899999999999792,0.5735665784284962,-0.6467900559614099,1.199748037990065,0.9993916450092493,-0.03481355178250186,-0.0020673258177322292,-0.00028750992685404016
audit,19,2006227,40,3.999999999999781,0.628508334949085,-0.6344926450563908,1.2000374498448936,0.999195830727304,-0.039894034128303245,0.003999202751503487,-0.0004053091352673969
audit,19,2006227,41,4.0999999999997705,0.6842057209938176,-0.614460095910142,1.2002364428650876,0.9992126137026167,-0.03886426753483213,0.007969969527076765,-0.0004482324208076546
audit,19,2006227,42,4.1999999999997595,0.7414288163068589,-0.586858578099536,1.2002302040285058,0.9993698436265057,-0.034176364104021355,0.009577509184945895,-0.0004038618260713481
audit,19,2006227,43,4.2999999999997485,0.8004967872103821,-0.552599556139213,1.2000015743747003,0.9995948955509474,-0.026988312832145322,0.009032396790840157,-0.0003026006892455437
audit,19,2006227,44,4.3999999999997375,0.8612704311015678,-0.5130525449473132,1.1996114754485863,0.9998004744872522,-0.019331087400796674,0.005028810345856194,-0.0001770352329603016
audit,19,2006227,45,4.499999999999726,0.9230166446784526,-0.4697351957131684,1.1991627324479959,0.9999414802511792,-0.010816760638409096,-0.00014999620209697726,-0.00010612968772088767
audit,19,2006227,46,4.599999999999715,0.9847406268400223,-0.4242835683726565,1.1987697467575045,0.9999846159096727,-0.0027814122590655945,-0.004798120712445452,-9.86278751343884e-05
audit,19,2006227,47,4.699999999999704,1.0455352956975548,-0.37826189937247595,1.1985142536116289,0.999956299357096,0.003732488352808399,-0.008570364079465861,-0.00012948476023859272
audit,19,2006227,48,4.799999999999693,1.1046989248455064,-0.33295088597830835,1.1984019397660743,0.9999158809684676,0.008771211270362643,-0.009553795523874795,-0.00014775314805846976
audit,19,2006227,49,4.899999999999682,1.1619743956650346,-0.28929775115132184,1.1984003976768844,0.9998914281713761,0.010365814685502716,-0.010471810020247347,-0.0001514932746380141
audit,19,2006227,50,4.999999999999671,1.217206214391635,-0.24764640101680008,1.1984677781612316,0.9998936174924737,0.009673554773762128,-0.010915934091270455,-0.00013571576339192762
audit,19,2006227,51,5.09999999999966,1.2702968848380352,-0.2078766756246389,1.1985736033032797,0.9999081160647794,0.007967831433410734,-0.010966373627539421,-0.00010834894387789465
audit,19,2006227,52,5.199999999999649,1.3212364979116944,-0.16965057304196104,1.1987008299001527,0.9999271116105288,0.005194364227979987,-0.010898842539819601,-7.264835965480565e-05
audit,19,2006227,53,5.299999999999638,1.3700420542835308,-0.13243638802884578,1.1988395576120385,0.9999429556820413,0.0019695437574295455,-0.0104978643755273,-3.350825582118446e-05
stale-vision,0,2006208,0,0.0,-1.6,-0.09111753848661638,1.2,1.0,0.0,0.0,0.0
stale-vision,0,2006208,1,0.10000000000000007,-1.5996192559448537,-0.09139382620639135,1.2000783043595422,0.9997561904382136,0.012963673811013224,0.017851786621819108,0.0009036349936271812
stale-vision,0,2006208,2,0.20000000000000015,-1.595684188613065,-0.09425408304317026,1.2006753421276148,0.9987767479651296,0.029309916391374834,0.03976379188025786,0.0021857219937538503
stale-vision,0,2006208,3,0.3000000000000002,-1.584033076493895,-0.10278310476056814,1.2017584809787314,0.9978681823897699,0.03909905662877717,0.05217102224123658,0.0029221196384729797
stale-vision,0,2006208,4,0.4000000000000003,-1.5622255143996484,-0.1188852061847433,1.2027537871500147,0.9975728156537541,0.04227507884231047,0.055248093937306474,0.002990534034692158
stale-vision,0,2006208,5,0.5000000000000003,-1.5296533281448543,-0.14317955814842234,1.20316091372589,0.9978449250147053,0.040556920667102286,0.05151664046573737,0.0025840982031441564
stale-vision,0,2006208,6,0.6000000000000004,-1.487033275439604,-0.1753443493985515,1.202815826959607,0.9984066577273327,0.03570231094960143,0.043653498791536356,0.0019654113699463403
stale-vision,0,2006208,7,0.7000000000000005,-1.435878163600785,-0.21445898898589133,1.2018497254509517,0.998997285100105,0.029181139563123147,0.03392755101943351,0.0013441496347891186
stale-vision,0,2006208,8,0.8000000000000006,-1.3780643411514046,-0.25927816833591577,1.2005393023807411,0.9994658116176476,0.02212324805703634,0.02404060565334685,0.0008382020656597028
stale-vision,0,2006208,9,0.9000000000000007,-1.3155090675727978,-0.308442333749426,1.199169537221392,0.9997679929429835,0.015328038302582631,0.015125384552974885,0.00048401516235554797
stale-vision,0,2006208,10,1.0000000000000007,-1.2499511778432522,-0.360631554689406,1.1979542805552017,0.9999261521891823,0.009299500181509098,0.007819111707667975,0.0002663768262482796
stale-vision,0,2006208,11,1.1000000000000008,-1.1828231431101277,-0.41466699057635537,1.1970132450025617,0.9999879537838492,0.004296275130366953,0.0023690465441980266,0.00014807317512211402
stale-vision,0,2006208,12,1.2000000000000008,-1.1151982623063612,-0.46956567753160977,1.196384820696238,0.9999991306695964,0.0003886899425235404,-0.0012567386789435944,9.04879636167222e-05
stale-vision,0,2006208,13,1.300000000000001,-1.0477937417376564,-0.5245574627160055,1.1960529912900708,0.9999915697552663,-0.002484363569561779,-0.0032686821558813996,6.38201907688975e-05
stale-vision,0,2006208,14,1.400000000000001,-0.9810103264551113,-0.5790747463013194,1.195973609106938,0.999982143793302,-0.004464099626223117,-0.003972588751240864,4.947416367328777e-05
stale-vision,0,2006208,15,1.500000000000001,-0.9149916553364883,-0.6327254993463266,1.196093359404258,0.9999767174766968,-0.00572944744216345,-0.0037062758098553245,3.815965138620203e-05
stale-vision,0,2006208,16,1.6000000000000012,-0.8496903423217639,-0.6852583845546961,1.1963605301114777,0.9999751939698603,-0.006465122539796083,-0.0027951615431367717,2.659762653531366e-05
stale-vision,0,2006208,17,1.7000000000000013,-0.7849317546094092,-0.7365265610563033,1.1967295616047255,0.9999754439494429,-0.006840157963750752,-0.0015243115095113454,1.45453972921553e-05
stale-vision,0,2006208,18,1.8000000000000014,-0.7204699018215832,-0.7864545100995037,1.197161998859977,0.9999755212196096,-0.006995830012059675,-0.00012375854294208963,2.7991493409427814e-06
stale-vision,0,2006208,19,1.9000000000000015,-0.65603255264065,-0.8350102789027024,1.197625943982306,0.9999744468060952,-0.007041146072700854,0.0012360968578561241,-7.834760533692589e-06
stale-vision,0,2006208,20,2.0000000000000013,-0.5913546899964756,-0.8821840283472314,1.1980952388725632,0.9999721397891704,-0.0070538057430873284,0.002441963269490095,-1.689367228045577e-05
stale-vision,0,2006208,21,2.0999999999999903,-0.526200804187878,-0.9279727009050528,1.1985488653014378,0.9999690196388259,-0.007084534963038123,0.0034305303364714204,-2.4259684715943916e-05
stale-vision,0,2006208,22,2.1999999999999793,-0.46038219129192604,-0.97236733680178,1.1989706359301269,0.9999656326067421,-0.007286791995425701,0.0039541674979344564,-2.8761305905336856e-05
stale-vision,0,2006208,23,2.2999999999999683,-0.39379658900276987,-1.0153281377545478,1.1993487238127916,0.9999625459182837,-0.007696328817890118,0.003958835086516731,-3.0134843891950704e-05
stale-vision,0,2006208,24,2.3999999999999573,-0.3264406017206256,-1.0567761048781683,1.199675708911997,0.9999595985624075,-0.008240610084297901,0.003590648221610175,-2.887380192033791e-05
stale-vision,0,2006208,25,2.4999999999999463,-0.25838385049801055,-1.0966055971386464,1.199948427047434,0.999956302066602,-0.008851242683483904,0.0030081232137237676,-2.5592486213790317e-05
stale-vision,0,2006208,26,2.5999999999999353,-0.1897385294887143,-1.1346975075249672,1.2001671602457635,0.9999523037540997,-0.009483023176785394,0.002337102796154175,-2.094796832277835e-05
stale-vision,0,2006208,27,2.6999999999999242,-0.12063478887428818,-1.1709282346243168,1.2003346588091859,0.9999475149787728,-0.01010888011386172,0.001666609594966853,-1.559098029211485e-05
stale-vision,0,2006208,28,2.7999999999999132,-0.05120320756105862,-1.2051751265247013,1.2004552749561435,0.9999420647575108,-0.010712476907041092,0.0010535013170456238,-1.0098423587788975e-05
stale-vision,0,2006208,29,2.899999999999902,0.018436459754369597,-1.2373197869420016,1.200534288284608,0.999936208677078,-0.011282673642987762,0.000528987465362936,-4.923317583057997e-06
stale-vision,0,2006208,30,2.999999999999891,0.08818151034387345,-1.2672503259446433,1.200577409761724,0.9999302519560791,-0.011810172228833201,0.00010514198947572342,-3.747949845513588e-07
stale-vision,0,2006208,31,3.09999999999988,0.15794876007588388,-1.2948632199800936,1.2005904242696084,0.9999245011238649,-0.012285925177779072,-0.00021927907226315158,3.3770657431963005e-06
stale-vision,0,2006208,32,3.199999999999869,0.2276743829805442,-1.3200651025307786,1.2005789352328067,0.9999192390716236,-0.012700754851466607,-0.0004540056947988123,6.281432656001982e-06
stale-vision,0,2006208,33,3.299999999999858,0.29731206913856073,-1.3427745678781544,1.2005481864092835,0.999914713131319,-0.013045691324826277,-0.0006134583515715761,8.379843572348433e-06
stale-vision,0,2006208,34,3.399999999999847,0.36683024498359024,-1.3629239276703176,1.2005029457882879,0.9999111278697194,-0.013312646090432924,-0.0007139473171389125,9.777807916788256e-06
stale-vision,0,2006208,35,3.499999999999836,0.43620890753538055,-1.3804607920827983,1.2004474416199762,0.9999086384290476,-0.013495151714185562,-0.0007717269210919313,1.0617894385874649e-05
stale-vision,0,2006208,36,3.599999999999825,0.5054364564012908,-1.3953493334314833,1.200385341518848,0.9999073441800406,-0.013588969876029384,-0.000801766973849705,1.1056479066081358e-05
stale-vision,0,2006208,37,3.699999999999814,0.5745067679765534,-1.4075711133955848,1.2003197651153654,0.9999072837038203,-0.01359250800829341,-0.0008170652608015639,1.124507142353914e-05
stale-vision,0,2006208,38,3.799999999999803,0.6434166492621086,-1.4171253933094297,1.200253319742721,0.9999084333045585,-0.013506986977496806,-0.0008283605148351345,1.131687170664792e-05
stale-vision,0,2006208,39,3.899999999999792,0.7121637301341484,-1.4240288944786645,1.2001881485567127,0.9999107103318904,-0.013336367351734378,-0.0008441208218813974,1.1378572283297335e-05
stale-vision,0,2006208,40,3.999999999999781,0.7807447985077384,-1.4283150227405499,1.2001259820927055,0.9999139814176212,-0.013087074733144499,-0.000870694024793736,1.150678667506325e-05
stale-vision,0,2006208,41,4.0999999999997705,0.849154549759362,-1.4300326108121935,1.2000681866233804,0.9999180747451251,-0.012767571321286466,-0.0009125691915259652,1.1748622554894484e-05
stale-vision,0,2006208,42,4.1999999999997595,0.9173847005051327,-1.4292442619025971,1.200015805627941,0.9999227946584452,-0.012387835497675798,-0.0009726803730557862,1.212513440061452e-05
stale-vision,0,2006208,43,4.2999999999997485,0.9854234078217231,-1.4260243964964217,1.1999695932805967,0.9999279368752925,-0.011958791978567864,-0.001052706537944305,1.2636430088550774e-05
stale-vision,0,2006208,44,4.3999999999997375,1.0532549347857643,-1.4204571131031405,1.199930041210787,0.9999333022296175,-0.011491764138321668,-0.0011533746687682842,1.326777512761346e-05
stale-vision,0,2006208,45,4.499999999999726,1.120859503785201,-1.4126339707693256,1.1998974008251542,0.99993870801847,-0.01099795871760196,-0.001274721352401054,1.3995428149704203e-05
stale-vision,0,2006208,46,4.599999999999715,1.188213285863208,-1.402651793775708,1.199871703867352,0.9999439960564498,-0.010488020471926688,-0.0014163186229951513,1.4791763616389689e-05
stale-vision,0,2006208,47,4.699999999999704,1.2552884818386776,-1.3906105854421649,1.1998527839305515,0.9999490370565389,-0.00997169243583373,-0.0015774648608497515,1.562936642987658e-05
stale-vision,0,2006208,48,4.799999999999693,1.3220534576571863,-1.3766116181779229,1.1998403005410092,0.9999537319294355,-0.009457562365940243,-0.0017573396849406315,1.6483918822488635e-05
stale-vision,0,2006208,49,4.899999999999682,1.3884729035224166,-1.3607557491465645,1.1998337665405516,0.9999580104392664,-0.008952906911575912,-0.0019551254798779298,1.7335921683651905e-05
stale-vision,0,2006208,50,4.999999999999671,1.4545079930808802,-1.3431419922358023,1.1998325786560509,0.9999618279506693,-0.008463629486832113,-0.0021700892302095524,1.81713447135282e-05
stale-vision,0,2006208,51,5.09999999999966,1.5201165261879683,-1.3238663586717634,1.1998360502967738,0.9999651610368742,-0.007994276824067897,-0.002401643241403043,1.8981569464849726e-05
stale-vision,0,2006208,52,5.199999999999649,1.585253043378727,-1.3030209634020968,1.1998434450944586,0.99996800268282,-0.007548110033843607,-0.0026493876421083413,1.9762820678873273e-05
stale-vision,0,2006208,53,5.299999999999638,1.6498689039036318,-1.2806933833138607,1.1998540095158503,0.999970357567776,-0.00712722047295132,-0.0029131243073756436,2.0515205638480225e-05
stale-vision,0,2006208,54,5.399999999999627,1.7139123241492527,-1.256966244527031,1.1998670030634941,0.9999722376674169,-0.006732686511123333,-0.003192863221597528,2.1241717636617597e-05
stale-vision,0,2006208,55,5.499999999999616,1.7773283753686204,-1.231917008742861,1.1998817246561897,0.9999736585858904,-0.00636473062046286,-0.003488818825430762,2.1947231690212268e-05
stale-vision,0,2006208,56,5.599999999999605,1.8400589413576711,-1.2056179271154193,1.1998975343019376,0.9999746364537407,-0.006022898754605852,-0.003801398076600905,2.2637646196334174e-05
stale-vision,0,2006208,57,5.699999999999594,1.9020426384696578,-1.1781361275841593,1.199913869458292,0.9999751856595314,-0.005706213151197321,-0.004131180567101217,2.3319130853988877e-05
stale-vision,0,2006208,58,5.799999999999583,1.9632147019085697,-1.1495338048982424,1.1999302559071332,0.9999753171699326,-0.005413319726211404,-0.00447888876341369,2.399751596491672e-05
stale-vision,0,2006208,59,5.899999999999572,2.0235068436740047,-1.119868484708751,1.1999463135081756,0.9999750372764372,-0.005142625277084577,-0.004845371012111582,2.4677975109671107e-05
stale-vision,0,2006208,60,5.999999999999561,2.0828470864373774,-1.089193335161555,1.1999617571456123,0.9999743469645526,-0.004892399972017377,-0.005231557317216487,2.5364675766201636e-05
stale-vision,0,2006208,61,6.09999999999955,2.141159580832545,-1.0575575052755193,1.1999763936352914,0.9999732414673659,-0.004660871705787584,-0.005638434625806548,2.6060696898299903e-05
stale-vision,0,2006208,62,6.199999999999539,2.198364412157759,-1.0250064722504497,1.199990115312511,0.9999717102529208,-0.004446286988949517,-0.006067001676223671,2.676790164005113e-05
stale-vision,0,2006208,63,6.299999999999528,2.2543774045082694,-0.9915823851351141,1.2000028910655032,0.9999697371810256,-0.004246959945252827,-0.006518228118463154,2.7486908099901927e-05
stale-vision,0,2006208,64,6.399999999999517,2.309109931117999,-0.9573243956717196,1.2000147555488645,0.9999673010102617,-0.004061297735056379,-0.006992994691854924,2.8216995226230277e-05
stale-vision,0,2006208,65,6.499999999999506,2.3624687419411807,-0.9222689707035593,1.200025797261747,0.9999643760404604,-0.003887825876675412,-0.007492037206794538,2.8956113747076904e-05
stale-vision,0,2006208,66,6.599999999999495,2.4143558202033297,-0.8864501819766594,1.2000361459613205,0.9999609332150073,-0.0037251839856868993,-0.00801586962906971,2.970075044357637e-05
stale-vision,0,2006208,67,6.699999999999484,2.464668282396913,-0.8498999736307814,1.2000459597713242,0.9999569415341193,-0.0035721085313325644,-0.00856470614965796,3.0445698756850285e-05
stale-vision,0,2006208,68,6.799999999999473,2.5132983377497906,-0.8126484103156781,1.20005541229546,0.9999523699465719,-0.0034274326678935562,-0.009138357134039186,3.118386524712422e-05
stale-vision,0,2006208,69,6.899999999999462,2.560133326901322,-0.7747239068055526,1.2000646798098134,0.9999471897829679,-0.0032900653870191615,-0.009736123299478176,3.1906011192760114e-05
stale-vision,0,2006208,70,6.999999999999451,2.6050558613416626,-0.7361534429229637,1.2000739284239046,0.9999413780220046,-0.003158955547927555,-0.010356662422134403,3.2600233590794256e-05
stale-vision,0,2006208,71,7.09999999999944,2.647944089265273,-0.6969627703197409,1.2000833011320942,0.9999349212650094,-0.003033071073190916,-0.010997845650151855,3.325148620153213e-05
stale-vision,0,2006208,72,7.199999999999429,2.688672116439146,-0.6571766157159157,1.2000929046105924,0.9999278206548005,-0.0029113722636419518,-0.01165659671034372,3.384104235166152e-05
stale-vision,0,2006208,73,7.299999999999418,2.727110613174052,-0.6168188856345528,1.200102795684573,0.9999200975397733,-0.002792783102281484,-0.012328735496843008,3.434594010952298e-05
stale-vision,0,2006208,74,7.399999999999407,2.763127638575417,-0.575912878420484,1.2001129674752604,0.99991179994953,-0.00267615725959716,-0.013008816135963474,3.473836935494565e-05
stale-vision,0,2006208,75,7.499999999999396,2.7965897136222586,-0.534481509754369,1.2001233353884162,0.9999030095583339,-0.0025602582635030832,-0.013689971871498023,3.498524900974495e-05
stale-vision,0,2006208,76,7.599999999999385,2.8273631734854354,-0.49254755616266505,1.2001337234735965,0.9998938487452385,-0.002443730016333089,-0.01436378072394888,3.504793051436684e-05
stale-vision,0,2006208,77,7.699999999999374,2.8553158243316914,-0.4501339217859705,1.2001438525718682,0.9998844863660354,-0.002325074978160215,-0.015020210854061801,3.488231191087125e-05
stale-vision,0,2006208,78,7.799999999999363,2.8803189162440495,-0.4072639327691902,1.2001533318405802,0.9998751418213847,-0.0022026428486838613,-0.015647617903988446,3.443950233769737e-05
stale-vision,0,2006208,79,7.899999999999352,2.902249431465292,-0.36396166172483035,1.2001616558084203,0.9998660858139041,-0.00207461514012126,-0.01623284564486113,3.366708461519108e-05
stale-vision,0,2006208,80,7.999999999999341,2.920992667924402,-0.320252284896086,1.200168209930877,0.9998576363079658,-0.0019390025032146184,-0.016761453664876594,3.251124344107112e-05
stale-vision,0,2006208,81,8.099999999999374,2.9364450718720283,-0.27616247264385896,1.2001722880760568,0.999850147781153,-0.0017936531453157983,-0.017218125169631043,3.0919966895298764e-05
stale-vision,0,2006208,82,8.199999999999408,2.948517240205587,-0.23172081155521518,1.200173124573685,0.9998439936403127,-0.001636271457549413,-0.01758721595215098,2.8847185552172338e-05
stale-vision,0,2006208,83,8.299999999999441,2.95713698375845,-0.18695825445963177,1.2001699422114405,0.9998395416519098,-0.0014644501396758388,-0.017853449123850226,2.6257775961379413e-05
stale-vision,0,2006208,84,8.399999999999475,2.9622523142222583,-0.14190859216988014,1.2001620165882527,0.9998371227781141,-0.0012757101356674014,-0.01800277598851885,2.313308758112535e-05
stale-vision,0,2006208,85,8.499999999999508,2.9638341874089273,-0.09660893859772131,1.200148753554534,0.9998369971488055,-0.0010675721881752383,-0.01802329167331565,1.9476651368602168e-05
stale-vision,0,2006208,86,8.599999999999541,2.9618788234650695,-0.05110021621962849,1.200129773004278,0.999839321174976,-0.0008376184991459446,-0.017906143999805037,1.531898813235337e-05
stale-vision,0,2006208,87,8.699999999999575,2.9564094266362546,-0.005427628890091348,1.2001049899288094,0.9998441202150286,-0.0005835783754399895,-0.017646376193882488,1.072094063869645e-05
stale-vision,0,2006208,88,8.799999999999608,2.947477141786031,0.04035889410294085,1.2000746808001452,0.9998512724607844,-0.0003034187263504826,-0.0172435745214988,5.7747208469719385e-06
stale-vision,0,2006208,89,8.899999999999642,2.935161122618683,0.08620430067765021,1.200039522683177,0.9998605080621688,4.561045328753542e-06,-0.01670222729145836,6.01975413105541e-07
stale-vision,0,2006208,90,8.999999999999675,2.9195676424166375,0.13204808355076658,1.2000005950707737,0.999871424654774,0.00034164241535192643,-0.01603176277446462,-4.651427839715022e-06
stale-vision,0,2006208,91,9.099999999999708,2.900828241670107,0.1778240302311411,1.1999593385767937,0.9998835185099655,0.0007085954216256229,-0.015246219470980144,-9.823569138960331e-06
stale-vision,0,2006208,92,9.199999999999742,2.8790969772780977,0.22346007283811795,1.1999174708786133,0.9998962270860564,0.001105612515357383,-0.014363581118836777,-1.4747114073604873e-05
stale-vision,0,2006208,93,9.299999999999775,2.8545469035735627,0.2688782514089655,1.1998768671725786,0.999908977064072,0.0015322504078329833,-0.013404828397763318,-1.9261242927120488e-05
stale-vision,0,2006208,94,9.399999999999809,2.8273659696963693,0.31399480217060466,1.1998394182189405,0.999921231002865,0.001987374124731976,-0.012392804141110094,-2.322335700596964e-05
stale-vision,0,2006208,95,9.499999999999842,2.797752554064654,0.3587203810939232,1.1998068829121427,0.9999325263720823,0.0024691412807664468,-0.011351006175460096,-2.651952023037972e-05
stale-vision,0,2006208,96,9.599999999999875,2.7659108712843383,0.40296042650111713,1.199780752723018,0.9999425029543959,0.0029750006961476207,-0.010302393457703934,-2.907227995581987e-05
stale-vision,0,2006208,97,9.699999999999909,2.7320464829379714,0.4466156609348035,1.1997621434351597,0.9999509162785823,0.003501697368596664,-0.009268343851388515,-3.084502907221331e-05
stale-vision,0,2006208,98,9.799999999999942,2.6963621163063265,0.4895827309539951,1.1997517247323999,0.9999576381053824,0.004045297864883297,-0.008267801759804046,-3.18425905244781e-05
stale-vision,0,2006208,99,9.899999999999975,2.6590539571437914,0.5317549797703145,1.199749692182356,0.9999626463413879,0.004601234873986259,-0.007316661029959418,-3.210821056509964e-05
stale-vision,0,2006208,100,10.000000000000009,2.6203085370362107,0.5730233438829192,1.1997557806245163,0.9999660077380995,0.005164366346989177,-0.006427416475943963,-3.171759447742871e-05
stale-vision,0,2006208,101,10.100000000000042,2.5803002845088017,0.6132773619001416,1.1997693128638467,0.9999678573099966,0.0057290518261687694,-0.005609043161813188,-3.077070115671849e-05
stale-vision,0,2006208,102,10.200000000000076,2.5391897639052035,0.6524062805239564,1.199789274433263,0.9999683775696119,0.006289244544883431,-0.004867073097385712,-2.9382265551209546e-05
stale-vision,0,2006208,103,10.300000000000109,2.4971225871384433,0.6903002396428397,1.199814404058803,0.9999677797074563,0.006838596542088443,-0.004203852819031066,-2.767220317612145e-05
stale-vision,0,2006208,104,10.400000000000142,2.4542289493038503,0.7268515156385602,1.1998432896466484,0.9999662880846663,0.007370591041919284,-0.0036188974106252736,-2.5756549905349086e-05
stale-vision,0,2006208,105,10.500000000000176,2.4106237186477033,0.7619557974508733,1.1998744611495435,0.9999641283123938,0.007878684293398355,-0.003109318038314279,-2.3739771706174732e-05
stale-vision,0,2006208,106,10.60000000000021,2.3664069975845345,0.7955134674997439,1.1999064739300525,0.9999615185849855,0.008356460315289936,-0.0026702900460564287,-2.1708978443903393e-05
stale-vision,0,2006208,107,10.700000000000243,2.321665063767305,0.82743085710807,1.1999379785841642,0.9999586635758677,0.008797806670601444,-0.002295506060301005,-1.973013503046638e-05
stale-vision,0,2006208,108,10.800000000000276,2.2764716023078058,0.8576214426796459,1.199967775241692,0.9999557502629299,0.00919708025002372,-0.001977602710895172,-1.7846385839193137e-05
stale-vision,0,2006208,109,10.90000000000031,2.230889145479726,0.8860069494641115,1.19999485230139,0.9999529447115714,0.009549289862424438,-0.001708557070457523,-1.6078494240690838e-05
stale-vision,0,2006208,110,11.000000000000343,2.18497064224125,0.9125183281748912,1.200018410568085,0.999950389656502,0.009850253042998936,-0.0014800448152544065,-1.4427135713654703e-05
stale-vision,0,2006208,111,11.100000000000376,2.1387610878933505,0.9370965731873658,1.200037874392306,0.9999482025366722,0.010096737627358085,-0.001283731731939968,-1.2876395736058562e-05
stale-vision,0,2006208,112,11.20000000000041,2.0922991559443127,0.9596933549509858,1.2000528918377942,0.9999464739419963,0.010286574905016407,-0.0011115294725534337,-1.1398348036296677e-05
stale-vision,0,2006208,113,11.300000000000443,2.0456187823776744,0.9802714444118258,1.200063325755919,0.9999452666526027,0.010418734660277304,-0.0009558074960018884,-9.958097459606476e-06
stale-vision,0,2006208,114,11.400000000000476,1.9987506610252967,0.9988049149647613,1.2000692374302067,0.9999446155605777,0.010493349303225848,-0.0008095426125989661,-8.518574472232026e-06
stale-vision,0,2006208,115,11.50000000000051,1.9517236200126045,1.0152791167082753,1.2000708644279985,0.9999445284001066,0.010511704514442012,-0.0006664392377453191,-7.04497628068808e-06
stale-vision,0,2006208,116,11.600000000000543,1.9045658557464362,1.029690425187926,1.2000685940607654,0.9999449875352433,0.01047618280925618,-0.0005210245156091858,-5.50850513225624e-06
stale-vision,0,2006208,117,11.700000000000577,1.857306006601192,1.0420457760083226,1.2000629334261248,0.9999459530699121,0.010390139615268025,-0.0003686770370203891,-3.888692048250734e-06
stale-vision,0,2006208,118,11.80000000000061,1.8099740595354685,1.0523620085175762,1.2000544774492647,0.9999473666153574,0.010257763292642792,-0.00020563684919646253,-2.174717175061282e-06
stale-vision,0,2006208,119,11.900000000000643,1.762602088036669,1.0606650465653313,1.2000438762660295,0.9999491557156007,0.010083905142368565,-2.899312609310138e-05,-3.656643592007368e-07
stale-vision,0,2006208,120,12.000000000000677,1.7152248241123005,1.0669889493678495,1.2000318031105321,0.999951238635861,0.009873887689958918,0.00016337120972473838,1.530386007052587e-06
stale-vision,1,2006209,0,0.0,-1.6,-0.10225611909220599,1.2,1.0,0.0,0.0,0.0
stale-vision,1,2006209,1,0.10000000000000007,-1.599621072841574,-0.10253489338767408,1.2000783043460699,0.9997561870594721,0.013080286682460411,0.01776651759665189,0.0009074079007696658
stale-vision,1,2006209,2,0.20000000000000015,-1.5957048782671894,-0.10542093276011362,1.2006753407231943,0.998776731214817,0.0295741077396063,0.03956762903101174,0.0021945541948908214
stale-vision,1,2006209,3,0.3000000000000002,-1.5841104462459024,-0.11402682927351737,1.2017584807931236,0.9978681485941082,0.03944369626629922,0.05191096303770209,0.0029333875835981047
stale-vision,1,2006209,4,0.4000000000000003,-1.5624096737435391,-0.1302725656231159,1.20275380324298,0.9975727705618465,0.042626729667693083,0.054977465781963976,0.0030012676641297097
stale-vision,1,2006209,5,0.5000000000000003,-1.5299964731671427,-0.15477876507380714,1.203160961197956,0.9978448913982242,0.040861495524820594,0.051275629560955834,0.0025924326544356584
stale-vision,1,2006209,6,0.6000000000000004,-1.487582026046327,-0.18721462987348478,1.2028158931944857,0.9984066784710814,0.035930042203937966,0.0434655274785798,0.0019708811671412993
stale-vision,1,2006209,7,0.7000000000000005,-1.436669079049758,-0.22664483564459448,1.201849762904543,0.9989973993113216,0.029323582901628984,0.033801014503730804,0.0013472466533361988
stale-vision,1,2006209,8,0.8000000000000006,-1.379122229712026,-0.2718076367283604,1.200539258155279,0.9994660220674694,0.02218735076502983,0.023972630371457342,0.0008397569481619748
stale-vision,1,2006209,9,0.9000000000000007,-1.3168474289676322,-0.3213282815111492,1.1991693952665328,0.9997682570312082,0.015329932316732284,0.015105972876868927,0.0004847591011041727
stale-vision,1,2006209,10,1.0000000000000007,-1.2515740508542539,-0.37387468851170563,1.19795408317948,0.9999264024122636,0.00925928272852357,0.007834811848564514,0.0002667686590226914
stale-vision,1,2006209,11,1.1000000000000008,-1.1847276743140696,-0.4282597353301594,1.1970130801554262,0.9999881308542352,0.004234183758067405,0.0024057930440228477,0.00014831852687535266
stale-vision,1,2006209,12,1.2000000000000008,-1.117377434369842,-0.483496115135158,1.196384784501578,0.9999992097561662,0.00032264673695627655,-0.001211680866633804,9.063997019531558e-05
stale-vision,1,2006209,13,1.300000000000001,-1.050238862463288,-0.5388128414047881,1.196053145996554,0.999991569781925,-0.002540072968617094,-0.003225571844415063,6.388013515246994e-05
stale-vision,1,2006209,14,1.400000000000001,-0.9837130409283652,-0.5936442865660346,1.1959739543406671,0.9999821200961065,-0.004499287578153568,-0.003938712181470212,4.945439131369778e-05
stale-vision,1,2006209,15,1.500000000000001,-0.9179453780433493,-0.6476023983952177,1.1960938255864761,0.9999767442193183,-0.0057378999030116415,-0.0036859290909636595,3.8104765942601654e-05
stale-vision,1,2006209,16,1.6000000000000012,-0.8528911045360489,-0.7004410415788166,1.196360993324216,0.9999753441090075,-0.006444114108330268,-0.002789957187078191,2.6576788174405968e-05
stale-vision,1,2006209,17,1.7000000000000013,-0.7883785267777387,-0.7520191180395233,1.1967298726568203,0.9999757728758982,-0.006789794772538912,-0.0015336668805391246,1.463202386241306e-05
stale-vision,1,2006209,18,1.8000000000000014,-0.7241644867258343,-0.8022668378577621,1.197162016670719,0.9999760575350378,-0.00691832233684373,-0.00014547652135194384,3.050962876669082e-06
stale-vision,1,2006209,19,1.9000000000000015,-0.6599791621369121,-0.8511575505522695,1.1976255642512075,0.9999751907946667,-0.006940109469902599,0.0012052473300922775,-7.3884140977388745e-06
stale-vision,1,2006209,20,2.0000000000000013,-0.5955593186245958,-0.8986860173525757,1.1980944120448216,0.9999730681264323,-0.006933633306784663,0.0024057195890120667,-1.6255284089523644e-05
stale-vision,1,2006209,21,2.0999999999999903,-0.5306705024958378,-0.9448529264278823,1.198547601626302,0.9999700937496309,-0.0069498673089023145,0.003392698100441134,-2.3459361832846044e-05
stale-vision,1,2006209,22,2.1999999999999793,-0.4651237760250812,-0.989652420601009,1.1989689980168456,0.9999668038173029,-0.00712984222329261,0.003944087589199359,-2.8042237971038952e-05
stale-vision,1,2006209,23,2.2999999999999683,-0.39881196043603323,-1.033048765649253,1.1993468183316425,0.999963772150798,-0.007521400034121835,0.003985228794128681,-2.964680856160592e-05
stale-vision,1,2006209,24,2.3999999999999573,-0.3317247911904807,-1.0749663737875743,1.1996736421473584,0.9999608778576572,-0.008061028356910378,0.003641669297938616,-2.864782708411844e-05
stale-vision,1,2006209,25,2.4999999999999463,-0.26392705803023725,-1.1153005708548345,1.1999462859557861,0.9999576332361182,-0.00867742020494302,0.0030713930820464156,-2.5611399308046917e-05
stale-vision,1,2006209,26,2.5999999999999353,-0.19552850262107255,-1.1539311862805295,1.200165025582774,0.9999536666689839,-0.009321423925981849,0.0024031486502507173,-2.1161543763362465e-05
stale-vision,1,2006209,27,2.6999999999999242,-0.12665867853527368,-1.1907322702918464,1.2003326187976335,0.999948873175247,-0.009962990862965712,0.0017290444646691388,-1.5932890850158137e-05
stale-vision,1,2006209,28,2.7999999999999132,-0.05744882876492939,-1.2255781198630782,1.200453429298165,0.9999433742185776,-0.01058392082132139,0.001108542338240956,-1.0502279740422555e-05
stale-vision,1,2006209,29,2.899999999999902,0.011979876353744633,-1.258346954930447,1.2005327438078754,0.9999374253648499,-0.011172056161207748,0.0005748803352187424,-5.333590163078256e-06
stale-vision,1,2006209,30,2.999999999999891,0.08152296477900611,-1.2889233731083323,1.2005762720935802,0.9999313359853006,-0.011717647477323982,0.00014160397289529332,-7.517641776714304e-07
stale-vision,1,2006209,31,3.09999999999988,0.1510954192555985,-1.317200302495561,1.2005897891827755,0.9999254183858393,-0.0122115096469812,-0.00019154295453581454,3.0567438877065195e-06
stale-vision,1,2006209,32,3.199999999999869,0.2206317122154393,-1.343080821915198,1.200578881629399,0.999919961376779,-0.012644473691763192,-0.00043369228562796324,6.026723910952762e-06
stale-vision,1,2006209,33,3.299999999999858,0.29008408246734785,-1.3664799653546609,1.2005487713273315,0.9999152182761747,-0.013007591078740565,-0.0005989716063964558,8.188626220048783e-06
stale-vision,1,2006209,34,3.399999999999847,0.35941981460204775,-1.3873264753144465,1.2005042010639466,0.9999113999723498,-0.013292743844368505,-0.0007036145875449225,9.640393956690022e-06
stale-vision,1,2006209,35,3.499999999999836,0.4286180892208431,-1.4055643908091127,1.2004493716148246,0.9999086688911251,-0.01349333667223383,-0.0007639575559540644,1.0520515873831526e-05
stale-vision,1,2006209,36,3.599999999999825,0.497666800119465,-1.4211543357670973,1.200387921747475,0.9999071325583294,-0.013604921220158725,-0.0007951458490947,1.098416182772732e-05
stale-vision,1,2006209,37,3.699999999999814,0.5665595946273555,-1.4340743875312831,1.2003229419170136,0.9999068383513965,-0.013625627735194563,-0.0008104084498214632,1.118395381647792e-05
stale-vision,1,2006209,38,3.799999999999803,0.6352932826792289,-1.4443204411706025,1.2002570111824844,0.9999077714178845,-0.013556360861507945,-0.0008207384601554463,1.1255802073747683e-05
stale-vision,1,2006209,39,3.899999999999792,0.7038656796900986,-1.4519060316565657,1.200192246866454,0.9999098573233473,-0.013400750902821813,-0.0008348502445133175,1.1309889544835227e-05
stale-vision,1,2006209,40,3.999999999999781,0.7722738933864819,-1.456861622614727,1.2001303579352798,0.9999129693919919,-0.013164918222138802,-0.0008593249245558178,1.1426618961898713e-05
stale-vision,1,2006209,41,4.0999999999997705,0.8405130277132766,-1.4592334081933815,1.200072695236257,0.999916940328979,-0.012857074338612362,-0.0008988585587000823,1.1656622752812273e-05
stale-vision,1,2006209,42,4.1999999999997595,0.9085752561247628,-1.4590817056215106,1.2000202944269758,0.9999215765465213,-0.012487017832670508,-0.0009565551704490174,1.202378785108886e-05
stale-vision,1,2006209,43,4.2999999999997485,0.976449207223341,-1.4564790371184824,1.1999739103157874,0.9999266733750876,-0.012065573837281745,-0.001034235950026552,1.253029814883069e-05
stale-vision,1,2006209,44,4.3999999999997375,1.0441196027133957,-1.4515080101993423,1.1999340436654726,0.9999320291390527,-0.011604044739102605,-0.0011327286962500363,1.31625051652331e-05
stale-vision,1,2006209,45,4.499999999999726,1.1115670906706485,-1.4442591040423405,1.19990096289355,0.9999374568210341,-0.011113703410044171,-0.0012521380400925724,1.3896929192694239e-05
stale-vision,1,2006209,46,4.599999999999715,1.1787682215259105,-1.434828461633637,1.1998747232255118,0.9999427928505777,-0.010605325764088088,-0.0013920759214647144,1.4705535335818332e-05
stale-vision,1,2006209,47,4.699999999999704,1.2456955211754226,-1.4233157779912031,1.1998551862104878,0.9999479020997718,-0.010088834011230905,-0.0015518609613448043,1.5560053205583175e-05
stale-vision,1,2006209,48,4.799999999999693,1.3123176225281372,-1.409822355110221,1.1998420416714985,0.999952679632944,-0.009573035622126039,-0.001730668588474469,1.6434976962440592e-05
stale-vision,1,2006209,49,4.899999999999682,1.3785994252638976,-1.3944493746656161,1.1998348329539819,0.9999570497529443,-0.009065454893372047,-0.0019276611070629807,1.730952628827795e-05
stale-vision,1,2006209,50,4.999999999999671,1.4445022590274201,-1.377296421578553,1.1998329855301266,0.9999609630559338,-0.008572255767845137,-0.0021420703086959,1.8168420804458424e-05
stale-vision,1,2006209,51,5.09999999999966,1.5099840329130338,-1.358460274087402,1.1998358380436145,0.9999643923580985,-0.00809822560398934,-0.0023732671344235258,1.90019387295277e-05
stale-vision,1,2006209,52,5.199999999999649,1.574999358147583,-1.338033962592056,1.1998426746765125,0.9999673277819435,-0.007646853420656993,-0.0026208031494529124,1.980539061566896e-05
stale-vision,1,2006209,53,5.299999999999638,1.6394996354316755,-1.316106083272078,1.1998527571728803,0.9999697719589512,-0.007220441957654045,-0.0028844345780791765,2.0578260259565237e-05
stale-vision,1,2006209,54,5.399999999999627,1.7034331024017177,-1.2927603441130004,1.1998653547933593,0.9999717356160295,-0.006820249849878432,-0.00316412805916744,2.1323156427497697e-05
stale-vision,1,2006209,55,5.499999999999616,1.76674483991156,-1.2680753157205902,1.199879770883652,0.9999732337395342,-0.006446653882954765,-0.003460053791704805,2.2044766905873815e-05
stale-vision,1,2006209,56,5.599999999999605,1.829376738397258,-1.2421243552142567,1.1998953649969977,0.9999742824301362,-0.006099315355161506,-0.003772573792498265,2.2748931196962424e-05
stale-vision,1,2006209,57,5.699999999999594,1.8912674266610803,-1.2149756706688621,1.1999115699496166,0.9999748964484155,-0.005777341653645653,-0.0041022246252582035,2.344186543170217e-05
stale-vision,1,2006209,58,5.799999999999583,1.9523521664094337,-1.186692494352303,1.1999279036131305,0.9999750873565498,-0.0054794411243411995,-0.004449697628966078,2.4129587282493807e-05
stale-vision,1,2006209,59,5.899999999999572,2.012562716661788,-1.1573333346072923,1.199943975535733,0.9999748622665501,-0.005204058538551498,-0.004815806663103086,2.48174647604875e-05
stale-vision,1,2006209,60,5.999999999999561,2.071827174098025,-1.126952280030172,1.199959488728028,0.9999742231227762,-0.004949476283951628,-0.005201454004679953,2.550986523741836e-05
stale-vision,1,2006209,61,6.09999999999955,2.130069795997748,-1.0955993351838285,1.1999742373862405,0.9999731661787872,-0.004713922061162397,-0.005607599683149376,2.62100474603322e-05
stale-vision,1,2006209,62,6.199999999999539,2.187210812014229,-1.0633207679950427,1.1999881011909916,0.9999716819304133,-0.00449563077103154,-0.0060352229901921945,2.6920055187775577e-05
stale-vision,1,2006209,63,6.299999999999528,2.24316623235046,-1.0301594557007587,1.2000010368813456,0.9999697553079586,-0.004292893040386737,-0.0064852736782629,2.7640615864471697e-05
stale-vision,1,2006209,64,6.399999999999517,2.2978476618527437,-0.9961552199782171,1.2000130679275727,0.9999673660874097,-0.004104097189952526,-0.006958616352583213,2.8371132521673658e-05
stale-vision,1,2006209,65,6.499999999999506,2.351162130738697,-0.9613451434968046,1.2000242729172121,0.9999644895846636,-0.00392773689329195,-0.007455977817168202,2.910962119277102e-05
stale-vision,1,2006209,66,6.599999999999495,2.4030119530126224,-0.9257638655678717,1.2000347731430256,0.9999610977239543,-0.0037624214769474314,-0.007977865137884257,2.9852581812584775e-05
stale-vision,1,2006209,67,6.699999999999484,2.4532946277613212,-0.8894438555817176,1.2000447198413637,0.9999571604162663,-0.003606864418235126,-0.008524489736149077,3.059484680184232e-05
stale-vision,1,2006209,68,6.799999999999473,2.501902799077157,-0.8524156658104934,1.2000542813398785,0.9999526474321602,-0.0034598735239618115,-0.009095668589210517,3.1329346979261984e-05
stale-vision,1,2006209,69,6.899999999999462,2.5487242935996424,-0.8147081659880814,1.2000636301826209,0.9999475308692582,-0.0033203297382820617,-0.009690711630573322,3.204679661967692e-05
stale-vision,1,2006209,70,6.999999999999451,2.59364225801924,-0.776348763441875,1.200072930248455,0.9999417883025511,-0.0031871659941863782,-0.010308293147836847,3.2735305642815206e-05
stale-vision,1,2006209,71,7.09999999999944,2.6365354215626127,-0.7373636132594912,1.2000823238029183,0.999935406667689,-0.0030593367615682422,-0.010946316123917514,3.337990235099313e-05
stale-vision,1,2006209,72,7.199999999999429,2.677278510696728,-0.6977778241157007,1.2000919182448677,0.999928387145909,-0.0029357906016372086,-0.011601748140260191,3.3961953620428834e-05
stale-vision,1,2006209,73,7.299999999999418,2.715742847343839,-0.6576156653444122,1.2001017725818925,0.9999207506850837,-0.0028154414822749124,-0.01227047070173013,3.4458632322156306e-05
stale-vision,1,2006209,74,7.399999999999407,2.7517971612555243,-0.616900780801844,1.2001118835414413,0.9999125444824185,-0.0026971397897690053,-0.012947108158296874,3.484233180767329e-05
stale-vision,1,2006209,75,7.499999999999396,2.785308648970863,-0.57565641506198,1.2001221716197852,0.9999038487164066,-0.002579651988475843,-0.013624884847529628,3.508031100721857e-05
stale-vision,1,2006209,76,7.599999999999385,2.816144308071372,-0.5339056565460085,1.2001324676567255,0.9998947833833327,-0.0024616209147802367,-0.014295501070279154,3.513431263890061e-05
stale-vision,1,2006209,77,7.699999999999374,2.8441725702878187,-0.4916717041369944,1.2001425010018636,0.9998855141687121,-0.0023415594622144794,-0.014949061261512327,3.4960767588509116e-05
stale-vision,1,2006209,78,7.799999999999363,2.8692652474781823,-0.4489781598233776,1.2001518909774662,0.9998762564835061,-0.002217828696229433,-0.01557407349946108,3.451141779689031e-05
stale-vision,1,2006209,79,7.899999999999352,2.89129978996414,-0.4058493508803725,1.200160143806462,0.9998672762861003,-0.0020886206447905007,-0.016157547400587988,3.373448049624754e-05
stale-vision,1,2006209,80,7.999999999999341,2.9101618371618176,-0.3623106849225638,1.2001666580332195,0.9998588859713193,-0.0019519594698474807,-0.016685231109352952,3.257681254287553e-05
stale-vision,1,2006209,81,8.099999999999374,2.9257480137626097,-0.3183890376554956,1.2001707414007405,0.9998514342699972,-0.0018057136820480801,-0.017141990144957507,3.098707782056149e-05
stale-vision,1,2006209,82,8.199999999999408,2.937968896394556,-0.27411317128331525,1.200171641753669,0.99984528930104,-0.0016476020959827844,-0.017512339464078226,2.8919670087141992e-05
stale-vision,1,2006209,83,8.299999999999441,2.946752045556754,-0.22951418141376131,1.2001685939058189,0.9998408143377591,-0.00147523643926743,-0.01778114079785429,2.6339728888981195e-05
stale-vision,1,2006209,84,8.399999999999475,2.9520449657745664,-0.18462596510623966,1.200160882531891,0.9998383374509974,-0.0012861628912937235,-0.017934441967109378,2.3228662705539244e-05
stale-vision,1,2006209,85,8.499999999999508,2.953817830507012,-0.13948570139555258,1.2001479177001355,0.9998381184473447,-0.001077915133499553,-0.017960362326229346,1.958953107852397e-05
stale-vision,1,2006209,86,8.599999999999541,2.9520657973030375,-0.09413433385312966,1.20012931730628,0.9998403159513354,-0.0008480905411046743,-0.017850016862937405,1.5451940803403384e-05
stale-vision,1,2006209,87,8.699999999999575,2.946810734808044,-0.04861704064605374,1.2001049870154603,0.999844960587224,-0.0005944295671476251,-0.017598332976437932,1.0875388237191151e-05
stale-vision,1,2006209,88,8.799999999999608,2.938102202177274,-0.002983676365421737,1.2000751859748928,0.9998519387249986,-0.00031490448073943325,-0.017204692023498596,5.9503232438638094e-06
stale-vision,1,2006209,89,8.899999999999642,2.9260175571877736,0.04271083165087754,1.2000405666497387,0.999860990583147,-7.814675558980706e-06,-0.016673315458668295,7.963795106255557e-07
stale-vision,1,2006209,90,8.999999999999675,2.910661119605478,0.08840615089428991,1.200002178222098,0.9998717249954544,0.00032812836400320715,-0.016013302802791677,-4.442659192843042e-06
stale-vision,1,2006209,91,9.099999999999708,2.892162382829855,0.13403629225843422,1.199961427801716,0.9998836492151378,0.000693710915515351,-0.015238330128131309,-9.606821718479677e-06
stale-vision,1,2006209,92,9.199999999999742,2.8706733338322756,0.1795294569192398,1.1999199996862238,0.9998962102167633,0.0010891396161928587,-0.014366013988699196,-1.4530261766468452e-05
stale-vision,1,2006209,93,9.299999999999775,2.8463650059004335,0.22480799657598868,1.19987973918432,0.9999088418540004,0.0015139941520319734,-0.01341698330028298,-1.9053046138785042e-05
stale-vision,1,2006209,94,9.399999999999809,2.819423444584987,0.26978849724278836,1.1998425137417237,0.9999210109003573,0.001967172698952724,-0.012413769011452745,-2.3032801775022197e-05
stale-vision,1,2006209,95,9.499999999999842,2.790045303002082,0.3143819963192766,1.1998100678553159,0.9999322559250234,0.0024468725583560672,-0.011379616899902203,-2.6355074690857307e-05
stale-vision,1,2006209,96,9.599999999999875,2.7584332978353783,0.3584943376007655,1.199783888795277,0.9999422149504517,0.002950578383524143,-0.010337311526617488,-2.8941143326354253e-05
stale-vision,1,2006209,97,9.699999999999909,2.724791754451982,0.40202666585494384,1.1997650983281427,0.9999506395954674,0.0034750761938027084,-0.009308129368789534,-3.0752510165538354e-05
stale-vision,1,2006209,98,9.799999999999942,2.6893224452544646,0.4448760586064737,1.1997543812412201,0.9999573962213061,0.004016478552990619,-0.008310994622919472,-3.179175819599333e-05
stale-vision,1,2006209,99,9.899999999999975,2.6522208867207957,0.4869362898234923,1.1997519553686327,0.9999624567231665,0.0045702631437153805,-0.007361848176559226,-3.209970763051546e-05
stale-vision,1,2006209,100,10.000000000000009,2.613673217654457,0.5280987176963096,1.1997575824595663,0.9999658819075418,0.005131332481153785,-0.006473286630252627,-3.174967130462371e-05
stale-vision,1,2006209,101,10.100000000000042,2.573853730623683,0.5682532846875255,1.1997706142503246,0.9999678014074818,0.005694092125144693,-0.005654424116193233,-3.083943388607471e-05
stale-vision,1,2006209,102,10.200000000000076,2.532923083427388,0.607289614582235,1.199790064842659,0.9999683931354533,0.006252539102039386,-0.0049109689153309845,-2.9482022321900083e-05
stale-vision,1,2006209,103,10.300000000000109,2.4910271767522203,0.6450981889775552,1.1998146991586514,0.9999678646467484,0.006800367663070486,-0.004245456494209,-2.7796142715073245e-05
stale-vision,1,2006209,104,10.400000000000142,2.448296652847458,0.681571582468389,1.1998431274010868,0.9999664376399094,0.0073310957072959294,-0.003657589208354612,-2.589714528642798e-05
stale-vision,1,2006209,105,10.500000000000176,2.4048469486380277,0.716605731685603,1.1998738971005258,0.9999643357920407,0.007838216718733717,-0.0031446672236461535,-2.3889445945814643e-05
stale-vision,1,2006209,106,10.60000000000021,2.3607788200295636,0.7501012092036794,1.199905576117193,0.9999617760514316,0.00831534412476656,-0.0027020381690572243,-2.1860593506348974e-05
stale-vision,1,2006209,107,10.700000000000243,2.316179249241781,0.7819644732150577,1.1999368224692368,0.9999589624136498,0.008756383102435957,-0.00232354222481345,-1.9877350688608256e-05
stale-vision,1,2006209,108,10.800000000000276,2.2711226479167888,0.8121090600066502,1.1999664391185876,0.999956081474939,0.009155709029933212,-0.002001946557481759,-1.798402015548339e-05
stale-vision,1,2006209,109,10.90000000000031,2.225672271291834,0.8404566845017131,1.1999934132816827,0.9999532992762895,0.009508332684483591,-0.0017293390344781633,-1.6202741334526205e-05
stale-vision,1,2006209,110,11.000000000000343,2.179881766060681,0.8669382161676141,1.2000169412617414,0.9999507587439618,0.00981006753962448,-0.0014974815392301154,-1.4535614547154334e-05
stale-vision,1,2006209,111,11.100000000000376,2.1337967829790143,0.8914944981571561,1.200036440358569,0.9999485777071512,0.010057668175134102,-0.0012981079126771979,-1.296814792057015e-05
stale-vision,1,2006209,112,11.20000000000041,2.0874565955837587,0.9140769822280068,1.2000515497251691,0.9999468473332492,0.010248944441364335,-0.0011231716207189327,-1.1473630606379386e-05
stale-vision,1,2006209,113,11.300000000000443,2.040895676042409,0.9346481574593355,1.2000621220770793,0.9999456311801159,0.010382833485771705,-0.0009650659263006942,-1.0018170168046434e-05
stale-vision,1,2006209,114,11.400000000000476,1.9941451857149421,0.9531817585001098,1.2000682079089922,0.9999449650719132,0.010459427283693314,-0.0008167832388010324,-8.565518710363797e-06
stale-vision,1,2006209,115,11.50000000000051,1.9472343486728185,0.9696627477507089,1.200070033854522,0.9999448578108422,0.010479964866347481,-0.0006720296932753488,-7.081408998054328e-06
stale-vision,1,2006209,116,11.600000000000543,1.9001916853963159,0.9840870733253924,1.2000679765254654,0.9999452929811171,0.010446772531713827,-0.0005253169697895293,-5.537239514891755e-06
stale-vision,1,2006209,117,11.700000000000577,1.853046089292421,0.9964612144530666,1.2000625329590475,0.9999462319031991,0.01036315118354382,-0.00037200112062601537,-3.912514172673073e-06
stale-vision,1,2006209,118,11.80000000000061,1.8058277376731233,1.0068015358695244,1.2000542890264605,0.9999476173452277,0.010233238627764814,-0.000208297783323574,-2.1962359460651775e-06
stale-vision,1,2006209,119,11.900000000000643,1.7585688347120827,1.0151334786057022,1.2000438870162253,0.9999493779790118,0.010061833931790363,-3.125966338071064e-05,-3.8708813508573574e-07
stale-vision,1,2006209,120,12.000000000000677,1.7113041903447461,1.021490620950924,1.2000319937057429,0.9999514330621313,0.009854212659062918,0.0001612686831900004,1.5073244778955443e-06
stale-vision,2,2006210,0,0.0,-1.6,0.0837165359928008,1.2,1.0,0.0,0.0,0.0
stale-vision,2,2006210,1,0.10000000000000007,-1.5996466572552661,0.08340597292364231,1.2000783042180765,0.9997561549572254,0.014570937252472884,0.016565931987756126,0.0009425020456144966
stale-vision,2,2006210,2,0.20000000000000015,-1.595996198429979,0.08019043489766128,1.200675321323652,0.9987765874015639,0.03294285608202381,0.036809289754095906,0.002274396500678772
stale-vision,2,2006210,3,0.3000000000000002,-1.5851994086152228,0.07060308019767896,1.201758471426676,0.9978678472450724,0.0438356434162379,0.04825966740251144,0.003033200119910579
stale-vision,2,2006210,4,0.4000000000000003,-1.5650004272783078,0.05252418300344323,1.2027539591164758,0.9975723628440506,0.04711847675785777,0.05118250652968989,0.003095329238543903
stale-vision,2,2006210,5,0.5000000000000003,-1.5348216023345946,0.025312605515009728,1.2031614182720844,0.9978446125280183,0.044773397740768335,0.047899582978985264,0.0026649679165143144
stale-vision,2,2006210,6,0.6000000000000004,-1.49529503885644,-0.010589917844875936,1.2028165139080038,0.99840694008569,0.03888310588195133,0.040836418552236985,0.0020181639006025035
stale-vision,2,2006210,7,0.7000000000000005,-1.4477815371751164,-0.05406394945470545,1.2018500940001826,0.9989985480752348,0.031202673152291804,0.03203758715331751,0.0013737325495941828
stale-vision,2,2006210,8,0.8000000000000006,-1.3939799077320463,-0.10364058055832163,1.2005388236011891,0.9994680465303222,0.02306940549867932,0.02303691208015005,0.0008527465098548434
stale-vision,2,2006210,9,0.9000000000000007,-1.3356361565277146,-0.1577515514513647,1.1991680872843056,0.9997707239613084,0.015408336222481509,0.01486075288617185,0.0004906204150274374
stale-vision,2,2006210,10,1.0000000000000007,-1.2743450958275562,-0.21490778820131445,1.1979523471100526,0.9999286610308954,0.008779553818230262,0.008094422218887733,0.000269467355318024
stale-vision,2,2006210,11,1.1000000000000008,-1.2114332070618266,-0.27381243335893735,1.1970117789263375,0.9999896239543898,0.003446299920367128,0.0029753344334025986,0.0001496175980171328
stale-vision,2,2006210,12,1.2000000000000008,-1.1479083357701487,-0.3334170894635787,1.1963848381717404,0.9999997148000428,-0.000550047073542393,-0.000509477005218857,9.100126507551502e-05
stale-vision,2,2006210,13,1.300000000000001,-1.0844593795213406,-0.3929334086559271,1.1960551349005475,0.9999912817099837,-0.0033178876491515223,-0.0025345832320752683,6.335148609854667e-05
stale-vision,2,2006210,14,1.400000000000001,-1.0214890170600206,-0.4518136945467238,1.1959778497911557,0.9999815812932941,-0.005052488360777177,-0.003362604753576623,4.82161632185285e-05
stale-vision,2,2006210,15,1.500000000000001,-0.9591646360915778,-0.5097133516018738,1.1960989285053578,0.9999766803376425,-0.005985573072717557,-0.0032879101349036766,3.664483458481203e-05
stale-vision,2,2006210,16,1.6000000000000012,-0.8974759116733203,-0.566445652600433,1.1963660742424456,0.9999764760870066,-0.006348445485014409,-0.0025968936656572523,2.560909557856328e-05
stale-vision,2,2006210,17,1.7000000000000013,-0.8362909471973973,-0.6219364064877472,1.1967334466779656,0.9999786614523717,-0.006347941956593593,-0.0015427412928944637,1.4904461192374253e-05
stale-vision,2,2006210,18,1.8000000000000014,-0.7754059240701854,-0.6761833740721426,1.1971626625100888,0.999981012148016,-0.006153465669500148,-0.00033192934708584456,5.156772037582477e-06
stale-vision,2,2006210,19,1.9000000000000015,-0.7145856027999931,-0.7292229996516488,1.1976222026406682,0.9999822502300515,-0.005892723473493983,0.0008803550982130657,-3.1319231274946145e-06
stale-vision,2,2006210,20,2.0000000000000013,-0.6535937895557563,-0.7811052925136739,1.1980864852510813,0.9999820410613389,-0.005653622094835553,0.001988470551684048,-9.842392426949314e-06
stale-vision,2,2006210,21,2.0999999999999903,-0.5922158551367114,-0.8318752389168083,1.1985352340080762,0.9999805482874733,-0.0055486824392793135,0.002848674705163845,-1.4909628878117007e-05
stale-vision,2,2006210,22,2.1999999999999793,-0.5302868132239638,-0.881550943935345,1.198952860779723,0.9999783201994045,-0.00571723724924485,0.003266803403820543,-1.8025928449925785e-05
stale-vision,2,2006210,23,2.2999999999999683,-0.467724125089261,-0.9300999456240509,1.1993280012006677,0.9999758116517985,-0.006147610560193292,0.0032530944213550357,-1.9297973076209513e-05
stale-vision,2,2006210,24,2.3999999999999573,-0.4045282040400485,-0.9774394799912214,1.199653546260441,0.9999729207844841,-0.006744326335809687,0.0029447241784666335,-1.8961421231084132e-05
stale-vision,2,2006210,25,2.4999999999999463,-0.34075741788934943,-1.0234538266854276,1.1999263504910096,0.9999693725491865,-0.007426033873608086,0.002471373390541686,-1.7264363175205505e-05
stale-vision,2,2006210,26,2.5999999999999353,-0.2765029791381162,-1.0680101255332521,1.200146455612709,0.9999650279354702,-0.008136835466207299,0.0019325121665339055,-1.453735652685879e-05
stale-vision,2,2006210,27,2.6999999999999242,-0.2118694397101123,-1.110969432120218,1.2003162348422938,0.9999599379604389,-0.008841373747454468,0.0013973043879632373,-1.1174078020454607e-05
stale-vision,2,2006210,28,2.7999999999999132,-0.1469610564603207,-1.1521937672274931,1.200439647742288,0.9999542871517555,-0.009518226954719045,0.0009093432682107298,-7.5686285394525275e-06
stale-vision,2,2006210,29,2.899999999999902,-0.08187315462325578,-1.1915504138397326,1.2005216486632952,0.9999483204128459,-0.010154515884189497,0.0004922338995780362,-4.058857610055233e-06
stale-vision,2,2006210,30,2.999999999999891,-0.016687412341355932,-1.2289145140242972,1.2005677310584333,0.999942290117098,-0.0107420876918714,0.0001548760592239754,-8.940327761478327e-07
stale-vision,2,2006210,31,3.09999999999988,0.04852996129683898,-1.2641707164341422,1.2005835770191824,0.9999364285788603,-0.011275104662703808,-0.00010398390211863932,1.773899760930087e-06
stale-vision,2,2006210,32,3.199999999999869,0.11372804462027598,-1.2972143519665078,1.2005747873555073,0.9999309386427359,-0.011748729773003183,-0.0002920251831949294,3.882205098348112e-06
stale-vision,2,2006210,33,3.299999999999858,0.17886974688922805,-1.327952400665995,1.2005466767084485,0.9999259934910094,-0.012158564716269023,-0.00042049430396519713,5.440590652921323e-06
stale-vision,2,2006210,34,3.399999999999847,0.2439296388718435,-1.3563043637257681,1.2005041251768533,0.9999217386004357,-0.012500580380598057,-0.0005021175509371339,6.5112340146995174e-06
stale-vision,2,2006210,35,3.499999999999836,0.30889148150294893,-1.3822030576171405,1.2004514810821727,0.9999182923288689,-0.012771315099919031,-0.0005496590357797193,7.1891074609968145e-06
stale-vision,2,2006210,36,3.599999999999825,0.37374573740136857,-1.405595293759824,1.2003925095639736,0.9999157443291216,-0.012968174488671498,-0.0005750092534626409,7.584737371383127e-06
stale-vision,2,2006210,37,3.699999999999814,0.43848724653373033,-1.426442386089916,1.2003303806903503,0.9999141523478753,-0.013089741895943226,-0.0005886684357036164,7.810179758077655e-06
stale-vision,2,2006210,38,3.799999999999803,0.5031131695564451,-1.4447204272812004,1.2002676890586572,0.9999135392183448,-0.013136004525767382,-0.0005995076695712125,7.968403468954273e-06
stale-vision,2,2006210,39,3.899999999999792,0.5676212471499942,-1.4604202894601663,1.2002064960516787,0.9999138912647033,-0.013108474124566005,-0.0006147321721953319,8.146212776080424e-06
stale-vision,2,2006210,40,3.999999999999781,0.6320083842126919,-1.4735473260168301,1.2001483862103601,0.9999151589048237,-0.013010202342578936,-0.0006399661030110922,8.41027464630249e-06
stale-vision,2,2006210,41,4.0999999999997705,0.6962695431990759,-1.484120771864871,1.20009452991582,0.9999172598942545,-0.012845687738502325,-0.0006794074971728798,8.80581790575114e-06
stale-vision,2,2006210,42,4.1999999999997595,0.7603969170410034,-1.492172860419203,1.2000457461116594,0.9999200849677387,-0.012620692423510774,-0.0007360117534499916,9.357401714532028e-06
stale-vision,2,2006210,43,4.2999999999997485,0.8243793456646774,-1.4977476932608014,1.2000025606886329,0.9999235052206611,-0.01234199148398828,-0.000811696990165259,1.007140780931067e-05
stale-vision,2,2006210,44,4.3999999999997375,0.8882019364003998,-1.5008999113955919,1.1999652580760656,0.9999273802851782,-0.012017087884320423,-0.0009075434578172361,1.0939508314546714e-05
stale-vision,2,2006210,45,4.499999999999726,0.9518458491237216,-1.50169322393251,1.1999339252066856,0.9999315664193191,-0.011653917842616907,-0.0010239797350527014,1.1942612816012587e-05
stale-vision,2,2006210,46,4.599999999999715,1.015288209777757,-1.5001988523467544,1.1999084879714839,0.9999359240437576,-0.011260543526788524,-0.001160946084530953,1.3054764349210897e-05
stale-vision,2,2006210,47,4.699999999999704,1.0785021199194023,-1.496493949822527,1.1998887413205999,0.9999403238185616,-0.01084487707230745,-0.0013180439848870771,1.4246779148032504e-05
stale-vision,2,2006210,48,4.799999999999693,1.141456733131563,-1.4906600500968892,1.1998743745228557,0.9999446510884811,-0.010414437048791959,-0.0014946640339259126,1.548929123676534e-05
stale-vision,2,2006210,49,4.899999999999682,1.2041173730063175,-1.4827815929463137,1.1998649931290026,0.9999488084063228,-0.009976164558678146,-0.0016900966656161502,1.675513753255279e-05
stale-vision,2,2006210,50,4.999999999999671,1.2664456713164984,-1.4729445630392313,1.1998601387821133,0.9999527165751495,-0.009536275738383415,-0.0019036108499643218,1.802087036720832e-05
stale-vision,2,2006210,51,5.09999999999966,1.328399710410346,-1.4612352704375278,1.1998593077121769,0.9999563142107311,-0.009100171372647212,-0.002134520985170801,1.9267659478368572e-05
stale-vision,2,2006210,52,5.199999999999649,1.3899341568352253,-1.4477392910964686,1.199861968346087,0.9999595563477901,-0.008672379927052509,-0.002382241725030082,2.0481613749885213e-05
stale-vision,2,2006210,53,5.299999999999638,1.4510003754287237,-1.4325405775700566,1.1998675782513597,0.9999624120807267,-0.00825656742987615,-0.002646327850322347,2.165366491220162e-05
stale-vision,2,2006210,54,5.399999999999627,1.5115465164657342,-1.415720739426671,1.1998756000504514,0.9999648621192591,-0.007855553137198979,-0.002926481307062649,2.2778919307782484e-05
stale-vision,2,2006210,55,5.499999999999616,1.5715175735543496,-1.3973584888343094,1.199885516047528,0.999966895947425,-0.007471379220377142,-0.0032225661679620224,2.3856012595770184e-05
stale-vision,2,2006210,56,5.599999999999605,1.630855409983574,-1.3775292390231333,1.199896841184007,0.9999685092133902,-0.00710538393719161,-0.003534611906053167,2.4886329132174767e-05
stale-vision,2,2006210,57,5.699999999999594,1.6894987528540413,-1.356304840464816,1.1999091338140815,0.9999697013326861,-0.006758294107260352,-0.003862797944400074,2.5873144936819092e-05
stale-vision,2,2006210,58,5.799999999999583,1.747383157724991,-1.3337534370656234,1.199922004117934,0.9999704733914849,-0.006430326160645402,-0.0042074376188082074,2.6820900546075225e-05
stale-vision,2,2006210,59,5.899999999999572,1.8044409469297613,-1.3099394227935537,1.199935119888204,0.9999708264805217,-0.0061212733767436085,-0.004568963876277448,2.773456360722158e-05
stale-vision,2,2006210,60,5.999999999999561,1.860601124780834,-1.2849234812144386,1.1999482096852874,0.9999707603903137,-0.00583059704238359,-0.0049478968762118195,2.8619025553283364e-05
stale-vision,2,2006210,61,6.09999999999955,1.915789275579368,-1.2587626901250528,1.1999610635360294,0.9999702726036773,-0.0055575202495896404,-0.005344811372680072,2.9478699344115226e-05
stale-vision,2,2006210,62,6.199999999999539,1.9699274510473017,-1.2315106736012598,1.199973531264764,0.9999693577840848,-0.005301087159798814,-0.005760299356834806,3.031712970816207e-05
stale-vision,2,2006210,63,6.299999999999528,2.0229340543698293,-1.2032177889282503,1.1999855187968111,0.9999680074827311,-0.005060224073095183,-0.006194931303205217,3.1136713411725164e-05
stale-vision,2,2006210,64,6.399999999999517,2.0747237287790874,-1.1739313367559043,1.1999969828168358,0.999966210170564,-0.004833796939857111,-0.006649203275212336,3.193850046771511e-05
stale-vision,2,2006210,65,6.499999999999506,2.125207260780782,-1.1436957835018764,1.2000079240111012,0.9999639516561949,-0.004620644301673804,-0.007123479741972379,3.272199824791151e-05
stale-vision,2,2006210,66,6.599999999999495,2.1742915090672637,-1.1125529893232566,1.200018379294417,0.9999612157359467,-0.004419595238937148,-0.007617944641797525,3.348500206342447e-05
stale-vision,2,2006210,67,6.699999999999484,2.2218793697099537,-1.0805424377884438,1.200028413208758,0.9999579853334307,-0.004229491587906292,-0.008132514837145747,3.4223353237086595e-05
stale-vision,2,2006210,68,6.799999999999473,2.267869793684321,-1.0477014633621022,1.2000381086572205,0.9999542440595304,-0.004049194819528131,-0.008666751899817972,3.4930714996761646e-05
stale-vision,2,2006210,69,6.899999999999462,2.312157873957081,-1.0140654750288218,1.200047557332487,0.9999499780167188,-0.0038775880692725057,-0.009219788928217284,3.559841488168123e-05
stale-vision,2,2006210,70,6.999999999999451,2.354635017725997,-0.9796681759205159,1.2000568496909543,0.9999451784197511,-0.0037135661177656026,-0.00979021298283474,3.621507555876118e-05
stale-vision,2,2006210,71,7.09999999999944,2.3951892255687204,-0.9445417807814782,1.2000660645473766,0.9999398446417622,-0.003556016306071222,-0.010375957502026545,3.676622595884819e-05
stale-vision,2,2006210,72,7.199999999999429,2.4337054994356424,-0.908717234553055,1.200075258476433,0.9999339877866369,-0.003403815150834165,-0.010974184487314994,3.7234015223210994e-05
stale-vision,2,2006210,73,7.299999999999418,2.4700664024360863,-0.8722244335842847,1.2000844548859526,0.9999276349558869,-0.0032558046102012118,-0.011581156002134751,3.759682484664471e-05
stale-vision,2,2006210,74,7.399999999999407,2.5041527953308806,-0.8350924534157579,1.2000936330223757,0.9999208338075157,-0.0031107730021050855,-0.012192119503296383,3.7828952252110184e-05
stale-vision,2,2006210,75,7.499999999999396,2.5358447725432964,-0.7973497871839373,1.200102717195329,0.9999136573742354,-0.0029674359459393404,-0.012801198535529662,3.790040926289033e-05
stale-vision,2,2006210,76,7.599999999999385,2.565022818648996,-0.7590245983346098,1.2001115667562028,0.9999062086265412,-0.0028244140436688744,-0.013401313678651175,3.777687872286072e-05
stale-vision,2,2006210,77,7.699999999999374,2.591569201162288,-0.7201449918288211,1.2001199675986627,0.9998986244376862,-0.0026802187661983346,-0.013984129387747155,3.7419976957161154e-05
stale-vision,2,2006210,78,7.799999999999363,2.615369609023798,-0.680739306682553,1.200127626494387,0.9998910778624377,-0.00253324390999443,-0.014540073350072421,3.6788026915180494e-05
stale-vision,2,2006210,79,7.899999999999352,2.6363150332648897,-0.6408364317864521,1.2001341698241836,0.999883778147847,-0.0023817482710572057,-0.015058425802752524,3.583720235307346e-05
stale-vision,2,2006210,80,7.999999999999341,2.654303871649371,-0.6004661477897827,1.2001391484538244,0.9998769674392235,-0.002223856052101726,-0.015527500022155187,3.452336967748558e-05
stale-vision,2,2006210,81,8.099999999999374,2.6692442215458185,-0.5596594953488897,1.2001420507004665,0.9998709133881967,-0.0020575626634934323,-0.015934927674559448,3.280466383568848e-05
stale-vision,2,2006210,82,8.199999999999408,2.681056304111771,-0.5184491684079084,1.2001423252642858,0.9998658967663554,-0.0018807487425001837,-0.016268076981541067,3.064477975814494e-05
stale-vision,2,2006210,83,8.299999999999441,2.6896749380161253,-0.4768699296121047,1.2001394151351759,0.9998621943917613,-0.0016912124466248878,-0.01651457664013748,2.8016955147985482e-05
stale-vision,2,2006210,84,8.399999999999475,2.6950519595121336,-0.4349590419944552,1.200132802113293,0.9998600580977482,-0.00148669760332702,-0.016662932832706118,2.490817122804937e-05
stale-vision,2,2006210,85,8.499999999999508,2.6971584679378213,-0.39275671059697653,1.200122060126299,0.9998596912448419,-0.0012649521872000705,-0.016703211219451498,2.1323507201648908e-05
stale-vision,2,2006210,86,8.599999999999541,2.695986763395883,-0.35030652340924157,1.200106913336055,0.9998612254309729,-0.0010237863696020437,-0.016627731120027547,1.7289955602575904e-05
stale-vision,2,2006210,87,8.699999999999575,2.691551841318579,-0.3076558798255953,1.200087292990068,0.9998647005588045,-0.00076113996479044,-0.01643170949874023,1.2859064702245767e-05
stale-vision,2,2006210,88,8.799999999999608,2.683892318494606,-0.26485639335389144,1.2000633856408525,0.999870051356812,-0.00047516936289703756,-0.01611379992622229,8.108059924539819e-06
stale-vision,2,2006210,89,8.899999999999642,2.6730706869657856,-0.22196425225576166,1.2000356643578614,0.9998771037444323,-0.00016431794659310555,-0.015676428081927853,3.138604899985522e-06
stale-vision,2,2006210,90,8.999999999999675,2.6591728302595548,-0.17904052344139815,1.2000048959066711,0.9998855819269048,0.00017259557139706743,-0.015125913584005652,-1.9267656812167894e-06
stale-vision,2,2006210,91,9.099999999999708,2.642306779971576,-0.13615138295868262,1.1999721191330763,0.9998951266523186,0.000536294343247039,-0.014472319683109627,-6.950514746349464e-06
stale-vision,2,2006210,92,9.199999999999742,2.622600741749419,-0.09336825701716159,1.199938593586037,0.9999053221877013,0.0009269874079968066,-0.013729064647368656,-1.178819770826499e-05
stale-vision,2,2006210,93,9.299999999999775,2.6002004677416135,-0.05076786168102871,1.1999057216547104,0.9999157290649899,0.001344301404116046,-0.012912294782450104,-1.629768411800572e-05
stale-vision,2,2006210,94,9.399999999999809,2.57526609765899,-0.008432128655404807,1.1998749513248292,0.9999259182745879,0.0017872355215015504,-0.012040072169319294,-2.0348677141420175e-05
stale-vision,2,2006210,95,9.499999999999842,2.547968626398452,0.03355199201711702,1.1998476702329477,0.9999355022595398,0.0022541371500795424,-0.011131469746852632,-2.3831629197968215e-05
stale-vision,2,2006210,96,9.599999999999875,2.5184861744238543,0.07509285722654897,1.1998251029608513,0.9999441592304396,0.0027426886537111833,-0.010205653769228622,-2.666497245806893e-05
stale-vision,2,2006210,97,9.699999999999909,2.4870002399411484,0.11609458648595995,1.19980822270325,0.9999516488692496,0.003249912177395441,-0.009281010994248455,-2.8799903349943944e-05
stale-vision,2,2006210,98,9.799999999999942,2.4536921026243204,0.15645764716417354,1.1997976862239845,0.9999578187038746,0.003772187082933674,-0.008374395752070113,-3.0222312695634542e-05
stale-vision,2,2006210,99,9.899999999999975,2.418739526037072,0.19607956546838018,1.1997937975453066,0.9999626020547823,0.004305291187832864,-0.007500533421147122,-3.0951799304849124e-05
stale-vision,2,2006210,100,10.000000000000009,2.382313875271688,0.23485575533600656,1.1997965017920773,0.9999660094435182,0.004844451151012333,-0.006671603052848656,-3.103798282218673e-05
stale-vision,2,2006210,101,10.100000000000042,2.3445777315849816,0.27268045487277826,1.199805407043059,0.9999681157321917,0.0053844148289247315,-0.005897004525462423,-3.055466231746764e-05
stale-vision,2,2006210,102,10.200000000000076,2.3056830494216394,0.30944775625123605,1.1998198293041884,0.9999690452058745,0.0059195408712144565,-0.005183318454402369,-2.9592687620585817e-05
stale-vision,2,2006210,103,10.300000000000109,2.2657698651253884,0.34505271143785365,1.1998388537333533,0.9999689568466855,0.006443902501780875,-0.004534386984285134,-2.825200480689191e-05
stale-vision,2,2006210,104,10.400000000000142,2.2249655409100466,0.3793924933672918,1.1998614048856795,0.99996803084321,0.0069514073591292426,-0.003951520962525964,-2.6633871454631175e-05
stale-vision,2,2006210,105,10.500000000000176,2.1833845046004274,0.41236758894818243,1.1998863192730091,0.9999664571061351,0.0074359396628319125,-0.0034337803102253302,-2.483376290609975e-05
stale-vision,2,2006210,106,10.60000000000021,2.141128429813339,0.4438829964458387,1.1999124145676103,0.999964425957689,0.007891507954103674,-0.002978320881646874,-2.293567415154961e-05
stale-vision,2,2006210,107,10.700000000000243,2.0982867895895967,0.47384939803040543,1.1999385512941247,0.9999621208413146,0.0083124083305269,-0.002580757437300162,-2.1007982360462067e-05
stale-vision,2,2006210,108,10.800000000000276,2.0549377124411325,0.5021842760278747,1.1999636842872323,0.9999597127809527,0.008693383431793824,-0.0022355166500864125,-1.91009916386133e-05
stale-vision,2,2006210,109,10.90000000000031,2.0111490714211095,0.5288129412838284,1.1999869027616996,0.9999573559631183,0.009029792107762452,-0.0019361849868473101,-1.724634714570695e-05
stale-vision,2,2006210,110,11.000000000000343,1.9669797382092005,0.5536694411950611,1.2000074587805543,0.9999551843654612,0.009317756594530546,-0.001675838216160582,-1.545815077399093e-05
stale-vision,2,2006210,111,11.100000000000376,1.9224809381064396,0.5766973181840482,1.2000247846048284,0.9999533091750851,0.00955429414219948,-0.0014473232479847538,-1.3735283833014182e-05
stale-vision,2,2006210,112,11.20000000000041,1.8776976501649723,0.5978501932378503,1.2000384999448277,0.9999518169611944,0.00973741708108521,-0.0012435107706910713,-1.2064795060754012e-05
stale-vision,2,2006210,113,11.300000000000443,1.8326700032267806,0.6170921546921813,1.2000484103220086,0.9999507685983513,0.009866202210377551,-0.0010575087766465166,-1.0425843603510682e-05
stale-vision,2,2006210,114,11.400000000000476,1.7874346256744515,0.6343979390599738,1.2000544977657237,0.999950199145491,0.009940811494037456,-0.0008828467600106893,-8.793874272158277e-06
stale-vision,2,2006210,115,11.50000000000051,1.74202591326213,0.6497528992361439,1.200056905184634,0.9999501185468266,0.009962485939052978,-0.0007136112803380834,-7.1444141251846905e-06
stale-vision,2,2006210,116,11.600000000000543,1.6964771882020353,0.6631527622117744,1.200055915510943,0.9999505135434962,0.009933474342443202,-0.0005445381673792476,-5.456201177924323e-06
stale-vision,2,2006210,117,11.700000000000577,1.65082173086012,0.6746031891323038,1.200051926929227,0.9999513503253439,0.009856939650281298,-0.0003710922528754748,-3.713704188170124e-06
stale-vision,2,2006210,118,11.80000000000061,1.60509366942332,0.6841191568526447,1.2000454254476605,0.9999525780875905,0.009736820086798282,-0.00018949125434357045,-1.9084476946156496e-06
stale-vision,2,2006210,119,11.900000000000643,1.5593287219423413,0.6917241876710196,1.2000369559941366,0.9999541331465805,0.00957766110411603,3.2928912325792043e-06,-3.946633263833278e-08
stale-vision,2,2006210,120,12.000000000000677,1.5135647908336491,0.6974494598532607,1.2000270935468147,0.9999559431632294,0.009384445328269231,0.00020955871245508453,1.8870961045060026e-06
stale-vision,3,2006211,0,0.0,-1.6,0.10063684800159214,1.2,1.0,0.0,0.0,0.0
stale-vision,3,2006211,1,0.10000000000000007,-1.599641250823577,0.1003325461818795,1.2000783042360363,0.9997561594622814,0.014277354726659504,0.016819618301055304,0.0009376563578843868
stale-vision,3,2006211,2,0.20000000000000015,-1.5959355369299442,0.09718267024986339,1.2006739166818274,0.9987791320437281,0.03224702194494516,0.03735329721925918,0.002259680620792634
stale-vision,3,2006211,3,0.3000000000000002,-1.5849781047147713,0.08779522479016183,1.2017548019126134,0.9978720202463222,0.042930985332183716,0.048982393151340314,0.003014443414626076
stale-vision,3,2006211,4,0.4000000000000003,-1.5644787707584973,0.070091433393262,1.202750220740236,0.9975749472305306,0.046209792700273374,0.05195571841574773,0.003079454579264476
stale-vision,3,2006211,5,0.5000000000000003,-1.5338502511102228,0.04343148138121011,1.2031595136961146,0.9978452820722165,0.043991330140581306,0.048605673448106616,0.0026541340090724167
stale-vision,3,2006211,6,0.6000000000000004,-1.493737276488285,0.008232913624812715,1.2028173116099263,0.9984063482167628,0.038295667624685115,0.04140238344473022,0.002012045412866508
stale-vision,3,2006211,7,0.7000000000000005,-1.4455272572986375,-0.034422204986582744,1.2018535135982344,0.9989974186105297,0.03082713504768039,0.03243402293703249,0.0013709523587547361
stale-vision,3,2006211,8,0.8000000000000006,-1.3909514503911928,-0.08310586215249349,1.2005442097785402,0.9994668894512393,0.022887185236201757,0.023267746132520563,0.0008518406778346995
stale-vision,3,2006211,9,0.9000000000000007,-1.3317878292328846,-0.13628734968182465,1.199174568048816,0.9997698147317364,0.015379599151708584,0.014951416822564827,0.0004905264518153089
stale-vision,3,2006211,10,1.0000000000000007,-1.269658484396005,-0.19250760526504335,1.1979590813190095,0.9999280986425518,0.008855306385539437,0.008081361228464033,0.0002696193686508173
stale-vision,3,2006211,11,1.1000000000000008,-1.2059102260948538,-0.25049033534560766,1.1970180952138232,0.9999893916721238,0.003577193934164942,0.002897892483177797,0.00014981965385592647
stale-vision,3,2006211,12,1.2000000000000008,-1.1415636077112152,-0.3091980890387974,1.1963902954422871,0.9999997236714898,-0.0004080641854110981,-0.0006146672738229136,9.12398348809978e-05
stale-vision,3,2006211,13,1.300000000000001,-1.0773130818914725,-0.3678448309453735,1.196059532598812,0.999991399374704,-0.0032005308028467097,-0.002636992329976436,6.364473965593932e-05
stale-vision,3,2006211,14,1.400000000000001,-1.013560898460909,-0.4258781587292475,1.195981206410023,0.9999816535146516,-0.004986051338598588,-0.0034394142885456245,4.853351769111113e-05
stale-vision,3,2006211,15,1.500000000000001,-0.9504695346535408,-0.482943597857392,1.1961014389558027,0.9999765503815061,-0.00598718052457725,-0.0033243037852225188,3.688919002624865e-05
stale-vision,3,2006211,16,1.6000000000000012,-0.8880208392164017,-0.5388411696628117,1.1963680531635619,0.9999760032774099,-0.0064270922550269775,-0.002585478132133531,2.5638080247225654e-05
stale-vision,3,2006211,17,1.7000000000000013,-0.8260736260498369,-0.5934816546973132,1.1967352646096827,0.9999777372370261,-0.006505935988904974,-0.0014824355077069046,1.4566741605725562e-05
stale-vision,3,2006211,18,1.8000000000000014,-0.7644145592582647,-0.6468473197696845,1.1971646829791247,0.999979570876632,-0.006387993804772896,-0.00022659615927199433,4.3264745251488294e-06
stale-vision,3,2006211,19,1.9000000000000015,-0.7027996220943676,-0.698959652982831,1.197624728648052,0.9999802724491053,-0.0061973752858434684,0.0010233433655264087,-4.53182030977576e-06
stale-vision,3,2006211,20,2.0000000000000013,-0.6409855978426857,-0.7498547166441141,1.198089756156423,0.9999795160123686,-0.00603072438572395,0.0021442435397226937,-1.1776906634067552e-05
stale-vision,3,2006211,21,2.0999999999999903,-0.5787584637458267,-0.799561263686442,1.1985395563860548,0.9999773673603864,-0.00609756834042935,0.002843264174632341,-1.6617989942124348e-05
stale-vision,3,2006211,22,2.1999999999999793,-0.5159816494972173,-0.8480661082698053,1.1989583578067087,0.9999746015196667,-0.0064395374980581385,0.0030542279123596926,-1.9085472152053116e-05
stale-vision,3,2006211,23,2.2999999999999683,-0.45261158807940893,-0.8953038455150628,1.19933464128979,0.9999715149615852,-0.006965134341516595,0.0029078833973271126,-1.957513029025389e-05
stale-vision,3,2006211,24,2.3999999999999573,-0.38867475291844295,-0.9411728251092483,1.199661315766689,0.9999679713803497,-0.007589078770651767,0.0025419985553017336,-1.8445247553869707e-05
stale-vision,3,2006211,25,2.4999999999999463,-0.32424111923129567,-0.9855516252470363,1.1999351837989258,0.9999638178638979,-0.008251709014614585,0.0020668823691154816,-1.608318087611069e-05
stale-vision,3,2006211,26,2.5999999999999353,-0.25940257310444853,-1.028310830441328,1.2001561418245197,0.9999590377833695,-0.008915257984355655,0.0015622943469610702,-1.2915251698354402e-05
stale-vision,3,2006211,27,2.6999999999999242,-0.19425721475315838,-1.0693205567131796,1.200326389112233,0.9999537458333096,-0.009557044426859665,0.0010812067831979274,-9.362112187504494e-06
stale-vision,3,2006211,28,2.7999999999999132,-0.1288988908317514,-1.1084550020953015,1.2004497456124503,0.9999481342744759,-0.010163643388521734,0.0006550424091006481,-5.788603382982158e-06
stale-vision,3,2006211,29,2.899999999999902,-0.06341094944983376,-1.1455951553657557,1.2005310928538766,0.9999424222916493,-0.010726730655218094,0.00029890608703853885,-2.4720571371472485e-06
stale-vision,3,2006211,30,2.999999999999891,0.0021367987508267073,-1.1806304813484116,1.2005759221869958,0.9999368244030389,-0.011240415389148934,1.626287839891748e-05,4.0765285003356536e-07
stale-vision,3,2006211,31,3.09999999999988,0.06768882588389522,-1.2134601102896245,1.2005899712206578,0.9999315362190229,-0.011699743335380633,-0.000197162174106243,2.761912836356156e-06
stale-vision,3,2006211,32,3.199999999999869,0.13320310153605894,-1.2439938291477346,1.200578935183819,0.9999267300190434,-0.012100077086553125,-0.0003502955400028135,4.577854175862942e-06
stale-vision,3,2006211,33,3.299999999999858,0.19864938230560175,-1.272153001880541,1.2005482448876836,0.9999225542106315,-0.01243700410609221,-0.0004543951490497422,5.899136891440982e-06
stale-vision,3,2006211,34,3.399999999999847,0.26400703233306244,-1.2978714398383282,1.2005029055949532,0.9999191327239522,-0.012706537975909203,-0.0005214009174752136,6.806638000015246e-06
stale-vision,3,2006211,35,3.499999999999836,0.32926269981929635,-1.321096184801817,1.2004473917800262,0.9999165625928069,-0.012905463854880752,-0.0005628503330050785,7.4012804919546945e-06
stale-vision,3,2006211,36,3.599999999999825,0.3944080650120524,-1.34178813890139,1.2003855913046424,0.9999149102722139,-0.013031691717194952,-0.0005892076206573941,7.789580084962542e-06
stale-vision,3,2006211,37,3.699999999999814,0.4594377926643654,-1.3599224735590691,1.2003207906105557,0.9999142082034839,-0.013084519710859492,-0.0006095174892044335,8.072573337781463e-06
stale-vision,3,2006211,38,3.799999999999803,0.524347759041045,-1.3754887656270876,1.2002556917858758,0.9999144525068444,-0.01306480319907805,-0.0006312810660796062,8.338020789361539e-06
stale-vision,3,2006211,39,3.899999999999792,0.5891335792909862,-1.3884908285956894,1.200192451955923,0.9999156030791048,-0.01297499208942405,-0.0006604727928138839,8.655594910395939e-06
stale-vision,3,2006211,40,3.999999999999781,0.6537894325367665,-1.3989462311103296,1.2001327361653513,0.9999175862242105,-0.012819061744971636,-0.0007016645731617878,9.074991264164811e-06
stale-vision,3,2006211,41,4.0999999999997705,0.7183071619497187,-1.4068855168812535,1.2000777763117776,0.9999202998618483,-0.012602340825928201,-0.0007581802161712928,9.625999555118219e-06
stale-vision,3,2006211,42,4.1999999999997595,0.7826756192932399,-1.4123511593950682,1.200028430450591,0.9999236205844283,-0.012331269372331706,-0.0008322778902908383,1.0320362720655279e-05
stale-vision,3,2006211,43,4.2999999999997485,0.8468802184803544,-1.415396298928672,1.1999852388284211,0.9999274117192186,-0.012013113475788725,-0.0009253500369500025,1.1154940310148142e-05
stale-vision,3,2006211,44,4.3999999999997375,0.9109026596731263,-1.4160833178420114,1.199948474550255,0.9999315316161895,-0.011655654693324663,-0.0010380975834677682,1.2115251149760572e-05
stale-vision,3,2006211,45,4.499999999999726,0.9747207892948547,-1.414482314960408,1.1999181882193208,0.9999358413344799,-0.011266877228509987,-0.001170691476819039,1.317919284802448e-05
stale-vision,3,2006211,46,4.599999999999715,1.0383085642099152,-1.4106695399833735,1.1998942470147163,0.9999402109323692,-0.010854686538024995,-0.0013229269104094682,1.4320662344750588e-05
stale-vision,3,2006211,47,4.699999999999704,1.101636090011312,-1.404725843301982,1.1998763690885166,0.999944524144619,-0.010426662538215463,-0.0014943563373189684,1.551265939923634e-05
stale-vision,3,2006211,48,4.799999999999693,1.1646697074257915,-1.3967351899175906,1.1998641540843102,0.999948681542192,-0.009989836060731653,-0.0016843923624001642,1.672960554139197e-05
stale-vision,3,2006211,49,4.899999999999682,1.2273721062053498,-1.3867832801697928,1.1998571109682141,0.9999526016963914,-0.009550542529963806,-0.0018923994902810132,1.7949072946765413e-05
stale-vision,3,2006211,50,4.999999999999671,1.2897024486564483,-1.3749563068933295,1.1998546838755828,0.9999562209732061,-0.0091143193501627,-0.0021177707468008652,1.915285852698841e-05
stale-vision,3,2006211,51,5.09999999999966,1.3516164880208887,-1.361339868974319,1.1998562761002765,0.999959492327024,-0.008685839824516036,-0.0023599742420779835,2.0327314289685684e-05
stale-vision,3,2006211,52,5.199999999999649,1.4130666720065712,-1.3460180538139723,1.1998612724654414,0.9999623831331667,-0.008268906627480989,-0.0026185952626303533,2.1463322768770954e-05
stale-vision,3,2006211,53,5.299999999999638,1.4740022236469972,-1.3290726904990968,1.1998690598739554,0.9999648726237934,-0.007866478326019107,-0.002893359372422014,2.255587623973565e-05
stale-vision,3,2006211,54,5.399999999999627,1.5343691947033191,-1.3105827684840157,1.199879045613002,0.9999669492176253,-0.00748071829758944,-0.0031841433740357294,2.3603417822102608e-05
stale-vision,3,2006211,55,5.499999999999616,1.5941104894336968,-1.2906240120592591,1.1998906731211068,0.9999686078538153,-0.007113069485776129,-0.003490980361610337,2.4607104009963057e-05
stale-vision,3,2006211,56,5.599999999999605,1.6531658578439905,-1.2692685959462462,1.1999034349490385,0.9999698474919467,-0.006764351265924141,-0.003814053625294595,2.557005201195991e-05
stale-vision,3,2006211,57,5.699999999999594,1.7114718596508083,-1.2465849835454965,1.1999168825859705,0.9999706690553056,-0.006434849358283036,-0.004153677978818712,2.6496566398871142e-05
stale-vision,3,2006211,58,5.799999999999583,1.7689618022721552,-1.222637869818292,1.1999306330961323,0.9999710736742248,-0.006124409110527955,-0.004510285752499384,2.7391507191797437e-05
stale-vision,3,2006211,59,5.899999999999572,1.8255656560045797,-1.197488210483811,1.1999443727152779,0.9999710612553685,-0.00583253565464796,-0.004884401809231947,2.8259760404142388e-05
stale-vision,3,2006211,60,5.999999999999561,1.8812099511799134,-1.1711933183469505,1.1999578574918544,0.9999706295211962,-0.005558475592507029,-0.005276608467915995,2.9105763740714728e-05
stale-vision,3,2006211,61,6.09999999999955,1.9358176638807008,-1.1438070105920142,1.1999709112770882,0.9999697733719859,-0.0053012817401757945,-0.005687517762281733,2.9933144659742535e-05
stale-vision,3,2006211,62,6.199999999999539,1.9893080962123353,-1.1153797937924375,1.1999834215228413,0.9999684845020038,-0.005059888674636381,-0.006117727040655683,3.0744457440770114e-05
stale-vision,3,2006211,63,6.299999999999528,2.041596759434432,-1.085959072688947,1.1999953332159057,0.9999667514119831,-0.004833161351915121,-0.006567771850316024,3.154097348535334e-05
stale-vision,3,2006211,64,6.399999999999517,2.092595269489044,-1.0555893727255026,1.2000066412980772,0.9999645597718206,-0.004619929567847798,-0.007038068371017778,3.2322447028487645e-05
stale-vision,3,2006211,65,6.499999999999506,2.14221126577282,-1.024312569504236,1.200017382069926,0.9999618929745092,-0.004419019534589933,-0.007528862493017489,3.308700141114251e-05
stale-vision,3,2006211,66,6.599999999999495,2.190348364048352,-0.9921681192059312,1.2000276237754135,0.9999587332177535,-0.004229269807622858,-0.008040148873597178,3.383089253237208e-05
stale-vision,3,2006211,67,6.699999999999484,2.2369061583048873,-0.9591932868386669,1.2000374566517462,0.9999550628665244,-0.0040495307926732525,-0.008571601622827623,3.4548277104627325e-05
stale-vision,3,2006211,68,6.799999999999473,2.281780286341494,-0.9254233717386028,1.2000469826608486,0.9999508663102303,-0.003878680896153078,-0.009122475470012992,3.52310061305912e-05
stale-vision,3,2006211,69,6.899999999999462,2.324862577517697,-0.8908919283386141,1.20005630492022,0.9999461323532222,-0.0037156096052298813,-0.009691509199112552,3.5868313878968914e-05
stale-vision,3,2006211,70,6.999999999999451,2.366041302675718,-0.8556309843049917,1.200065516813265,0.9999408573053012,-0.0035592129549439464,-0.010276797474764272,3.644643595164257e-05
stale-vision,3,2006211,71,7.09999999999944,2.40520154980516,-0.8196712578700309,1.2000746910268407,0.9999350483355255,-0.0034083728149120994,-0.01087569491147032,3.694830640429093e-05
stale-vision,3,2006211,72,7.199999999999429,2.442225746289538,-0.783042377696909,1.2000838683928587,0.9999287276977176,-0.0032619414153918164,-0.011484679698170885,3.735312525847343e-05
stale-vision,3,2006211,73,7.299999999999418,2.4769943531393075,-0.7457731086913342,1.2000930464899218,0.9999219374447152,-0.0031187245559560974,-0.012099221358407202,3.76360259818166e-05
stale-vision,3,2006211,74,7.399999999999407,2.509386757014422,-0.7078915870516891,1.2001021686021092,0.9999147441354287,-0.0029774568609932084,-0.012713684942334933,3.7767836732387464e-05
stale-vision,3,2006211,75,7.499999999999396,2.5392823798365067,-0.6694255691464354,1.200111113202006,0.9999072438021753,-0.0028367841161354834,-0.013321224620831983,3.7714949012560944e-05
stale-vision,3,2006211,76,7.599999999999385,2.56656202549903,-0.6304026978978546,1.200119684772913,0.9998995661607095,-0.0026952444048914804,-0.013913728742056554,3.743949951746487e-05
stale-vision,3,2006211,77,7.699999999999374,2.591109474998026,-0.5908507902149045,1.2001276071291822,0.9998918776267532,-0.0025512526882661376,-0.014481809423039841,3.68999016354171e-05
stale-vision,3,2006211,78,7.799999999999363,2.6128133308815094,-0.550798148360071,1.2001345208433718,0.9998843818969406,-0.00240309729973586,-0.01501488135797905,3.605202466215316e-05
stale-vision,3,2006211,79,7.899999999999352,2.631569096160194,-0.5102738964108506,1.2001399864505828,0.9998773177081012,-0.0022489259443509942,-0.015501311246862976,3.485079183436023e-05
stale-vision,3,2006211,80,7.999999999999341,2.6472814568167458,-0.46930834382346787,1.200143495507161,0.999870952240435,-0.0020867510378409786,-0.015928692042273384,3.325258824264042e-05
stale-vision,3,2006211,81,8.099999999999374,2.6598667144673245,-0.42793337533997544,1.200144491441022,0.9998655698634122,-0.001914468232666589,-0.016284226678101785,3.121850412495157e-05
stale-vision,3,2006211,82,8.199999999999408,2.6692552931675597,-0.38618286384977113,1.2001424012474777,0.9998614560222812,-0.0017298705248498642,-0.016555225285196318,2.871807343393205e-05
stale-vision,3,2006211,83,8.299999999999441,2.6753942221261955,-0.34409310263869297,1.2001366786397425,0.999858876251301,-0.0015306948687267283,-0.016729730795262056,2.5733711661912142e-05
stale-vision,3,2006211,84,8.399999999999475,2.6782494726876935,-0.3017032488789355,1.2001268568780241,0.9998580526137381,-0.0013146617961702592,-0.016797195959154094,2.2265113341645817e-05
stale-vision,3,2006211,85,8.499999999999508,2.6778080163152054,-0.25905576984252915,1.2001126076900843,0.999859139434813,-0.0010795324029543379,-0.016749195872007665,1.833325327116022e-05
stale-vision,3,2006211,86,8.599999999999541,2.674079464942945,-0.21619688078860044,1.2000938007976996,0.9998622015645036,-0.0008231882685757418,-0.016580110015229105,1.398363392596033e-05
stale-vision,3,2006211,87,8.699999999999575,2.66709716124926,-0.17317695942749528,1.2000705562919065,0.9998671989202924,-0.0005437033583601265,-0.01628768932917844,9.287803156750009e-06
stale-vision,3,2006211,88,8.799999999999608,2.656918608332493,-0.13005092249207928,1.2000432817953584,0.9998739798452061,-0.0002394221395923413,-0.01587347116068217,4.34270483165974e-06
stale-vision,3,2006211,89,8.899999999999642,2.6436251596720575,-0.08687854916645515,1.2000126864687437,0.9998822858942356,9.095474702999247e-05,-0.015342948921766743,-7.323332155447935e-07
stale-vision,3,2006211,90,8.999999999999675,2.6273209361597103,-0.043724734626045654,1.1999797663519114,0.9998917677543968,0.00044828378555184526,-0.014705501860997913,-5.801044177683521e-06
stale-vision,3,2006211,91,9.099999999999708,2.60813098598504,-0.0006596570486519405,1.1999457587328466,0.9999020115327862,0.0008329111840125159,-0.013974028652297067,-1.0717929625269453e-05
stale-vision,3,2006211,92,9.199999999999742,2.586198757826316,0.04224115541980521,1.1999120680089503,0.9999125712890398,0.0012446181847480197,-0.013164363580337525,-1.5337566258678364e-05
stale-vision,3,2006211,93,9.299999999999775,2.5616830025652466,0.08489686885821475,1.1998801698169559,0.9999230041273012,0.001682561557603866,-0.01229448748182157,-1.952431351230125e-05
stale-vision,3,2006211,94,9.399999999999809,2.5347542565592605,0.12722150992291795,1.199851503471038,0.9999329030258548,0.0021452430149359247,-0.011383621665959437,-2.3161604977781566e-05
stale-vision,3,2006211,95,9.499999999999842,2.505591083093175,0.16912426071063,1.1998273649600542,0.9999419234988467,0.0026305002208172716,-0.010451287656413037,-2.6159854779891252e-05
stale-vision,3,2006211,96,9.599999999999875,2.4743762553674804,0.21050988426055403,1.199808812166256,0.9999498018030056,0.0031354963098352557,-0.00951639253819202,-2.8461883711192277e-05
stale-vision,3,2006211,97,9.699999999999909,2.4412930585902934,0.2512792818816917,1.1997965923251444,0.9999563633417018,0.0036567446376557108,-0.008596436956911402,-3.0045613004049385e-05
stale-vision,3,2006211,98,9.799999999999942,2.406521866476235,0.2913301782011281,1.1997910980585964,0.9999615222996731,0.004190136569062367,-0.007706861837277113,-3.0923670094071447e-05
stale-vision,3,2006211,99,9.899999999999975,2.3702371189669993,0.33055792764707675,1.199792354406431,0.9999652738985896,0.0047309954840523095,-0.006860591004690358,-3.114023232500534e-05
stale-vision,3,2006211,100,10.000000000000009,2.3326047914235355,0.36885643220456305,1.1998000353769471,0.9999676818979863,0.005274140609625409,-0.006067755258835879,-3.076550230211469e-05
stale-vision,3,2006211,101,10.100000000000042,2.293780408808469,0.4061191573442746,1.1998135054089656,0.99996886353257,0.005813975042002693,-0.005335613016208626,-2.988865886914731e-05
stale-vision,3,2006211,102,10.200000000000076,2.25390762181033,0.44224022919425804,1.1998318790349132,0.9999689742906039,0.006344586074006689,-0.00466860420523883,-2.8609824879900388e-05
stale-vision,3,2006211,103,10.300000000000109,2.213117333494317,0.4771155931398633,1.19985409133084,0.9999681937394878,0.006859857559331287,-0.004068554155526241,-2.7032133431024006e-05
stale-vision,3,2006211,104,10.400000000000142,2.1715273383341707,0.5106442115471509,1.1998789720463132,0.9999667134177175,0.007353610846073212,-0.0035349436085246972,-2.52542826955039e-05
stale-vision,3,2006211,105,10.500000000000176,2.129242420161514,0.5427292735587789,1.1999053172588483,0.9999647270141684,0.007819750270699517,-0.0030652385376817547,-2.3364295532206365e-05
stale-vision,3,2006211,106,10.60000000000021,2.086354844641547,0.5732793880280862,1.1999319541203233,0.999962422545849,0.008252429141188046,-0.002655268356709652,-2.14350243287506e-05
stale-vision,3,2006211,107,10.700000000000243,2.042945173170278,0.6022097278368304,1.1999577955516032,0.9999599765081282,0.008646207057733593,-0.002299587854264556,-1.95212633283798e-05
stale-vision,3,2006211,108,10.800000000000276,1.999083326633566,0.6294430940955879,1.1999818834191427,0.9999575492294936,0.008996222254090922,-0.0019918364057869595,-1.7658787940747923e-05
stale-vision,3,2006211,109,10.90000000000031,1.9548298292130017,0.6549108673380581,1.200003419842678,0.9999552813297341,0.009298345437313655,-0.0017250684624623037,-1.5865060192945454e-05
stale-vision,3,2006211,110,11.000000000000343,1.9102371671543776,0.6785538152682462,1.2000217870217933,0.9999532909714094,0.009549316263624597,-0.00149205709121333,-1.4141437360091027e-05
stale-vision,3,2006211,111,11.100000000000376,1.8653512035270876,0.700322730365368,1.2000365566546436,0.9999516717640474,0.009746863476430938,-0.0012855477422852517,-1.2476352306107932e-05
stale-vision,3,2006211,112,11.20000000000041,1.8202125983814925,0.720178874365381,1.2000474900552822,0.9999504915331059,0.009889776349840451,-0.0010984938513565164,-1.0849376428438114e-05
stale-vision,3,2006211,113,11.300000000000443,1.7748581890607473,0.7380942151602847,1.2000545302518515,0.9999497919296735,0.0099779416178484,-0.0009242378382425299,-9.235350011823362e-06
stale-vision,3,2006211,114,11.400000000000476,1.7293222943868105,0.7540514490189901,1.2000577874247478,0.9999495889318524,0.0100123423495788,-0.0007566622792982522,-7.608431299849218e-06
stale-vision,3,2006211,115,11.50000000000051,1.6836379136267026,0.7680438086363855,1.2000575188148215,0.9999498744838069,0.009995000511538123,-0.0005902958967198813,-5.945507517556294e-06
stale-vision,3,2006211,116,11.600000000000543,1.6378377990493145,0.7800746675825653,1.200054104443423,0.9999506189454659,0.009928893656326576,-0.0004203848918414068,-4.228814573776694e-06
stale-vision,3,2006211,117,11.700000000000577,1.5919553879429778,0.790156958112727,1.2000480198605148,0.9999517744945212,0.009817823489381134,-0.00024294278844350328,-2.4477147975876474e-06
stale-vision,3,2006211,118,11.80000000000061,1.546025584891908,0.7983124276796058,1.2000398070896572,0.9999532792119816,0.009666250314631404,-5.475126832474682e-05,-5.992971582986892e-07
stale-vision,3,2006211,119,11.900000000000643,1.5000853935194254,0.804570766303174,1.2000300452223491,0.9999550614065544,0.009479116827734672,0.0001466623987065235,1.3118750312250343e-06
stale-vision,3,2006211,120,12.000000000000677,1.454174402185864,0.8089686394719603,1.2000193219619506,0.9999570439998029,0.009261659028835202,0.0003630654007490622,3.2746933652106187e-06
stale-vision,4,2006212,0,0.0,-1.6,0.010087345368483408,1.2,1.0,0.0,0.0,0.0
stale-vision,4,2006212,1,0.10000000000000007,-1.5996179842850635,0.00981281857093243,1.2000783043693422,0.9997561928958896,0.012881090926162565,0.01791146774766458,0.0009008806766571851
stale-vision,4,2006212,2,0.20000000000000015,-1.595669409596517,0.0069712229292996425,1.2006753486102228,0.9987767513308806,0.02910400816431744,0.039915040999259105,0.0021788097050854903
stale-vision,4,2006212,3,0.3000000000000002,-1.5839755316870203,-0.0014991769726449013,1.2017585003650988,0.9978681929199201,0.03881153134005193,0.05238559639562033,0.0029127107730207097
stale-vision,4,2006212,4,0.4000000000000003,-1.5620838488664328,-0.0174869574756468,1.2027538074639867,0.9975728423043773,0.04196662116921061,0.05548278953567971,0.0029811188744892285
stale-vision,4,2006212,5,0.5000000000000003,-1.5293822679454827,-0.041607152490434035,1.2031609127144758,0.997844963279413,0.04027493404702741,0.05173703469177215,0.002576467876265267
stale-vision,4,2006212,6,0.6000000000000004,-1.4865901860074517,-0.07354295451494666,1.2028157968330075,0.9984066846489188,0.03547469525640193,0.04383829075712084,0.0019601806839070557
stale-vision,4,2006212,7,0.7000000000000005,-1.435227123306158,-0.1123841622451894,1.2018496854154506,0.9989972733071845,0.029018409684074698,0.0340673074314602,0.001341040114037682
stale-vision,4,2006212,8,0.8000000000000006,-1.3771780087687668,-0.15689794337718985,1.200539284440093,0.9994657515094635,0.022023096121467595,0.024134932516118864,0.0008365580013708111
stale-vision,4,2006212,9,0.9000000000000007,-1.3143688473099007,-0.20573686042549538,1.199169559752239,0.9997679013708763,0.015280114166494442,0.01517985557147596,0.0004832021945287958
stale-vision,4,2006212,10,1.0000000000000007,-1.2485462180104794,-0.2575911653221856,1.1979543322233597,0.9999260619254624,0.00928950762882805,0.007842511983654266,0.00026596247183759055
stale-vision,4,2006212,11,1.1000000000000008,-1.1811486757787797,-0.31128946131725077,1.1970132895262637,0.9999878936817673,0.0043090841297304975,0.002371165962207228,0.00014783722586948355
stale-vision,4,2006212,12,1.2000000000000008,-1.1132537152732138,-0.36585329296540564,1.1963848175684666,0.9999991094208144,0.00041045485193123247,-0.001266696866407856,9.035176435524444e-05
stale-vision,4,2006212,13,1.300000000000001,-1.0455809459142358,-0.42051431084259383,1.1960529197156011,0.9999915705351881,-0.002464957046872715,-0.0032831051270099175,6.37655904862578e-05
stale-vision,4,2006212,14,1.400000000000001,-0.9785320254561222,-0.47470449978680623,1.195973483397071,0.9999821299392778,-0.00445528567556955,-0.003985948141412298,4.9488058507683396e-05
stale-vision,4,2006212,15,1.500000000000001,-0.9122504196530629,-0.5280297974074478,1.1960932300937341,0.9999766448019352,-0.005736326881974795,-0.003715231412877306,3.8211460915010345e-05
stale-vision,4,2006212,16,1.6000000000000012,-0.8466879101662266,-0.5802358280009492,1.196360471678985,0.9999750241808576,-0.00648994360184255,-0.0027983810989097063,2.66413777271807e-05
stale-vision,4,2006212,17,1.7000000000000013,-0.7816687647547818,-0.6311722657350031,1.1967296522703352,0.999975154698004,-0.006882802822717154,-0.0015221040649372856,1.4533485286848761e-05
stale-vision,4,2006212,18,1.8000000000000014,-0.7169459476212844,-0.680760123960406,1.1971622994644704,0.9999751106662901,-0.007054374784546244,-0.00011763105450505551,2.6970536567850755e-06
stale-vision,4,2006212,19,1.9000000000000015,-0.6522464706237732,-0.7289643524607822,1.1976264819929017,0.9999739325722947,-0.007112441019650452,0.0012439027337068694,-8.039276684743256e-06
stale-vision,4,2006212,20,2.0000000000000013,-0.5873049931430583,-0.7757726254793855,1.1980960010259964,0.9999715538337016,-0.007134013559351457,0.0024488933203450475,-1.7188705363583957e-05
stale-vision,4,2006212,21,2.0999999999999903,-0.5218869227405769,-0.8211797182730632,1.1985498322791823,0.9999683772150522,-0.007189626188541849,0.0033990069525916527,-2.44315240278182e-05
stale-vision,4,2006212,22,2.1999999999999793,-0.4558106729999498,-0.865172100325921,1.1989717372428357,0.999965004973244,-0.007421723407164357,0.0038608330601515033,-2.8611358798607213e-05
stale-vision,4,2006212,23,2.2999999999999683,-0.3889854288471586,-0.9077044882507724,1.1993498652368872,0.999961937827013,-0.007844320950528396,0.0038195088874409637,-2.9629861842084085e-05
stale-vision,4,2006212,24,2.3999999999999573,-0.3214166862245617,-0.9486953342523348,1.199676837259348,0.999958977886548,-0.008382444384243395,0.0034316733552433648,-2.8075237279465405e-05
stale-vision,4,2006212,25,2.4999999999999463,-0.25317801873652274,-0.9880401039371701,1.1999495094150043,0.9999556731790182,-0.008973677729876318,0.0028502946924861563,-2.4602101467958194e-05
stale-vision,4,2006212,26,2.5999999999999353,-0.18438151692734991,-1.025623408427011,1.2001681392183572,0.9999517204095134,-0.009578255413294705,0.0021939639688811504,-1.9884572575968648e-05
stale-vision,4,2006212,27,2.6999999999999242,-0.11515455324039413,-1.061326925168599,1.2003354286954084,0.9999470612320757,-0.010172802789915933,0.0015455110991498147,-1.4566278924861907e-05
stale-vision,4,2006212,28,2.7999999999999132,-0.045623461961223834,-1.095034110746598,1.2004556854339126,0.9999418314121921,-0.010743260403848156,0.0009571119550552758,-9.199466826105227e-06
stale-vision,4,2006212,29,2.899999999999902,0.024096794433212363,-1.1266330522327748,1.2005341657169257,0.9999362763611451,-0.011279831659563255,0.00045672427231793083,-4.204649043594504e-06
stale-vision,4,2006212,30,2.999999999999891,0.09390821155348276,-1.156018447426398,1.200576584649163,0.9999306820919602,-0.011774041580353703,5.436867144303105e-05,1.4144482488293052e-07
stale-vision,4,2006212,31,3.09999999999988,0.1637318028011548,-1.1830932983005322,1.2005887569758218,0.9999253323787575,-0.012217446396716871,-0.0002523036167870601,3.6959766242888503e-06
stale-vision,4,2006212,32,3.199999999999869,0.23350721791054857,-1.2077705803535421,1.2005763359855242,0.9999204868460186,-0.012601421118772462,-0.0004734237958826082,6.4278894727903154e-06
stale-vision,4,2006212,33,3.299999999999858,0.30319081834459,-1.2299749364110177,1.2005446283820598,0.999916370304549,-0.012917576914019239,-0.0006233243492850641,8.39058331118799e-06
stale-vision,4,2006212,34,3.399999999999847,0.37275291170448344,-1.249644318891835,1.2004984714435267,0.9999131661912244,-0.01315844147482361,-0.000717914630443075,9.694208387956722e-06
stale-vision,4,2006212,35,3.499999999999836,0.4421746620116109,-1.2667314504123206,1.2004421628402668,0.9999110105847159,-0.013318162673194927,-0.0007728807330701519,1.0480196515625746e-05
stale-vision,4,2006212,36,3.599999999999825,0.5114450316374081,-1.2812049670854633,1.200379434216146,0.9999099866251663,-0.013393074410686939,-0.0008025498678284677,1.0899524799182774e-05
stale-vision,4,2006212,37,3.699999999999814,0.5805579802290911,-1.2930501341532126,1.200313458930021,0.9999101205037988,-0.013382061611123442,-0.0008192789504006366,1.1095811827265046e-05
stale-vision,4,2006212,38,3.799999999999803,0.6495100435739293,-1.3022690633107208,1.2002468834607307,0.9999113809902955,-0.01328667733249959,-0.0008332144086773423,1.1193435441957112e-05
stale-vision,4,2006212,39,3.899999999999792,0.7182983419615986,-1.3088804085107641,1.2001818721539885,0.9999136834769297,-0.013111028275404888,-0.0008522943662491408,1.1290440374647949e-05
stale-vision,4,2006212,40,3.999999999999781,0.7869190188363262,-1.31291856197148,1.2001201568895596,0.9999168981519923,-0.012861492192918302,-0.0008824270103926486,1.1456113841009904e-05
stale-vision,4,2006212,41,4.0999999999997705,0.8553660765920464,-1.314432405973445,1.2000630853136307,0.9999208616812728,-0.012546294575718561,-0.0009277550106620062,1.1732096816010663e-05
stale-vision,4,2006212,42,4.1999999999997595,0.9236305586187188,-1.3134837029036663,1.2000116638611031,0.9999253908490676,-0.012174999661486828,-0.0009909446524464082,1.2135882932755613e-05
stale-vision,4,2006212,43,4.2999999999997485,0.9917000209099611,-1.3101452227653332,1.1999665945384823,0.9999302962541742,-0.011757979762402221,-0.0010734917408955146,1.2665992507331172e-05
stale-vision,4,2006212,44,4.3999999999997375,1.0595582340646728,-1.3044987120361085,1.1999283062032537,0.999935394648764,-0.011305899874446513,-0.0011760015126535642,1.330759238122811e-05
stale-vision,4,2006212,45,4.499999999999726,1.1271850603363502,-1.296632804678122,1.1998969821370233,0.999940518822802,-0.01082924955917807,-0.0012984503470593494,1.4038037037663553e-05
stale-vision,4,2006212,46,4.599999999999715,1.1945564551266745,-1.286640966890423,1.1998725860884494,0.9999455244580354,-0.010337947284108643,-0.0014403965850165463,1.4831491083598336e-05
stale-vision,4,2006212,47,4.699999999999704,1.2616445508618066,-1.2746195530934932,1.1998548887076932,0.9999502938388157,-0.009841030867826419,-0.0016011613936105873,1.5662606652556616e-05
stale-vision,4,2006212,48,4.799999999999693,1.3284177880410242,-1.2606660338623852,1.1998434956452233,0.9999547367420613,-0.009346437225123226,-0.0017799735290101142,1.650906391607593e-05
stale-vision,4,2006212,49,4.899999999999682,1.3948410648719152,-1.2448774388524668,1.1998378778377734,0.9999587889769874,-0.008860877826702213,-0.0019760796263536373,1.7353047587476855e-05
stale-vision,4,2006212,50,4.999999999999671,1.4608758838504994,-1.2273490395230775,1.1998374036513129,0.9999624093654501,-0.008389790225975446,-0.002188822841233531,1.818180666889951e-05
stale-vision,4,2006212,51,5.09999999999966,1.5264804796935314,-1.2081732810423054,1.1998413719775047,0.9999655757354415,-0.007937362697183106,-0.002417696625632093,1.8987548099329665e-05
stale-vision,4,2006212,52,5.199999999999649,1.5916099180255976,-1.1874389592817276,1.1998490449111345,0.9999682806985354,-0.007506593664183634,-0.002662378193922806,1.9766839253941242e-05
stale-vision,4,2006212,53,5.299999999999638,1.6562161582429675,-1.1652306301421356,1.1998596788063463,0.9999705272287522,-0.007099424382305569,-0.0029227429287984347,2.0519794529510694e-05
stale-vision,4,2006212,54,5.399999999999627,1.7202480774966105,-1.1416282269580353,1.1998725523060123,0.9999723248477708,-0.00671686727458207,-0.0031988718374085833,2.1249173738556842e-05
stale-vision,4,2006212,55,5.499999999999616,1.783651454704918,-1.1167068596029122,1.1998869902398415,0.999973686276213,-0.006359161087973186,-0.0034910375536764083,2.1959434507420703e-05
stale-vision,4,2006212,56,5.599999999999605,1.846368916641849,-1.0905367657300027,1.1999023827981163,0.9999746246827649,-0.00602592441059025,-0.0037996989703938198,2.265599952946807e-05
stale-vision,4,2006212,57,5.699999999999594,1.908339847844782,-1.0631833838561948,1.1999181995330634,0.9999751515906682,-0.0057162984288253015,-0.00412548039890406,2.3344571410570304e-05
stale-vision,4,2006212,58,5.799999999999583,1.969500268184384,-1.0347075202080998,1.199933998219415,0.9999752753209326,-0.005429085299750505,-0.004469138861671041,2.4030590228908227e-05
stale-vision,4,2006212,59,5.899999999999572,2.029782683955723,-1.005165582565988,1.1999494289041681,0.9999749998707894,-0.0051628607307870125,-0.004831551662210083,2.471893858153869e-05
stale-vision,4,2006212,60,5.999999999999561,2.089115915985927,-0.9746098585162712,1.199964233644445,0.9999743242075744,-0.004916079848370234,-0.005213678037075047,2.5413676861285792e-05
stale-vision,4,2006212,61,6.09999999999955,2.147424911472743,-0.9430888180710922,1.1999782425204397,0.9999732419656693,-0.004687146731804498,-0.005616522593422533,2.6117858978466343e-05
stale-vision,4,2006212,62,6.199999999999539,2.204630546786376,-0.9106474261296433,1.1999913667819666,0.9999717412541947,-0.004474480558089716,-0.006041108900741815,2.6833509276225167e-05
stale-vision,4,2006212,63,6.299999999999528,2.260649427205231,-0.8773274526565343,1.2000035897236407,0.9999698049198567,-0.004276548942085796,-0.006488421846261177,2.7561466350436477e-05
stale-vision,4,2006212,64,6.399999999999517,2.315393693737734,-0.8431677731507159,1.200014956057211,0.9999674108495026,-0.004091899375366402,-0.006959367605997764,2.8301374689184172e-05
stale-vision,4,2006212,65,6.499999999999506,2.368770845909277,-0.808204653706039,1.2000255604231644,0.9999645325776534,-0.00391917860409609,-0.00745471540876316,2.9051651408743888e-05
stale-vision,4,2006212,66,6.599999999999495,2.420683591730086,-0.7724720169391404,1.200035535302542,0.9999611403371136,-0.0037571287970775188,-0.00797501788753077,2.980930500321167e-05
stale-vision,4,2006212,67,6.699999999999484,2.4710297400965815,-0.736001689257842,1.2000450387795307,0.9999572023761899,-0.003604576215283555,-0.008520534712339356,3.056973097895028e-05
stale-vision,4,2006212,68,6.799999999999473,2.51970215096695,-0.6988236315242037,1.2000542424246738,0.9999526866670891,-0.003460423154757744,-0.009091145005488698,3.132650170601681e-05
stale-vision,4,2006212,69,6.899999999999462,2.5665887608794686,-0.660966154928359,1.2000633192138166,0.9999475633347222,-0.0033236334024454436,-0.009686228027714624,3.207104202324777e-05
stale-vision,4,2006212,70,6.999999999999451,2.611572706764755,-0.6224561251136278,1.2000724313866462,0.9999418077915402,-0.003193200496587752,-0.01030453423734669,3.2792140194226955e-05
stale-vision,4,2006212,71,7.09999999999944,2.6545325734611294,-0.5833191601129996,1.2000817182544874,0.9999354045282053,-0.0030681301485819216,-0.0109440498809596,3.347549422454293e-05
stale-vision,4,2006212,72,7.199999999999429,2.6953427918891117,-0.5435798263558188,1.2000912836688873,0.999928351922658,-0.0029474055248080405,-0.01160183859950427,3.4103076514689755e-05
stale-vision,4,2006212,73,7.299999999999418,2.733874218615831,-0.5032618387411321,1.200101183033984,0.9999206678422963,-0.002829964924497568,-0.012273879563680234,3.4652533340828356e-05
stale-vision,4,2006212,74,7.399999999999407,2.769994928926129,-0.4623882696667725,1.2001114098163432,0.9999123961348596,-0.002714678643809259,-0.01295489652339541,3.50966287927567e-05
stale-vision,4,2006212,75,7.499999999999396,2.8035712565757014,-0.4209817714163789,1.2001218816942973,0.9999036136532538,-0.0026003236724833185,-0.013638198803652357,3.540275282340396e-05
stale-vision,4,2006212,76,7.599999999999385,2.834469111267122,-0.37906481708237794,1.2001324270021174,0.9998944372594726,-0.002485550063206298,-0.01431555503240724,3.553252078249466e-05
stale-vision,4,2006212,77,7.699999999999374,2.862555598748281,-0.3366599660519786,1.2001427724142104,0.9998850302198321,-0.002368863004619323,-0.014977101663266192,3.5441754227713225e-05
stale-vision,4,2006212,78,7.799999999999363,2.8877009606331523,-0.2937901579173028,1.200152533589398,0.9998756066944563,-0.0022486100936148557,-0.01561133112063951,3.508105854936039e-05
stale-vision,4,2006212,79,7.899999999999352,2.9097808361154516,-0.2504790372741516,1.2001612110847364,0.9998664331137157,-0.0021229693951266997,-0.016205176649722625,3.4397023840053286e-05
stale-vision,4,2006212,80,7.999999999999341,2.928678827904834,-0.2067513117852029,1.2001681945000862,0.9998578246963378,-0.0019899378194418917,-0.01674423571902647,3.333419603153769e-05
stale-vision,4,2006212,81,8.099999999999374,2.944289328550006,-0.16263314525154673,1.200172777910329,0.999850136036867,-0.0018473434171689986,-0.017213128004215754,3.183814985731835e-05
stale-vision,4,2006212,82,8.199999999999408,2.956520535406433,-0.11815258369241989,1.2001741896530096,0.9998437442750816,-0.0016928660570816735,-0.017596032135030536,2.9859682533693765e-05
stale-vision,4,2006212,83,8.299999999999441,2.965297548889625,-0.07334001035452475,1.2001716386068513,0.9998390248510123,-0.0015240610959322074,-0.017877384433807205,2.7359795418571256e-05
stale-vision,4,2006212,84,8.399999999999475,2.9705654162569486,-0.028228624709165994,1.2001643771907873,0.9998363206684999,-0.001338401939853752,-0.018042725988285123,2.4315349205623592e-05
stale-vision,4,2006212,85,8.499999999999508,2.972291955445901,0.01714506298448683,1.2001517784268056,0.9998359075854836,-0.0011333475370330763,-0.01807962932548661,2.0725003571092145e-05
stale-vision,4,2006212,86,8.599999999999541,2.9704701775660145,0.0627407342939761,1.2001334209628747,0.9998379601759785,-0.000906412331657975,-0.017978640988217175,1.6614484553604954e-05
stale-vision,4,2006212,87,8.699999999999575,2.9651201243482266,0.10851377632971058,1.2001091729109343,0.9998425226616979,-0.0006552455611021191,-0.01773415872764987,1.2040325232033741e-05
stale-vision,4,2006212,88,8.799999999999608,2.9562899510351133,0.15441482225913813,1.20007926224822,0.9998494909136167,-0.00037773204902173105,-0.01734510847449583,7.091458434903075e-06
stale-vision,4,2006212,89,8.899999999999642,2.9440561227133455,0.20038933761029795,1.2000443214238035,0.9998586088784212,-7.2078963027232e-05,-0.016815381433925095,1.8876741798763665e-06
stale-vision,4,2006212,90,8.999999999999675,2.9285226417534416,0.2463772700428759,1.2000053949524445,0.999869482526251,0.0002630877847119807,-0.016153906207873343,-3.425239725975978e-06
stale-vision,4,2006212,91,9.099999999999708,2.909819292268928,0.29231278098728675,1.199963903235103,0.9998816097380614,0.0006286356966052113,-0.015374369885587266,-8.683538266463399e-06
stale-vision,4,2006212,92,9.199999999999742,2.888098957730239,0.3381240766707731,1.1999215622321697,0.9998944227787561,0.0010248451525926745,-0.014494578304270566,-1.3716148547132147e-05
stale-vision,4,2006212,93,9.299999999999775,2.86353413661384,0.3837333541012445,1.1998802652174028,0.9999073373246353,0.0014513485370867515,-0.0135355094033586,-1.8356819277913955e-05
stale-vision,4,2006212,94,9.399999999999809,2.8363128399504394,0.4290568741698646,1.1998419398306306,0.9999198005295312,0.0019070888328793852,-0.01252018437851158,-2.2456492486082883e-05
stale-vision,4,2006212,95,9.499999999999842,2.8066340914457406,0.4740051702578006,1.1998083971450313,0.9999313323520069,0.002390287107896652,-0.011472420745849326,-2.5894246172792403e-05
stale-vision,4,2006212,96,9.599999999999875,2.774703271544407,0.5184833983397588,1.1997811909743492,0.999941554768515,0.0028984376575954653,-0.010415627159362947,-2.858576057738004e-05
stale-vision,4,2006212,97,9.699999999999909,2.7407275411964513,0.5623918298128449,1.1997615034386677,0.9999502072402303,0.003428319615748276,-0.009371698634613393,-3.0488269539806165e-05
stale-vision,4,2006212,98,9.799999999999942,2.704911559311846,0.6056264847021183,1.1997500683404596,0.9999571482888903,0.003976018410784996,-0.008360135458354203,-3.1601690309604995e-05
stale-vision,4,2006212,99,9.899999999999975,2.6674536671607,0.6480799007744017,1.199747137826635,0.9999623460808647,0.004536962555290772,-0.007397389364264957,-3.196591625389839e-05
stale-vision,4,2006212,100,10.000000000000009,2.6285426670156253,0.6896420309732856,1.1997524916226594,0.9999658613241258,0.005105985509357847,-0.006496467982251445,-3.165493129919067e-05
stale-vision,4,2006212,101,10.100000000000042,2.588355272856133,0.7302012570256949,1.1997654833186813,0.9999678262456227,0.005677407149268734,-0.005666795828174848,-3.0768622009030776e-05
stale-vision,4,2006212,102,10.200000000000076,2.54705426111699,0.7696455035060525,1.1997851143991765,0.9999684232334332,0.006245115245643136,-0.004914285898190878,-2.942315485361333e-05
stale-vision,4,2006212,103,10.300000000000109,2.504787308074503,0.8078634356399683,1.1998101253190105,0.9999678653993368,0.006802677172079424,-0.004241577822356213,-2.7741000518280125e-05
stale-vision,4,2006212,104,10.400000000000142,2.4616864677362016,0.8447457195044333,1.1998390931479486,0.9999663804647625,0.007343463398689572,-0.0036483993378757106,-2.584156217568609e-05
stale-vision,4,2006212,105,10.500000000000176,2.4178682201423998,0.8801863201365995,1.1998705267469796,0.9999641983548888,0.007860791365016138,-0.0031319960992433364,-2.3833066351314912e-05
stale-vision,4,2006212,106,10.60000000000021,2.3734340059039076,0.9140838096301954,1.1999029527554315,0.9999615421440637,0.00834808573401207,-0.0026876052398715085,-2.1806393990855e-05
stale-vision,4,2006212,107,10.700000000000243,2.328471155054641,0.9463426537104573,1.1999349880723031,0.9999586216708838,0.008799059815053838,-0.0023089173156253476,-1.9830947662979134e-05
stale-vision,4,2006212,108,10.800000000000276,2.2830541195768124,0.9768744420024652,1.1999653966371575,0.9999556291751014,0.009207886869954707,-0.0019885115336919085,-1.795268398038388e-05
stale-vision,4,2006212,109,10.90000000000031,2.2372459241476292,1.005599027998726,1.1999931302511946,0.9999527360634088,0.009569374935330069,-0.0017182666820095742,-1.6194389083645962e-05
stale-vision,4,2006212,110,11.000000000000343,2.1910997549004665,1.0324455444930076,1.200017354566732,0.9999500902119113,0.009879149223511989,-0.0014897261085978564,-1.4557853672539212e-05
stale-vision,4,2006212,111,11.100000000000376,2.144660614828528,1.0573532595353539,1.200037461771002,0.9999478138773016,0.010133798692042622,-0.0012944019314151535,-1.302741452062692e-05
stale-vision,4,2006212,112,11.20000000000041,2.0979669857945327,1.0802722439584105,1.2000530718266733,0.9999460021045772,0.010330986667372142,-0.001124035399855815,-1.1574563608365896e-05
stale-vision,4,2006212,113,11.300000000000443,2.0510524462301056,1.1011638284016758,1.200064024414439,0.9999447215110664,0.010469543728555401,-0.0009708104777152052,-1.0163086037998353e-05
stale-vision,4,2006212,114,11.400000000000476,2.0039472025259393,1.1200008322889978,1.2000703632989564,0.9999440099265732,0.010549509001472985,-0.0008275235088365987,-8.754210142009147e-06
stale-vision,4,2006212,115,11.50000000000051,1.9566795007160402,1.1367675568252338,1.2000723144174303,0.9999438772516598,0.010572101936727297,-0.0006877165858154376,-7.311338736664981e-06
stale-vision,4,2006212,116,11.600000000000543,1.9092768929441337,1.1514595464840378,1.2000702592791146,0.9999443071547778,0.01053967351655866,-0.0005457446609640521,-5.803646273015022e-06
stale-vision,4,2006212,117,11.700000000000577,1.8617673442621416,1.164083129477053,1.200064704945782,0.9999452599518214,0.010455601697022998,-0.00039683160527801596,-4.208865502969792e-06
stale-vision,4,2006212,118,11.80000000000061,1.8141801695325497,1.1746547574932626,1.2000562515878328,0.9999466766357443,0.01032413026575837,-0.00023709293905569955,-2.5148400294461554e-06
stale-vision,4,2006212,119,11.900000000000643,1.7665467961450478,1.1832001754040495,1.2000455591340085,0.9999484833611082,0.010150201489505644,-6.350610529559088e-05,-7.19660396611952e-07
stale-vision,4,2006212,120,12.000000000000677,1.7189013575580225,1.1897534545445805,1.2000333142775406,0.999950596437631,0.009939254197367109,0.00012612954051757853,1.1690595396255277e-06
stale-vision,5,2006213,0,0.0,-1.6,0.18311754723879484,1.2,1.0,0.0,0.0,0.0
stale-vision,5,2006213,1,0.10000000000000007,-1.5996573649012331,0.18280300298059005,1.200076521656281,0.9997616024621809,0.014758238470240935,0.01606474414447057,0.0009255458275185798
stale-vision,5,2006213,2,0.20000000000000015,-1.5961249999934495,0.1795511319245495,1.20065047793565,0.9988209794868744,0.033163818815942506,0.03538297862146203,0.002203833545492373
stale-vision,5,2006213,3,0.3000000000000002,-1.5857196886789449,0.16988008836168492,1.2016971426478,0.9979385264519985,0.044226418218347954,0.046412033841526236,0.0029401477993598827
stale-vision,5,2006213,4,0.4000000000000003,-1.5662654924676356,0.1516347598704548,1.2026870517702302,0.9976200032162823,0.04785480408469125,0.0495486092292106,0.003030219828684868
stale-vision,5,2006213,5,0.5000000000000003,-1.53714683387855,0.12411062205645969,1.2031262423312425,0.9978570397876664,0.04574225831784899,0.04671208154697913,0.0026373069081078422
stale-vision,5,2006213,6,0.6000000000000004,-1.498911457244463,0.087706785299332,1.2028304645217176,0.9983965422788703,0.039893343478218574,0.0401098712656273,0.0020158717168587614
stale-vision,5,2006213,7,0.7000000000000005,-1.4528319307096151,0.04353544527235577,1.201911436493118,0.9989799951711249,0.03211276573993299,0.03171477388172755,0.0013829830305631583
stale-vision,5,2006213,8,0.8000000000000006,-1.400529138700316,-0.006915231350986305,1.200634615168474,0.9994510098100754,0.023800181737510067,0.023032230032589984,0.0008641288140269807
stale-vision,5,2006213,9,0.9000000000000007,-1.3436869898904165,-0.06204273746545573,1.199282157147822,0.999759209893843,0.01593194441937637,0.015081306138435871,0.0004995844421661097
stale-vision,5,2006213,10,1.0000000000000007,-1.283855829769444,-0.12031821771153627,1.1980704930360828,0.9999227890478624,0.009104197190465757,0.008453046814304263,0.0002748377994918421
stale-vision,5,2006213,11,1.1000000000000008,-1.2223345841902706,-0.18040630520718529,1.1971239337791872,0.9999877268523779,0.003601882284755122,0.003398456366839451,0.00015193071624147562
stale-vision,5,2006213,12,1.2000000000000008,-1.160118017526146,-0.2412256315315776,1.1964851183797363,0.9999998556712573,-0.000523672411400036,-7.801370060623737e-05,9.13155582655682e-05
stale-vision,5,2006213,13,1.300000000000001,-1.0978930681879513,-0.30196248388367153,1.1961408750646672,0.9999920127688,-0.0033796219493437652,-0.002132752399932733,6.26201528760515e-05
stale-vision,5,2006213,14,1.400000000000001,-1.036067997217147,-0.362051760779296,1.1960484432896064,0.9999821213481435,-0.0051657570160422665,-0.003011597968410018,4.707648095988979e-05
stale-vision,5,2006213,15,1.500000000000001,-0.9748199960952548,-0.4211386018723098,1.1961548996638205,0.999976777660155,-0.006121564980701539,-0.0029948834678725604,3.5434628067515645e-05
stale-vision,5,2006213,16,1.6000000000000012,-0.9141499947864073,-0.4790316665973155,1.1964084971800646,0.999976175717618,-0.006487325178433776,-0.002358391566597289,2.446251753106077e-05
stale-vision,5,2006213,17,1.7000000000000013,-0.8539367142566768,-0.5356560569938597,1.196763653638035,0.9999781047434632,-0.006478584849307724,-0.0013482508541568642,1.3843942060117636e-05
stale-vision,5,2006213,18,1.8000000000000014,-0.7939849289116839,-0.5910110328483781,1.1971821278873502,0.9999803154472511,-0.006272220816949346,-0.00016717296465871014,4.151853135878643e-06
stale-vision,5,2006213,19,1.9000000000000015,-0.7340688922314227,-0.6451323513416598,1.197633116882075,0.9999807875775759,-0.006139043591703275,0.0008582584588679661,-3.4534771148617974e-06
stale-vision,5,2006213,20,2.0000000000000013,-0.6739909323253491,-0.698043694613668,1.198091623416235,0.9999793246208792,-0.006251626184781952,0.0015057984354525605,-8.478621090707826e-06
stale-vision,5,2006213,21,2.0999999999999903,-0.6136235482973406,-0.7497237464969551,1.1985369471890714,0.9999766815418958,-0.0065910242567714565,0.0017873567679595676,-1.1291063660316059e-05
stale-vision,5,2006213,22,2.1999999999999793,-0.5529098587330384,-0.8001074557590905,1.1989528686340747,0.9999733385926269,-0.007076093360336145,0.001803012193267647,-1.2397645086374922e-05
stale-vision,5,2006213,23,2.2999999999999683,-0.49184524302022475,-0.8491009161364814,1.1993277932133262,0.9999694743473112,-0.007637405080260585,0.001649323504239519,-1.2213895179156306e-05
stale-vision,5,2006213,24,2.3999999999999573,-0.4304586184688358,-0.8965948712740225,1.1996543936475754,0.9999651786349338,-0.008226380950335219,0.0014028723435973065,-1.1101865221745511e-05
stale-vision,5,2006213,25,2.4999999999999463,-0.3687974249135767,-0.9424743052705176,1.19992901510189,0.9999605477112526,-0.008811912468243545,0.0011194335390843193,-9.392263284866987e-06
stale-vision,5,2006213,26,2.5999999999999353,-0.30691664356183984,-0.9866246299697079,1.2001510147739203,0.9999557010192558,-0.009375276987787935,0.0008367353604611466,-7.3773960032526546e-06
stale-vision,5,2006213,27,2.6999999999999242,-0.24487134483682163,-1.02893543280519,1.200322116675478,0.9999507700457198,-0.009905724713403235,0.0005779920619808749,-5.296096320773599e-06
stale-vision,5,2006213,28,2.7999999999999132,-0.18271208216791945,-1.0693026456139367,1.2004458143816985,0.999945885024709,-0.01039714910711721,0.0003553892876941471,-3.3242384588785737e-06
stale-vision,5,2006213,29,2.899999999999902,-0.12048245360618245,-1.1076297869662879,1.2005268343622955,0.9999411672689655,-0.01084582926131043,0.00017316448000280883,-1.5739917628430263e-06
stale-vision,5,2006213,30,2.999999999999891,-0.05821822900774538,-1.1438287239066085,1.2005706655200195,0.9999367271156329,-0.011249037956044775,3.017169601194595e-05,-1.0036831197141159e-07
stale-vision,5,2006213,31,3.09999999999988,0.004052459142031221,-1.17782022849384,1.2005831581393684,0.9999326646900054,-0.011604309005051789,-7.808506747165654e-05,1.08797529515887e-06
stale-vision,5,2006213,32,3.199999999999869,0.06630825959852014,-1.2095344752116308,1.2005701941794071,0.999929070710532,-0.01190918133823852,-0.0001579359282660966,2.0167061866968903e-06
stale-vision,5,2006213,33,3.299999999999858,0.1285333795460631,-1.238911532274889,1.2005374284772918,0.9999260262000519,-0.01216121988387492,-0.0002164514581928142,2.7340668162991133e-06
stale-vision,5,2006213,34,3.399999999999847,0.19071621018154275,-1.2659018440654142,1.2004900979327817,0.9999236006323274,-0.012358192366280125,-0.0002607086999595351,3.3006427625652426e-06
stale-vision,5,2006213,35,3.499999999999836,0.25284794643269504,-1.2904666709064947,1.2004328934916533,0.9999218486508414,-0.012498326983171094,-0.00029731970984846066,3.780830774353245e-06
stale-vision,5,2006213,36,3.599999999999825,0.31492129399784163,-1.3125784373818725,1.2003698871452064,0.9999208066334329,-0.01258054478671546,-0.00033216933664776744,4.236323768942378e-06
stale-vision,5,2006213,37,3.699999999999814,0.37692931650392725,-1.332220943804045,1.2003045046989784,0.9999204898315385,-0.012604636947051256,-0.00037029744410570356,4.7214394749415195e-06
stale-vision,5,2006213,38,3.799999999999803,0.43886444702071226,-1.349389405944124,1.2002395348877606,0.9999208903766584,-0.012571396832560366,-0.000415863139221139,5.2799421385909844e-06
stale-vision,5,2006213,39,3.899999999999792,0.5007176709824568,-1.3640902983696739,1.2001771650702109,0.9999219771012047,-0.012482656553425153,-0.00047218646826949895,5.943542585320728e-06
stale-vision,5,2006213,40,3.999999999999781,0.5624778735375252,-1.376340993509097,1.2001190347165938,0.9999236968812902,-0.012341264365540503,-0.0005418152840418735,6.73149514845002e-06
stale-vision,5,2006213,41,4.0999999999997705,0.6241313380148859,-1.3861692017152518,1.2000662991266349,0.9999259776137401,-0.012150991194802577,-0.0006266160291545426,7.651270145400145e-06
stale-vision,5,2006213,42,4.1999999999997595,0.685661378328627,-1.3936122301465586,1.2000196972698445,0.9999287322497997,-0.011916398764463591,-0.0007278640704908097,8.699884761944018e-06
stale-vision,5,2006213,43,4.2999999999997485,0.7470480869646476,-1.3987160868927835,1.1999796192060062,0.9999318635957373,-0.011642669455875004,-0.0008463548654952354,9.865993880119571e-06
stale-vision,5,2006213,44,4.3999999999997375,0.8082681778809476,-1.401534463576962,1.1999461698272864,0.9999352693999229,-0.011335413682793317,-0.000982488077361555,1.1131957053106757e-05
stale-vision,5,2006213,45,4.499999999999726,0.8692949067827795,-1.4021276343397215,1.199919227022796,0.9999388472619231,-0.011000466823728324,-0.001136358439583539,1.2476121982645426e-05
stale-vision,5,2006213,46,4.599999999999715,0.9300980513643377,-1.4005613105344263,1.1998984935070107,0.999942498762014,-0.010643707925488353,-0.0013078450447541496,1.38750430816735e-05
stale-vision,5,2006213,47,4.699999999999704,0.99064393427191,-1.396905487332395,1.1998835420386165,0.9999461328980221,-0.010270882606244291,-0.0014966758264105626,1.530525159635122e-05
stale-vision,5,2006213,48,4.799999999999693,1.050895475497351,-1.3912333165435549,1.199873854238588,0.9999496685375979,-0.009887447504848391,-0.001702496108354485,1.6744804435359953e-05
stale-vision,5,2006213,49,4.899999999999682,1.110812261256057,-1.3836200359596194,1.1998688536983508,0.9999530357545572,-0.009498454032435679,-0.0019249223182197233,1.8174380565678244e-05
stale-vision,5,2006213,50,4.999999999999671,1.1703506185053418,-1.3741419784374473,1.199867933893494,0.9999561763495539,-0.009108451219325965,-0.0021635881004956276,1.9577981217702568e-05
stale-vision,5,2006213,51,5.09999999999966,1.2294636863418567,-1.3628756793098804,1.1998704815091314,0.9999590435393367,-0.008721424155718907,-0.0024181740990844463,2.0943194202234486e-05
stale-vision,5,2006213,52,5.199999999999649,1.2881014779671582,-1.3498970944843374,1.199875895728276,0.999961601045776,-0.008340757201745153,-0.0026884396418027506,2.2261232453082268e-05
stale-vision,5,2006213,53,5.299999999999638,1.346210927521661,-1.3352809359281521,1.1998836039760405,0.9999638216428888,-0.007969238427178576,-0.0029742378411218803,2.3526678268803764e-05
stale-vision,5,2006213,54,5.399999999999627,1.4037359185095697,-1.3191001245664127,1.1998930743245173,0.9999656856430128,-0.007609065181668633,-0.003275523109457433,2.4737024492242738e-05
stale-vision,5,2006213,55,5.499999999999616,1.460617292418509,-1.3014253584857776,1.1999038248869873,0.9999671791390535,-0.007261884971105553,-0.0035923531211793877,2.589214567809112e-05
stale-vision,5,2006213,56,5.599999999999605,1.5167928370629353,-1.2823247892062837,1.1999154304725763,0.9999682923232742,-0.006928843778171566,-0.003924887681005884,2.699375007107742e-05
stale-vision,5,2006213,57,5.699999999999594,1.5721972552455037,-1.2618637962938988,1.1999275265837137,0.9999690180087721,-0.006610639376262113,-0.004273369057431979,2.8044725628898153e-05
stale-vision,5,2006213,58,5.799999999999583,1.6267621170889996,-1.2401048499374845,1.1999398110257058,0.999969350324391,-0.0063075790550584975,-0.004638104619253863,2.904857601771066e-05
stale-vision,5,2006213,59,5.899999999999572,1.6804157996418119,-1.2171074499215266,1.1999520434446063,0.9999692835592041,-0.0060196486674970375,-0.005019448921196617,3.0008972365998312e-05
stale-vision,5,2006213,60,5.999999999999561,1.7330834174564644,-1.1929281279854376,1.1999640429692375,0.9999688113750799,-0.005746568909571242,-0.005417773182471387,3.092929859408654e-05
stale-vision,5,2006213,61,6.09999999999955,1.7846867499537524,-1.1676205021094017,1.199975684220039,0.9999679262667017,-0.005487851630840594,-0.005833430408410698,3.181227181536242e-05
stale-vision,5,2006213,62,6.199999999999539,1.835144172440414,-1.1412353721153263,1.1999868919683663,0.9999666193478731,-0.0052428405899316135,-0.0062667173133392085,3.265959206878119e-05
stale-vision,5,2006213,63,6.299999999999528,1.8843705985646044,-1.1138208479700649,1.19999763470016,0.999964880428538,-0.005010759638808582,-0.0067178178771920135,3.3471624103231136e-05
stale-vision,5,2006213,64,6.399999999999517,1.9322774445227258,-1.085422501953272,1.2000079174233358,0.9999626983153435,-0.004790746354017561,-0.007186762441902439,3.424722358328589e-05
stale-vision,5,2006213,65,6.499999999999506,1.9787726241279173,-1.0560835378065518,1.2000177738288818,0.999960061571492,-0.004581876552937611,-0.00767335945652923,3.498345138954946e-05
stale-vision,5,2006213,66,6.599999999999495,2.0237605871948774,-1.0258449720617515,1.2000272580242888,0.9999569595346987,-0.004383184714849005,-0.00817713257463085,3.567538002014985e-05
stale-vision,5,2006213,67,6.699999999999484,2.0671424142991546,-0.9947458237713308,1.2000364359539444,0.9999533838098996,-0.0041936680815671855,-0.008697243029618251,3.6315797958949006e-05
stale-vision,5,2006213,68,6.799999999999473,2.108815982868978,-0.9628233112621704,1.2000453765729935,0.999949330142642,-0.004012300377477992,-0.00923240118938268,3.6894977055745944e-05
stale-vision,5,2006213,69,6.899999999999462,2.1486762221257303,-0.9301130538951644,1.2000541428086475,0.9999448008349747,-0.0038380293608123086,-0.009780767604750155,3.740039173668977e-05
stale-vision,5,2006213,70,6.999999999999451,2.1866154758970406,-0.8966492789126876,1.2000627823998524,0.9999398075032151,-0.003669769341155977,-0.010339861378810546,3.781644712559457e-05
stale-vision,5,2006213,71,7.09999999999944,2.2225239915760766,-0.8624650348540098,1.2000713187866376,0.999934374181748,-0.0035063947629775365,-0.010906469275781533,3.8124264829541336e-05
stale-vision,5,2006213,72,7.199999999999429,2.256290553490094,-0.8275924129185962,1.200079741938173,0.999928540996758,-0.003346727440907713,-0.011476534691872306,3.830141443017693e-05
stale-vision,5,2006213,73,7.299999999999418,2.287803281586878,-0.7920627786179758,1.200087999429088,0.9999223678685264,-0.0031895249023579687,-0.012045069470026981,3.83218039354104e-05
stale-vision,5,2006213,74,7.399999999999407,2.3169506130160094,-0.7559070160514658,1.2000959882745554,0.9999159380391782,-0.0030334693347813598,-0.01260608833711419,3.8155757371343236e-05
stale-vision,5,2006213,75,7.499999999999396,2.3436224794609326,-0.719155787067058,1.2001035479768538,0.9999093612046766,-0.0028771517881500167,-0.013152564246230554,3.777024506326885e-05
stale-vision,5,2006213,76,7.599999999999385,2.3677116885420695,-0.6818398082148409,1.2001104556597009,0.999902775577803,-0.002719060106288467,-0.013676429554119083,3.7129433516855006e-05
stale-vision,5,2006213,77,7.699999999999374,2.389115508902296,-0.6439901478497774,1.2001164244222606,0.9998963482855748,-0.002557572793213302,-0.014168634247943573,3.619567585877325e-05
stale-vision,5,2006213,78,7.799999999999363,2.407737447395833,-0.6056385446163428,1.2001211060984605,0.9998902735615739,-0.0023909564534409116,-0.014619266193122817,3.493097304391759e-05
stale-vision,5,2006213,79,7.899999999999352,2.4234891937490577,-0.5668177476988067,1.2001241000702179,0.9998847676251112,-0.002217371682323151,-0.015017776975013174,3.329906485780665e-05
stale-vision,5,2006213,80,7.999999999999341,2.4362926892393584,-0.5275618778677712,1.2001249691675888,0.9998800604869007,-0.002034879237740611,-0.01535327097117187,3.126795008888646e-05
stale-vision,5,2006213,81,8.099999999999374,2.446082261020051,-0.48790680778856965,1.2001232636898265,0.9998763837553527,-0.0018414593419877317,-0.015614909721838122,2.8812978604387068e-05
stale-vision,5,2006213,82,8.199999999999408,2.452806743586354,-0.44789055779116094,1.2001185538047396,0.9998739552125212,-0.0016350480851635614,-0.015792391635262592,2.592039349442189e-05
stale-vision,5,2006213,83,8.299999999999441,2.4564314929712228,-0.40755370039801514,1.2001104690523046,0.9998729611678548,-0.0014135691502453805,-0.015876486933110563,2.2590823768459817e-05
stale-vision,5,2006213,84,8.399999999999475,2.4569401887383955,-0.36693976677435725,1.200098742805248,0.9998735378504937,-0.0011749865546503587,-0.015859614052404485,1.884258663223419e-05
stale-vision,5,2006213,85,8.499999999999508,2.4543363117200134,-0.3260956451759582,1.2000832576577039,0.999875754393285,-0.0009173659975507392,-0.015736390932300278,1.4714327264996754e-05
stale-vision,5,2006213,86,8.599999999999541,2.4486441898096185,-0.28507195939694396,1.2000640864807512,0.999879599675671,-0.0006389377025489236,-0.015504122214217476,1.0266406978022725e-05
stale-vision,5,2006213,87,8.699999999999575,2.439909517277908,-0.24392341464913622,1.2000415233143937,0.9998849752927531,-0.0003381743265499718,-0.015163172187537148,5.580781500240139e-06
stale-vision,5,2006213,88,8.799999999999608,2.4281992755747326,-0.20270909616561086,1.2000160982208183,0.9998916964721737,-1.385844403337036e-05,-0.014717171377848276,7.588882854148391e-07
stale-vision,5,2006213,89,8.899999999999642,2.4136010162924855,-0.16149270673911348,1.1999885713259852,0.9998995017602428,0.00033484103514434875,-0.01417301112793513,-4.082403019604094e-06
stale-vision,5,2006213,90,8.999999999999675,2.39622150719529,-0.1203427286799246,1.1999599039651998,0.9999080703126744,0.0007083010110947083,-0.013540648268332685,-8.816642762671887e-06
stale-vision,5,2006213,91,9.099999999999708,2.3761847805052816,-0.07933249678150754,1.1999312076524649,0.9999170452398526,0.0011063896141878186,-0.012832706788913103,-1.3315122453533803e-05
stale-vision,5,2006213,92,9.199999999999742,2.353629661500204,-0.038540171476960185,1.1999036744548537,0.9999260603200871,0.0015284199398516959,-0.012063893258951547,-1.745488027736101e-05
stale-vision,5,2006213,93,9.299999999999775,2.3287068908429696,0.0019513971812777872,1.1998784956391002,0.999934766387669,0.001973101392504446,-0.011250306387077923,-2.1126527886038613e-05
stale-vision,5,2006213,94,9.399999999999809,2.301575975924913,0.042054923406732066,1.199856777032898,0.9999428546521132,0.0024385289471859565,-0.010408670381881277,-2.4241273727379488e-05
stale-vision,5,2006213,95,9.499999999999842,2.272401919751658,0.08167906037521191,1.1998394602027362,0.9999500742288212,0.002922179652403326,-0.00955558480777064,-2.6736400114134332e-05
stale-vision,5,2006213,96,9.599999999999875,2.241351974587286,0.12072889621541434,1.1998272574395459,0.9999562430499208,0.0034209138837392418,-0.008706808655444674,-2.8578404827012105e-05
stale-vision,5,2006213,97,9.699999999999909,2.2085925589292814,0.15910657041596962,1.199820606710949,0.9999612514757636,0.003931013276906949,-0.00787666145987435,-2.9763868155178087e-05
stale-vision,5,2006213,98,9.799999999999942,2.1742864551985783,0.1967120040890374,1.1998196500081006,0.9999650596745545,0.004448213060052742,-0.007077563949709798,-3.0317898346017456e-05
stale-vision,5,2006213,99,9.899999999999975,2.1385903784923523,0.23344373678024763,1.199824235187584,0.9999676903977752,0.004967760043134092,-0.006319699612316566,-3.0290308021892907e-05
stale-vision,5,2006213,100,10.000000000000009,2.1016529815628298,0.26919985844184896,1.1998339393421715,0.999969218366721,0.005484503780351638,-0.005610851294484363,-2.9750359189611066e-05
stale-vision,5,2006213,101,10.100000000000042,2.0636133288252685,0.303879019477987,1.199848109474324,0.9999697583773922,0.0059929758308015415,-0.00495638406867343,-2.878045127684368e-05
stale-vision,5,2006213,102,10.200000000000076,2.0245998436762673,0.33738150216784557,1.1998659149434192,0.9999694534959771,0.006487503479842015,-0.004359314051230253,-2.7469229187922642e-05
stale-vision,5,2006213,103,10.300000000000109,1.9847297147388698,0.36961033193608794,1.199886406244241,0.9999684640388729,0.0069623335030847755,-0.0038204932738363016,-2.5905090322539717e-05
stale-vision,5,2006213,104,10.400000000000142,1.9441087261958945,0.4004724039067735,1.1999085748996925,0.999966958053622,0.007411769337292489,-0.003338845919239115,-2.4170308522806756e-05
stale-vision,5,2006213,105,10.500000000000176,1.902831465062035,0.4298795979610804,1.1999314102526142,0.9999651032435435,0.007830323687781719,-0.0029116708523516193,-2.233654172696075e-05
stale-vision,5,2006213,106,10.60000000000021,1.860981847719385,0.4577498527694877,1.19995394987186,0.9999630605651311,0.008212866525798721,-0.0025349378632822817,-2.0461529160026685e-05
stale-vision,5,2006213,107,10.700000000000243,1.818633906749602,0.4840081695412728,1.199975321532462,0.999960979036256,0.00855477834150124,-0.0022035940843533365,-1.8587395175393148e-05
stale-vision,5,2006213,108,10.800000000000276,1.7758527784577542,0.5085875155831862,1.1999947758971177,0.999958991515734,0.008852105381152765,-0.0019118673889460137,-1.674053484392361e-05
stale-vision,5,2006213,109,10.90000000000031,1.7326958317449555,0.5314295979002849,1.2000117095057838,0.9999572115541935,0.009101682244386561,-0.0016535471251523022,-1.493281691845053e-05
stale-vision,5,2006213,110,11.000000000000343,1.689213883324138,0.552485482370723,1.200025678398349,0.9999557310590235,0.009301235699929132,-0.0014222388619275176,-1.3163874712256661e-05
stale-vision,5,2006213,111,11.100000000000376,1.645452449447288,0.5717160382593652,1.200036403173315,0.9999546187128027,0.009449468050342703,-0.0012115849079420541,-1.1424123549851166e-05
stale-vision,5,2006213,112,11.20000000000041,1.6014529907058368,0.5890921921547495,1.2000437662992949,0.9999539193520726,0.009546094687567445,-0.0010154578230675822,-9.698207121891425e-06
stale-vision,5,2006213,113,11.300000000000443,1.557254112343973,0.6045949837266626,1.2000478026532193,0.9999536542901608,0.009591842486493066,-0.0008281098804743382,-7.96834185145459e-06
stale-vision,5,2006213,114,11.400000000000476,1.5128926901161512,0.6182154236170918,1.200048684417068,0.9999538225342829,0.009588411317203517,-0.0006443049217325482,-6.2175031667031754e-06
stale-vision,5,2006213,115,11.50000000000051,1.4684048964409881,0.6299541609412779,1.2000467014671259,0.999954402879483,0.009538400500608078,-0.0004594106920494684,-4.431953715072729e-06
stale-vision,5,2006213,116,11.600000000000543,1.4238271086488903,0.6398209749550756,1.2000422383639062,0.9999553568437143,0.009445195102220753,-0.00026944807736956305,-2.602908044533981e-06
stale-vision,5,2006213,117,11.700000000000577,1.3791966893728242,0.6478341128909226,1.200035749166907,0.9999566321693864,0.009312825702583146,-7.111514389516222e-05,-7.274235523895707e-07
stale-vision,5,2006213,118,11.80000000000061,1.3345526342254617,0.6540195017277513,1.2000277312495535,0.999958166797758,0.009145794249400489,0.0001382049031038933,1.1913858410221666e-06
stale-vision,5,2006213,119,11.900000000000643,1.289936085773119,0.658409866918313,1.2000186995608522,0.999959892650827,0.008948918142869595,0.00036047735944691537,3.144982306254952e-06
stale-vision,5,2006213,120,12.000000000000677,1.2453907194748457,0.6610437896969301,1.2000091624685698,0.9999617393879818,0.008727156671083343,0.0005970514056590371,5.120359190656789e-06
stale-vision,6,2006214,0,0.0,-1.6,-0.1386161354173556,1.2,1.0,0.0,0.0,0.0
stale-vision,6,2006214,1,0.10000000000000007,-1.5996283122667418,-0.13890449107481495,1.200078304298421,0.9997561751095638,0.01352960839350922,0.017426774554560657,0.0009206278495565056
stale-vision,6,2006214,2,0.20000000000000015,-1.5957873125447222,-0.14188986273963056,1.2006753351921202,0.9987766734521251,0.030591076836009694,0.03878647706047227,0.002225260245091424
stale-vision,6,2006214,3,0.3000000000000002,-1.584418655965418,-0.1507918131632386,1.2017584794344458,0.9978680310845832,0.0407699790058098,0.050875991345961144,0.0029723485343746787
stale-vision,6,2006214,4,0.4000000000000003,-1.5631431371135258,-0.16759061340635104,1.2027538600821475,0.997572613675671,0.04398093688645235,0.05390108057390626,0.003038280409309278
stale-vision,6,2006214,5,0.5000000000000003,-1.5313628552059377,-0.19291265936894775,1.2031611281370134,0.9978447774372178,0.04203653510535941,0.05031758685491523,0.0026211277543291287
stale-vision,6,2006214,6,0.6000000000000004,-1.4897666944421897,-0.22639292931893287,1.2028161239833295,0.9984067578087449,0.03681168591443344,0.04271869485521232,0.001989686365855501
stale-vision,6,2006214,7,0.7000000000000005,-1.4398173162994257,-0.26703982055701586,1.2018498913215268,0.9989978050560311,0.02987898859808937,0.03329846437163621,0.0013578674743138675
stale-vision,6,2006214,8,0.8000000000000006,-1.3833325756081924,-0.31352869684275475,1.2005391031353214,0.9994667585265063,0.022442480450993164,0.023702732993512474,0.0008450564252570708
stale-vision,6,2006214,9,0.9000000000000007,-1.3221734878247686,-0.36442654653998974,1.1991689069954778,0.9997691715370853,0.015345944166065925,0.01502891296581823,0.0004872543150855226
stale-vision,6,2006214,10,1.0000000000000007,-1.258031856085428,-0.41835458105235607,1.1979534150774669,0.9999272587257466,0.009112650678073621,0.00789715202369411,0.0002680387061989847
stale-vision,6,2006214,11,1.1000000000000008,-1.1923058955685426,-0.4740936942836277,1.1970125415936872,0.9999887247839607,0.00400211674009176,0.0025516943278274364,0.00014907248085308596
stale-vision,6,2006214,12,1.2000000000000008,-1.1260482094341473,-0.5306396226024974,1.19638470848795,0.9999994598126214,7.368724242505616e-05,-0.001032788373285869,9.10649893215117e-05
stale-vision,6,2006214,13,1.300000000000001,-1.0599676821825321,-0.5872178439778025,1.196053742221545,0.9999915486378621,-0.0027511083553854597,-0.003054498512226722,6.398833137264293e-05
stale-vision,6,2006214,14,1.400000000000001,-0.9944667544343493,-0.6432699619489561,1.1959752094188425,0.9999820284306639,-0.004633102509881227,-0.003804569149548093,4.929923670620551e-05
stale-vision,6,2006214,15,1.500000000000001,-0.9296979149506497,-0.6984228867518989,1.196095480908609,0.9999768491125463,-0.005770277597979128,-0.003606064683917871,3.785342780436158e-05
stale-vision,6,2006214,16,1.6000000000000012,-0.8656268959127636,-0.7524502192672095,1.196362597988955,0.9999759087362625,-0.006364119804729822,-0.002771141439835646,2.6482434584342286e-05
stale-vision,6,2006214,17,1.7000000000000013,-0.8020938568806248,-0.8052327664214233,1.1967308862855595,0.9999769988392996,-0.006597276155380094,-0.0015740126429710061,1.4962541231479691e-05
stale-vision,6,2006214,18,1.8000000000000014,-0.7388671509690776,-0.856722698538393,1.1971619277813692,0.9999780517527648,-0.0066211762631794005,-0.00023668859401272386,4.0183680929226105e-06
stale-vision,6,2006214,19,1.9000000000000015,-0.6756868698112773,-0.9069138033225749,1.197623992497312,0.9999779593881329,-0.006551624243218035,0.0010756047306031836,-5.6732839293359434e-06
stale-vision,6,2006214,20,2.0000000000000013,-0.6122972822806242,-0.9558187013848961,1.1980911729003436,0.9999765324840038,-0.00647009159672504,0.002252155783450048,-1.3795888115762175e-05
stale-vision,6,2006214,21,2.0999999999999903,-0.5484686170963144,-1.0034527735476686,1.198542725398771,0.9999741198386016,-0.0064285184246031975,0.003230075753815637,-2.0359380646311803e-05
stale-vision,6,2006214,22,2.1999999999999793,-0.4840116909493881,-1.0498225501238119,1.1989626965442954,0.9999712238648711,-0.006517769496456441,0.0038819445319647123,-2.50924809999003e-05
stale-vision,6,2006214,23,2.2999999999999683,-0.4188015421508135,-1.094908872875931,1.1993394768936032,0.9999684158688061,-0.006833694030271199,0.004057972472710482,-2.7388729104633723e-05
stale-vision,6,2006214,24,2.3999999999999573,-0.3528025051400024,-1.1386505134026066,1.1996656537923125,0.9999657416223142,-0.00734956205680463,0.0038077257022442576,-2.7281568977426326e-05
stale-vision,6,2006214,25,2.4999999999999463,-0.28606107746905984,-1.1809476582772103,1.1999379630431173,0.9999627313327756,-0.007983391186033004,0.0032864536721192977,-2.5158019077051162e-05
stale-vision,6,2006214,26,2.5999999999999353,-0.2186772172418726,-1.2216769734817627,1.2001566482128674,0.9999589418451605,-0.008670758323186813,0.0026328904285758317,-2.1494122235125014e-05
stale-vision,6,2006214,27,2.6999999999999242,-0.15077741573147757,-1.260704199337141,1.2003244925768952,0.9999542006045186,-0.009369849596450049,0.0019499560070476345,-1.6837103413924276e-05
stale-vision,6,2006214,28,2.7999999999999132,-0.08249449085404766,-1.2978924750869572,1.2004459066014568,0.9999485949826203,-0.010054885441975627,0.0013063434323382253,-1.1741759679463809e-05
stale-vision,6,2006214,29,2.899999999999902,-0.013954022266788931,-1.3331075150010536,1.2005262113235908,0.9999423761444628,-0.01070948265991923,0.0007425138851494732,-6.697265579155993e-06
stale-vision,6,2006214,30,2.999999999999891,0.054733691955378375,-1.3662209085226613,1.2005711216940538,0.9999358657680317,-0.0113219890720018,0.00027732628795916833,-2.0788402062955207e-06
stale-vision,6,2006214,31,3.09999999999988,0.12347743758466924,-1.3971124612123769,1.2005863867428248,0.9999293943138756,-0.011882719250919355,-8.583002659524427e-05,1.8697823276386461e-06
stale-vision,6,2006214,32,3.199999999999869,0.1922058391493046,-1.4256721254114026,1.2005775413132624,0.9999232693011322,-0.01238266118305285,-0.00035381754775341097,5.03046252870965e-06
stale-vision,6,2006214,33,3.299999999999858,0.26086608712908027,-1.451801782129313,1.2005497371482292,0.9999177623010711,-0.012813174771705063,-0.0005395669244829803,7.390813159687896e-06
stale-vision,6,2006214,34,3.399999999999847,0.3294214570184613,-1.4754169396713885,1.2005076342081442,0.9999131037580188,-0.013166270590615547,-0.0006589160883238013,9.018187972376866e-06
stale-vision,6,2006214,35,3.499999999999836,0.3978482416207601,-1.4964482991599912,1.2004553413453798,0.999909478952005,-0.01343515110680162,-0.0007283653018067041,1.0032586903019651e-05
stale-vision,6,2006214,36,3.599999999999825,0.46613253948327976,-1.5148430841212603,1.2003963984677053,0.9999070229013681,-0.013614784835782679,-0.0007635931042499709,1.05815205725381e-05
stale-vision,6,2006214,37,3.699999999999814,0.5342671933668665,-1.530566023187922,1.200333792353946,0.9999058147321531,-0.013702385283172656,-0.0007785790486545305,1.0818778801296584e-05
stale-vision,6,2006214,38,3.799999999999803,0.6022490541460386,-1.5435998936166622,1.2002699968646304,0.9999058738426038,-0.013697695233304762,-0.0007851635558552235,1.088783788118801e-05
stale-vision,6,2006214,39,3.899999999999792,0.670076658705953,-1.553945569478016,1.200207027853626,0.999907159307775,-0.013603084772426177,-0.000792925400773152,1.0910475642454985e-05
stale-vision,6,2006214,40,3.999999999999781,0.7377483480294278,-1.561621556711668,1.2001465031476966,0.9999095742891085,-0.013423420005522279,-0.000809271127482405,1.09804314968998e-05
stale-vision,6,2006214,41,4.0999999999997705,0.8052608097456024,-1.5666630394163825,1.2000896998971833,0.9999129747866051,-0.013165778827116168,-0.0008396408173007955,1.1161367327442462e-05
stale-vision,6,2006214,42,4.1999999999997595,0.8726080057821798,-1.5691204933910459,1.2000376043605245,0.999917181842956,-0.012839049106228649,-0.0008877732299867236,1.148831900433923e-05
stale-vision,6,2006214,43,4.2999999999997485,0.9397804333227704,-1.569057945920183,1.199990951318683,0.9999219960262481,-0.012453423518673717,-0.0009560137151254758,1.1971893088077051e-05
stale-vision,6,2006214,44,4.3999999999997375,1.0067646600197264,-1.5665509796681283,1.199950253330639,0.9999272119130875,-0.01201987703058791,-0.0010455969762406395,1.2603634150911763e-05
stale-vision,6,2006214,45,4.499999999999726,1.0735430774562822,-1.5616845831881119,1.1999158218902786,0.9999326311070209,-0.011549658917197808,-0.001156913023948414,1.3361970932737865e-05
stale-vision,6,2006214,46,4.599999999999715,1.1400938207283777,-1.5545509476972015,1.1998877832095276,0.9999380728771308,-0.011053810740553916,-0.0012897583993169172,1.421804858900619e-05
stale-vision,6,2006214,47,4.699999999999704,1.2063908055154047,-1.545247303626456,1.1998660919631217,0.999943381383216,-0.010542770447233639,-0.0014435338450261737,1.5140544368809848e-05
stale-vision,6,2006214,48,4.799999999999693,1.2724038430139393,-1.5338738750028906,1.1998505457940938,0.9999484295998919,-0.010026057774592055,-0.0016174198638943588,1.6099536975187388e-05
stale-vision,6,2006214,49,4.899999999999682,1.3380987987250064,-1.5205320134392815,1.1998408022790605,0.9999531203906131,-0.009512032338814062,-0.0018105166408818674,1.7069116689982064e-05
stale-vision,6,2006214,50,4.999999999999671,1.403437767452413,-1.50532255836316,1.1998363994806573,0.9999573848932697,-0.009007763092451333,-0.0020219486751541123,1.8028843040181573e-05
stale-vision,6,2006214,51,5.09999999999966,1.4683792438973853,-1.4883444497343714,1.1998367800959069,0.9999611791716344,-0.008518981881190754,-0.002250941523067863,1.8964262645605216e-05
stale-vision,6,2006214,52,5.199999999999649,1.5328782736803983,-1.4696936026780794,1.1998413181795151,0.9999644799812616,-0.008050092736563767,-0.002496875658334342,1.986668222725635e-05
stale-vision,6,2006214,53,5.299999999999638,1.5968865740356035,-1.4494620418759114,1.1998493472139335,0.9999672800197511,-0.007604246818451086,-0.0027593278869173,2.073250669781993e-05
stale-vision,6,2006214,54,5.399999999999627,1.6603526165740716,-1.4277372815101728,1.199860187968933,0.9999695833201753,-0.007183456893104548,-0.003038077782645034,2.156215435669815e-05
stale-vision,6,2006214,55,5.499999999999616,1.723221670044407,-1.4046019280043425,1.1998731746977627,0.9999714009286642,-0.006788753948769772,-0.003333113358679378,2.2359014426615353e-05
stale-vision,6,2006214,56,5.599999999999605,1.7854358024272055,-1.38013347588724,1.1998876782700925,0.9999727473623532,-0.006420335361835074,-0.003644625015782133,2.3128377576825677e-05
stale-vision,6,2006214,57,5.699999999999594,1.8469338433913274,-1.3544042667457878,1.1999031253154713,0.9999736376153018,-0.006077734849375956,-0.003972989231367271,2.3876501763695046e-05
stale-vision,6,2006214,58,5.799999999999583,1.9076513102849366,-1.3274815788663175,1.1999190128341437,0.9999740848946175,-0.005759978285797562,-0.004318747928903353,2.460985422368006e-05
stale-vision,6,2006214,59,5.899999999999572,1.967520301814649,-1.2994278166823996,1.1999349179776035,0.9999740989997352,-0.005465724649840955,-0.004682578550784903,2.5334487796419344e-05
stale-vision,6,2006214,60,5.999999999999561,2.0264693650136083,-1.270300772412988,1.1999505032127125,0.9999736851698039,-0.005193395172901523,-0.005065267574701683,2.6055648905101775e-05
stale-vision,6,2006214,61,6.09999999999955,2.0844233411888657,-1.2401539348204578,1.199965517162894,0.9999728434840601,-0.004941274253352226,-0.0054676673386291515,2.6777432602984144e-05
stale-vision,6,2006214,62,6.199999999999539,2.1413031985553324,-1.2090368248055288,1.199979791786032,0.9999715684767931,-0.0047076024986115045,-0.005890667226964145,2.750268793767575e-05
stale-vision,6,2006214,63,6.299999999999528,2.197025858198931,-1.1769953401921482,1.1999932364671118,0.9999698492247001,-0.004490637866105722,-0.006335141355307667,2.8232876084789695e-05
stale-vision,6,2006214,64,6.399999999999517,2.2515040229004346,-1.1440720973360539,1.2000058296412064,0.9999676697100376,-0.004288695409112227,-0.006801895855073752,2.8967962150208476e-05
stale-vision,6,2006214,65,6.499999999999506,2.3046460195527114,-1.110306761583255,1.2000176086927086,0.9999650094334622,-0.004100180076522722,-0.007291608163466194,2.970635638505479e-05
stale-vision,6,2006214,66,6.599999999999495,2.356355666889364,-1.0757363603367611,1.2000286586766953,0.9999618443294835,-0.003923603641398785,-0.007804760903026234,3.0444866332945298e-05
stale-vision,6,2006214,67,6.699999999999484,2.4065321817045358,-1.0403955754403027,1.2000391003046205,0.9999581480694406,-0.0037575830885636487,-0.008341565006980923,3.1178563499124334e-05
stale-vision,6,2006214,68,6.799999999999473,2.4550701388802434,-1.004317014883958,1.200049077459491,0.9999538938705249,-0.0036008362773843764,-0.008901858998597273,3.1900578835683984e-05
stale-vision,6,2006214,69,6.899999999999462,2.501859504455234,-0.9675314650881818,1.2000587445006177,0.9999490567637283,-0.00345215917139099,-0.009485009831621,3.2601820378619836e-05
stale-vision,6,2006214,70,6.999999999999451,2.5467857618565817,-0.9300681276353843,1.2000682534468305,0.9999436165097235,-0.0033104090313840354,-0.010089791205223454,3.327062701633112e-05
stale-vision,6,2006214,71,7.09999999999944,2.589730154890961,-0.8919548441242172,1.2000777409894519,0.9999375612515725,-0.0031744832830219796,-0.010714247778024237,3.389238911759638e-05
stale-vision,6,2006214,72,7.199999999999429,2.6305700742682747,-0.8532183133845553,1.200087315259667,0.9999308919885097,-0.003043284550319461,-0.011355548400369366,3.4449010805350845e-05
stale-vision,6,2006214,73,7.299999999999418,2.669179616238524,-0.8138843074674177,1.200097042399181,0.9999236276969541,-0.002915694544128182,-0.01200984093958433,3.4918414367976075e-05
stale-vision,6,2006214,74,7.399999999999407,2.7054303422858514,-0.7739778917402171,1.2001069329233187,0.9999158112374473,-0.0027905512632490836,-0.012672095988540157,3.527409863552344e-05
stale-vision,6,2006214,75,7.499999999999396,2.7391922701792843,-0.7335236537685935,1.2001169279989767,0.9999075157697039,-0.0026666166918061112,-0.013335959039952577,3.548469698632276e-05
stale-vision,6,2006214,76,7.599999999999385,2.770335124996548,-0.692545946867435,1.200126886374506,0.9998988509521348,-0.0025425557696433817,-0.013993641896562945,3.551381566422792e-05
stale-vision,6,2006214,77,7.699999999999374,2.7987298717831037,-0.6510691529723158,1.200136572791848,0.9998899686215663,-0.002416906301651283,-0.014635845257026363,3.532004820219672e-05
stale-vision,6,2006214,78,7.799999999999363,2.8242505441983603,-0.6091179700693682,1.2001456493618994,0.9998810667143989,-0.002288064776182512,-0.015251753033943403,3.485752426414143e-05
stale-vision,6,2006214,79,7.899999999999352,2.8467763701552453,-0.5667177272527125,1.2001536719622123,0.9998723903918936,-0.0021542820013702147,-0.01582911367716491,3.4077179436360165e-05
stale-vision,6,2006214,80,7.999999999999341,2.866194177765051,-0.5238947285747471,1.2001600940450734,0.9998642290501754,-0.002013647843723478,-0.01635443682823248,3.292858354795126e-05
stale-vision,6,2006214,81,8.099999999999374,2.882401042245279,-0.48067662797434046,1.2001642807814699,0.9998569077080127,-0.0018640966423302803,-0.016813336036001453,3.136271284853054e-05
stale-vision,6,2006214,82,8.199999999999408,2.8953071063304416,-0.4370928344693303,1.2001655360151504,0.9998507721637871,-0.001703427626310147,-0.01719101152395172,2.9335728453804763e-05
stale-vision,6,2006214,83,8.299999999999441,2.9048384787768398,-0.39317494372353484,1.2001631436504414,0.9998461676676392,-0.0015293294437974509,-0.017472877062011602,2.6813481414622473e-05
stale-vision,6,2006214,84,8.399999999999475,2.910940087469273,-0.34895719090651595,1.200156423838072,0.9998434116801915,-0.0013394216371447906,-0.01764532527511922,2.377660306562986e-05
stale-vision,6,2006214,85,8.499999999999508,2.9135783375895756,-0.30447691690456224,1.20014480165073,0.9998427632453792,-0.0011313066824889103,-0.017696568084105985,2.022566880658219e-05
stale-vision,6,2006214,86,8.599999999999541,2.9127434104701346,-0.25977503754772735,1.2001278829769146,0.9998443924159515,-0.0009026370712558568,-0.017617489568931333,1.618585132025804e-05
stale-vision,6,2006214,87,8.699999999999575,2.9084510366199936,-0.21489650297153592,1.200105529823507,0.9998483537925051,-0.0006511878326839074,-0.017402449129151096,1.17102830033258e-05
stale-vision,6,2006214,88,8.799999999999608,2.9007435873922565,-0.16989073250256553,1.2000779246992581,0.9998545690968714,-0.00037495117204064697,-0.01704992728349702,6.881555738156897e-06
stale-vision,6,2006214,89,8.899999999999642,2.889690360266116,-0.12481200742418336,1.2000456128572852,0.9998628226116003,-7.221516898565529e-05,-0.0165629327371699,1.8104536440130554e-06
stale-vision,6,2006214,90,8.999999999999675,2.8753869791161435,-0.07971980528027181,1.2000095128921069,0.9998727711189602,0.0002583407746429839,-0.015949132377402735,-3.368177704770892e-06
stale-vision,6,2006214,91,9.099999999999708,2.8579538862579565,-0.03467905795148499,1.1999708889963443,0.9998839687716923,0.0006175697130172712,-0.015220628394667271,-8.50247860740851e-06
stale-vision,6,2006214,92,9.199999999999742,2.8375339695160577,0.010239682322952397,1.199931283784443,0.9998959032935271,0.0010057753542155542,-0.014393429484155625,-1.3432940198968411e-05
stale-vision,6,2006214,93,9.299999999999775,2.8142894284168167,0.05496018430536038,1.1998924167273974,0.9999080388273719,0.0014226523658723118,-0.013486646155677857,-1.8003243671893024e-05
stale-vision,6,2006214,94,9.399999999999809,2.7883980362041276,0.09940059858014903,1.1998560585201343,0.9999198594394957,0.0018672475259613166,-0.012521485455971494,-2.207150747441536e-05
stale-vision,6,2006214,95,9.499999999999842,2.7600489935967203,0.14347364577600666,1.1998238957530578,0.9999309075928866,0.0023379244019210515,-0.011520134489811013,-2.5520432539755945e-05
stale-vision,6,2006214,96,9.599999999999875,2.7294385913757564,0.18708693881222657,1.1997974017094928,0.9999408130382521,0.002832347356319444,-0.010504638495713188,-2.8265287933128354e-05
stale-vision,6,2006214,97,9.699999999999909,2.696765899875316,0.23014344220562158,1.199777728113405,0.9999493094972337,0.0033474915328119722,-0.009495884415573488,-3.0259046273581642e-05
stale-vision,6,2006214,98,9.799999999999942,2.662228684260798,0.2725420665961269,1.1997656286840503,0.9999562393839602,0.003879668210625952,-0.008512725755644518,-3.149402344723587e-05
stale-vision,6,2006214,99,9.899999999999975,2.626019715401398,0.31417839359837196,1.199761420590861,0.9999615478550734,0.004424553151005341,-0.007571335198936551,-3.200008416210061e-05
stale-vision,6,2006214,100,10.000000000000009,2.588323603530172,0.35494552451006084,1.1997649846350698,0.9999652691613715,0.004977252094377605,-0.006684790111551773,-3.1839902691110105e-05
stale-vision,6,2006214,101,10.100000000000042,2.549314236315258,0.39473504082891375,1.1997757998831742,0.9999675088561483,0.005532366021030762,-0.005862865418569019,-3.110178121525284e-05
stale-vision,6,2006214,102,10.200000000000076,2.5091528614980105,0.43343806285312764,1.1997930054774415,0.9999684244876236,0.006084083727650267,-0.005112050415975596,-2.9891128420388353e-05
stale-vision,6,2006214,103,10.300000000000109,2.4679868122455844,0.4709463889202998,1.1998154803302046,0.999968207525796,0.0066262766703926446,-0.00443571787174829,-2.8321314078123158e-05
stale-vision,6,2006214,104,10.400000000000142,2.4259488418580575,0.5071536959080856,1.1998419312545303,0.999967067677104,0.007152622571743815,-0.00383442943459176,-2.6504961801117423e-05
stale-vision,6,2006214,105,10.500000000000176,2.3831570094259016,0.5419567772882843,1.1998709811089174,0.999965220404711,0.007656745339632536,-0.00330630144566708,-2.4546149341486794e-05
stale-vision,6,2006214,106,10.60000000000021,2.3397150440716823,0.5752567912639877,1.1999012503032793,0.9999628774103804,0.008132368475444256,-0.0028474332890859135,-2.253433622073425e-05
stale-vision,6,2006214,107,10.700000000000243,2.295713105031078,0.6069604891953443,1.199931427118414,0.9999602397745438,0.008573475550566687,-0.0024523387047531474,-2.0540116132681437e-05
stale-vision,6,2006214,108,10.800000000000276,2.2512288529583944,0.6369813928345692,1.199960324263675,0.9999574930350197,0.008974478656808817,-0.00211435794401637,-1.8612945360367388e-05
stale-vision,6,2006214,109,10.90000000000031,2.2063287515411236,0.6652408874580055,1.199986920988068,0.9999548034883096,0.009330392596761569,-0.0018260539547643548,-1.6780978919982126e-05
stale-vision,6,2006214,110,11.000000000000343,2.161069522340503,0.6916691973776244,1.2000103910610933,0.9999523155198794,0.009636983612360886,-0.0015795590226713562,-1.505256582182785e-05
stale-vision,6,2006214,111,11.100000000000376,2.1154996845399605,0.7162062139868383,1.2000301179788189,0.9999501493540267,0.009890918303167375,-0.0013668803542201493,-1.3419228925847356e-05
stale-vision,6,2006214,112,11.20000000000041,2.0696611197558523,0.7388021481060664,1.2000456990238533,0.9999483994423097,0.010089872308328564,-0.0011801647815332334,-1.1859719735421221e-05
stale-vision,6,2006214,113,11.300000000000443,2.0235906101010426,0.7594179846958129,1.200056939904329,0.9999471333761072,0.010232613238823253,-0.0010119151144068637,-1.0344601559666564e-05
stale-vision,6,2006214,114,11.400000000000476,1.977321307026814,0.7780257242673508,1.200063841644435,0.9999463916266068,0.010319035619624464,-0.0008551600122222972,-8.840891537537512e-06
stale-vision,6,2006214,115,11.50000000000051,1.930884097453192,0.7946084036738554,1.2000665812391111,0.9999461881192011,0.010350158387122933,-0.0007035863204271222,-7.316395248270884e-06
stale-vision,6,2006214,116,11.600000000000543,1.8843088412761417,0.8091598973020312,1.2000654873859338,0.9999465119432502,0.010328064688277513,-0.0005516333344910755,-5.74334128953087e-06
stale-vision,6,2006214,117,11.700000000000577,1.837625461754142,0.8216845096875043,1.200061012627787,0.9999473299196118,0.010255813043693976,-0.0003945486453708239,-4.10103535641401e-06
stale-vision,6,2006214,118,11.80000000000061,1.790864877816054,0.8321963775837508,1.2000537031288492,0.9999485901585698,0.010137300661562543,-0.00022840650931193844,-2.3773899086671343e-06
stale-vision,6,2006214,119,11.900000000000643,1.744059774462312,0.8407187076465414,1.2000441673073199,0.9999502262226738,0.009977102128657692,-5.0100031544292126e-05,-5.694131041126515e-07
stale-vision,6,2006214,120,12.000000000000677,1.6972452127739852,0.8472828814311472,1.2000330446848462,0.9999521616261999,0.009780291264423509,0.0001426889480532401,1.3172314398044084e-06
stale-vision,7,2006215,0,0.0,-1.6,0.12724948722389254,1.2,1.0,0.0,0.0,0.0
stale-vision,7,2006215,1,0.10000000000000007,-1.5996416450782198,0.12694680904026076,1.2000778486624364,0.999757552820208,0.014201378456511897,0.01680144429345917,0.0009316107222467023
stale-vision,7,2006215,2,0.20000000000000015,-1.5959437530384697,0.12381674028834581,1.2006644510068742,0.9987960722590332,0.03194939114066506,0.03715742602711007,0.0022289317413722214
stale-vision,7,2006215,3,0.3000000000000002,-1.585029549505253,0.11450376998364178,1.201732964318533,0.9978963704410506,0.042599574033955215,0.04877756201603318,0.0029765074288587413
stale-vision,7,2006215,4,0.4000000000000003,-1.56461187525832,0.09693667618707537,1.2027294024552795,0.9975889326438001,0.04599625514832584,0.051878080026626125,0.003054634460317098
stale-vision,7,2006215,5,0.5000000000000003,-1.5340802758916185,0.07045442946521538,1.2031509101751534,0.9978478248247159,0.0438997109852515,0.04863688879928728,0.0026432774960596004
stale-vision,7,2006215,6,0.6000000000000004,-1.4940585615198778,0.03545152938085787,1.2028254684848643,0.9984020153547213,0.03830042127397426,0.041502430221637666,0.002010410795238862
stale-vision,7,2006215,7,0.7000000000000005,-1.445920812271276,-0.0070083236701087735,1.2018770507229999,0.9989908930055914,0.030897774937668432,0.0325674123526534,0.0013736260201200746
stale-vision,7,2006215,8,0.8000000000000006,-1.391391686898549,-0.05550988042512885,1.2005784645918787,0.9994611228092078,0.02299513573784419,0.023408457117682784,0.0008554885876416365
stale-vision,7,2006215,9,0.9000000000000007,-1.332247522880382,-0.10852986016997172,1.1992140972589798,0.9997659668545904,0.015500850669007717,0.01508282470206001,0.0004935046604030635
stale-vision,7,2006215,10,1.0000000000000007,-1.2701120186382722,-0.1646120108713424,1.1979992319419615,0.9999261406717425,0.00897135593987758,0.008194771133362384,0.00027147741248891006
stale-vision,7,2006215,11,1.1000000000000008,-1.2063353545753088,-0.22247919377854466,1.1970556250954714,0.9999887637096645,0.0036749813526878003,0.0029906936031368716,0.000150725729342783
stale-vision,7,2006215,12,1.2000000000000008,-1.1419420362290742,-0.2810904865716211,1.1964233510907456,0.999999792838155,-0.000336824260197434,-0.0005408246171363551,9.155216225008618e-05
stale-vision,7,2006215,13,1.300000000000001,-1.0776301967237798,-0.33965470160843647,1.1960873295397159,0.9999916815762447,-0.0031603195644722593,-0.0025778099295536137,6.367520190401044e-05
stale-vision,7,2006215,14,1.400000000000001,-1.0138049535183071,-0.39761337154044885,1.196003658722729,0.9999818619070768,-0.004978581885704967,-0.003389281706671553,4.8464169023415356e-05
stale-vision,7,2006215,15,1.500000000000001,-0.9506305667659926,-0.45460560492565033,1.1961188611379348,0.999976554497286,-0.006012323245434775,-0.0032773575124881308,3.677857512926304e-05
stale-vision,7,2006215,16,1.6000000000000012,-0.8880895260729821,-0.5104250255053747,1.196380964677118,0.9999757640905719,-0.006483623236380617,-0.002536377893519517,2.5463439616751666e-05
stale-vision,7,2006215,17,1.7000000000000013,-0.8260402434076781,-0.5649762550247502,1.1967442786077411,0.9999772539511975,-0.00659206800726595,-0.00142689032866707,1.4268795837930981e-05
stale-vision,7,2006215,18,1.8000000000000014,-0.7642681419074238,-0.6182357527742959,1.197170446697426,0.9999788505995384,-0.0065017077178743015,-0.00016166512816247064,3.842238368058048e-06
stale-vision,7,2006215,19,1.9000000000000015,-0.7025273878421664,-0.670219596914969,1.1976278883504956,0.9999793194729764,-0.006336597846068852,0.0010991480934757142,-5.250562412949352e-06
stale-vision,7,2006215,20,2.0000000000000013,-0.6405767567556535,-0.7209559515671672,1.1980913625387244,0.9999778925445703,-0.0063293403930290764,0.0020380701161722263,-1.1937783310001338e-05
stale-vision,7,2006215,21,2.0999999999999903,-0.5782342138026592,-0.7704450778422871,1.1985405294987452,0.9999752037857785,-0.006581844537074456,0.002504172895741337,-1.5943331793961378e-05
stale-vision,7,2006215,22,2.1999999999999793,-0.5154069018334954,-0.8186387460271911,1.1989592286691693,0.9999719430381083,-0.0070343909794395,0.002574911310959817,-1.7660138142894514e-05
stale-vision,7,2006215,23,2.2999999999999683,-0.45207884333727455,-0.8654497080900152,1.1993358715683486,0.9999682737890454,-0.007601836940586804,0.0023797442552403038,-1.754325527009357e-05
stale-vision,7,2006215,24,2.3999999999999573,-0.3882865034164898,-0.9107677601688643,1.1996632728115948,0.999964152977057,-0.008219826693948223,0.0020314903918001695,-1.6024550669782083e-05
stale-vision,7,2006215,25,2.4999999999999463,-0.3240968069555595,-0.9544723620687738,1.199938034858601,0.9999595633630873,-0.008846538390926926,0.0016156156453571403,-1.3538416033768105e-05
stale-vision,7,2006215,26,2.5999999999999353,-0.25959035304608463,-0.9964409438150096,1.2001598039362285,0.9999545735768506,-0.009456765163568645,0.0011917487318254677,-1.0504272838553518e-05
stale-vision,7,2006215,27,2.6999999999999242,-0.19484965747425131,-1.0365539526333227,1.2003305537021316,0.9999493202935013,-0.01003593806160739,0.0007979590450523916,-7.290546652189195e-06
stale-vision,7,2006215,28,2.7999999999999132,-0.12995161446949471,-1.0746977914422005,1.200453950466328,0.9999439733121429,-0.010575573175045205,0.0004554900812215102,-4.1868414308296375e-06
stale-vision,7,2006215,29,2.899999999999902,-0.06496326076688316,-1.1107665412084455,1.2005348084809946,0.9999387083647,-0.01107020887394284,0.00017316894259947029,-1.3927352614610349e-06
stale-vision,7,2006215,30,2.999999999999891,6.0017706430320374e-05,-1.1446630713369352,1.200578629664325,0.9999336922908497,-0.011515582456019226,-4.8798854731445604e-05,9.787726421704384e-07
stale-vision,7,2006215,31,3.09999999999988,0.06507457800782301,-1.1762999003159496,1.2005912210486478,0.9999290771614997,-0.011907732450320063,-0.00021574637564546995,2.888574500253733e-06
stale-vision,7,2006215,32,3.199999999999869,0.1300475152807792,-1.2055999868769904,1.200578385211566,0.9999249984378555,-0.012242731752555289,-0.00033615372658644455,4.354441348414723e-06
stale-vision,7,2006215,33,3.299999999999858,0.1949550293926916,-1.2324975075271323,1.2005456801706045,0.9999215735581948,-0.012516803654957867,-0.0004199162311429282,5.433710077366025e-06
stale-vision,7,2006215,34,3.399999999999847,0.2597805047877737,-1.2569386004485232,1.2004982446786958,0.9999188993922995,-0.012726622937489964,-0.0004771458557035562,6.207367552409258e-06
stale-vision,7,2006215,35,3.499999999999836,0.32451254057509515,-1.2788820184015481,1.2004406832479262,0.9999170484869583,-0.012869670610667483,-0.0005173758027367941,6.766254116762797e-06
stale-vision,7,2006215,36,3.599999999999825,0.38914308751733595,-1.2982996226616261,1.2003770031337784,0.9999160651984914,-0.012944534496115118,-0.0005491200212065055,7.200481986126095e-06
stale-vision,7,2006215,37,3.699999999999814,0.4536657812842638,-1.315176658849541,1.200310594300281,0.9999159623994248,-0.01295114246356166,-0.0005796465213318258,7.591418402116862e-06
stale-vision,7,2006215,38,3.799999999999803,0.5180745168194822,-1.3295117701299985,1.2002442424803956,0.9999167200848331,-0.012890876557588157,-0.0006149245983822043,8.00655277217673e-06
stale-vision,7,2006215,39,3.899999999999792,0.5823622760135965,-1.341316725329632,1.2001801654394135,0.9999182864078232,-0.012766568505594735,-0.0006596693425105195,8.496675646819396e-06
stale-vision,7,2006215,40,3.999999999999781,0.646520200302706,-1.3506158628333225,1.2001200638109095,0.9999205810426558,-0.012582399863645434,-0.0007174526238731869,9.09518536127803e-06
stale-vision,7,2006215,41,4.0999999999997705,0.7105368874063496,-1.3574452699197712,1.2000651792994015,0.9999235005567851,-0.012343723583199732,-0.0007908387663473479,9.818933832777119e-06
stale-vision,7,2006215,42,4.1999999999997595,0.7743978854214043,-1.3618517328388933,1.200016354666288,0.9999269253150553,-0.0120568153927921,-0.0008815433652109581,1.067039878555585e-05
stale-vision,7,2006215,43,4.2999999999997485,0.8380853536846778,-1.3638915055913816,1.1999740920036228,0.999930726722507,-0.011728612415450403,-0.0009905914915158505,1.164059703061311e-05
stale-vision,7,2006215,44,4.3999999999997375,0.9015778593628062,-1.3636289494122993,1.1999386071263618,0.9999347744231806,-0.011366431754754866,-0.0011184662814865114,1.2712310943856115e-05
stale-vision,7,2006215,45,4.499999999999726,0.9648502807839897,-1.3611350979674315,1.1999098789317675,0.9999389428465013,-0.010977684455953565,-0.0012652394309385724,1.3863216791342266e-05
stale-vision,7,2006215,46,4.599999999999715,1.0278737914721776,-1.3564862037822447,1.1998876938587417,0.999943116290726,-0.010569628895275445,-0.0014306993873832656,1.5068870291412944e-05
stale-vision,7,2006215,47,4.699999999999704,1.0906159002742473,-1.3497623147944149,1.1998716857930425,0.9999471926149943,-0.01014915043461872,-0.001614453774594983,1.630508898490074e-05
stale-vision,7,2006215,48,4.799999999999693,1.1530405271111335,-1.3410459237191228,1.1998613719888136,0.9999510853133451,-0.009722590234761817,-0.0018160153622977287,1.7549766436693958e-05
stale-vision,7,2006215,49,4.899999999999682,1.21510809737226,-1.3304207240573853,1.1998561856094279,0.9999547241617207,-0.009295618976041274,-0.00203488124080837,1.8784173020470027e-05
stale-vision,7,2006215,50,4.999999999999671,1.2767756397704306,-1.3179704975026483,1.1998555051771258,0.9999580547384186,-0.00887315040169691,-0.0022705871406367654,1.9993585051051096e-05
stale-vision,7,2006215,51,5.09999999999966,1.3379968767440553,-1.30377814963372,1.199858681132397,0.9999610370429957,-0.008459296735625912,-0.0025227458405075757,2.116741744015459e-05
stale-vision,7,2006215,52,5.199999999999649,1.3987222996519861,-1.2879249023723318,1.1998650596403493,0.9999636433720482,-0.008057374784178237,-0.0027910837384969864,2.2299096417814912e-05
stale-vision,7,2006215,53,5.299999999999638,1.4588992220145003,-1.270489642665262,1.1998740034227864,0.9999658560177227,-0.007669929456670657,-0.0030754567118732616,2.338556250270253e-05
stale-vision,7,2006215,54,5.399999999999627,1.518471807429091,-1.2515484221038393,1.1998849094693471,0.9999676647779447,-0.00729879520317533,-0.003375854035197288,2.442662860226018e-05
stale-vision,7,2006215,55,5.499999999999616,1.5773810711735696,-1.2311740960740076,1.1998972235027427,0.9999690645848789,-0.006945168773343506,-0.003692405388689946,2.542435316861906e-05
stale-vision,7,2006215,56,5.599999999999605,1.6355648546590458,-1.209436088045198,1.1999104509750853,0.9999700534360176,-0.006609686432655056,-0.004025367114440295,2.6382287699910342e-05
stale-vision,7,2006215,57,5.699999999999594,1.6929577749983915,-1.186400263799649,1.1999241646338943,0.9999706305974563,-0.006292508590632056,-0.004375103725666207,2.730479214923499e-05
stale-vision,7,2006215,58,5.799999999999583,1.749491153238459,-1.1621288989436374,1.1999380088585825,0.9999707950513548,-0.005993410994887819,-0.004742074858534753,2.8196519163438865e-05
stale-vision,7,2006215,59,5.899999999999572,1.8050929243136007,-1.1366807219647606,1.199951700949992,0.9999705443370815,-0.00571187351946004,-0.005126803536697629,2.9061927794107822e-05
stale-vision,7,2006215,60,5.999999999999561,1.8596875345565418,-1.1101110158716712,1.1999650295606175,0.9999698738539191,-0.005447141783044321,-0.005529840565020745,2.9904825516041705e-05
stale-vision,7,2006215,61,6.09999999999955,1.91319583358844,-1.082471765411137,1.1999778508180712,0.9999687762831317,-0.0051983003256581084,-0.005951738260580016,3.072812026199736e-05
stale-vision,7,2006215,62,6.199999999999539,1.9655349662902841,-1.0538118362877829,1.1999900825327667,0.9999672414105307,-0.004964329221454256,-0.006393007651286399,3.153358251556131e-05
stale-vision,7,2006215,63,6.299999999999528,2.0166182731967157,-1.0241771751955782,1.2000016967200928,0.9999652564032374,-0.004744137506214065,-0.006854057269088741,3.232151924172647e-05
stale-vision,7,2006215,64,6.399999999999517,2.0663552109359635,-0.993611023443513,1.200012710989423,0.9999628062515379,-0.004536608674051559,-0.007335134647504772,3.3090628346875145e-05
stale-vision,7,2006215,65,6.499999999999506,2.114651304183937,-0.9621541362064112,1.2000231791806566,0.9999598745429171,-0.0043406178137409225,-0.007836274376739711,3.383786471317157e-05
stale-vision,7,2006215,66,6.599999999999495,2.1614081400816847,-0.9298450034645015,1.2000331813685643,0.9999564447507656,-0.004155037557334165,-0.008357216644426024,3.455813181889302e-05
stale-vision,7,2006215,67,6.699999999999484,2.206523420523679,-0.8967200711875101,1.2000428135053332,0.9999525018701947,-0.003978755136451228,-0.008897318076669882,3.5244085337739096e-05
stale-vision,7,2006215,68,6.799999999999473,2.249891089917812,-0.8628139602503769,1.2000521768299381,0.999948034582751,-0.0038106612563284328,-0.009455459115783497,3.5885826700332295e-05
stale-vision,7,2006215,69,6.899999999999462,2.2914015567721115,-0.8281596842162957,1.2000613671159375,0.9999430378993155,-0.0036496531381149107,-0.010029938113093917,3.6470634777318804e-05
stale-vision,7,2006215,70,6.999999999999451,2.330942029829998,-0.7927888663206922,1.2000704637750137,0.9999375164248032,-0.0034946203161872577,-0.010618357091647861,3.698264118483771e-05
stale-vision,7,2006215,71,7.09999999999944,2.3683969912101706,-0.7567319579835746,1.2000795187976832,0.9999314881985248,-0.0033444229828615965,-0.011217501729637109,3.740240631076991e-05
stale-vision,7,2006215,72,7.199999999999429,2.40364883001501,-0.7200184629828668,1.200088545683508,0.9999249889629415,-0.0031978770718234266,-0.011823223245299544,3.770658991549696e-05
stale-vision,7,2006215,73,7.299999999999418,2.4365786597343635,-0.6826771703692878,1.2000975084949685,0.9999180768311199,-0.0030537376099110617,-0.012430320953332092,3.7867695367475096e-05
stale-vision,7,2006215,74,7.399999999999407,2.4670673421381872,-0.6447363994144065,1.2001063114086914,0.9999108369650754,-0.0029106782186503386,-0.013032445633431604,3.785393598650121e-05
stale-vision,7,2006215,75,7.499999999999396,2.4949967365388583,-0.6062242604136729,1.200114789470866,0.999903385782943,-0.0027672764093249766,-0.013622036011933823,3.762937482771646e-05
stale-vision,7,2006215,76,7.599999999999385,2.520251186782905,-0.5671689345292534,1.2001227014395999,0.99989587421036,-0.0026219922055582975,-0.014190296456727147,3.715430964306323e-05
stale-vision,7,2006215,77,7.699999999999374,2.5427192498636257,-0.5275989763231325,1.200129726072452,0.9998884890363917,-0.002473162188462084,-0.014727241335535284,3.63862053810635e-05
stale-vision,7,2006215,78,7.799999999999363,2.5622956571960125,-0.48754364061004246,1.2001354635051684,0.9998814515835581,-0.0023189926333560887,-0.015221820113282726,3.5281185668896974e-05
stale-vision,7,2006215,79,7.899999999999352,2.578883483578762,-0.44703323472014195,1.2001394434947514,0.99987501281243,-0.0021575570478604665,-0.015662137745285975,3.379611954586064e-05
stale-vision,7,2006215,80,7.999999999999341,2.5923964797168897,-0.4060994965232234,1.2001411425843684,0.9998694437804805,-0.001986807961147125,-0.016035802791545043,3.189151702373132e-05
stale-vision,7,2006215,81,8.099999999999374,2.602761500476746,-0.3647759960003898,1.2001400113896084,0.9998650216895836,-0.001804597514539435,-0.016330369168490056,2.9535066736583837e-05
stale-vision,7,2006215,82,8.199999999999408,2.6099209410218753,-0.32309855633061385,1.200135512581622,0.9998620112807015,-0.0016087051868376916,-0.0165338970644781,2.670567215791896e-05
stale-vision,7,2006215,83,8.299999999999441,2.613835071123793,-0.2811056887738253,1.200127168928805,0.9998606427318396,-0.0013968860864962912,-0.0166356027145832,2.3397815889727852e-05
stale-vision,7,2006215,84,8.399999999999475,2.614484140777547,-0.2388390324343438,1.2001146183479408,0.9998610884755684,-0.0011669164266690322,-0.01662653521757994,1.9625573150827684e-05
stale-vision,7,2006215,85,8.499999999999508,2.6118701243960176,-0.19634378924797583,1.200097671343365,0.9998634412319276,-0.000916666032276523,-0.016500253733532467,1.5426019772702733e-05
stale-vision,7,2006215,86,8.599999999999541,2.6060179722342904,-0.15366914078345736,1.2000763642095955,0.999867696829706,-0.0006441690858786067,-0.01625342316807019,1.0861270853311987e-05
stale-vision,7,2006215,87,8.699999999999575,2.5969762534121337,-0.11086863261386146,1.2000510000187707,0.999873744974001,-0.0003477011760411152,-0.015886257562332435,6.01857078765291e-06
stale-vision,7,2006215,88,8.799999999999608,2.5848171042955483,-0.0680005111630932,1.2000221700131695,0.9998813697699986,-2.586865321500231e-05,-0.015402782757245092,1.00823887823233e-06
stale-vision,7,2006215,89,8.899999999999642,2.569635432669802,-0.025127996018833216,1.1999907490885315,0.9998902614595592,0.00032231751896763647,-0.014810845128528172,-4.040928997480217e-06
stale-vision,7,2006215,90,8.999999999999675,2.5515473763536445,0.017680527220053636,1.199957862013785,0.9999000382935189,0.0006973686994047182,-0.01412186307546093,-8.988509355835983e-06
stale-vision,7,2006215,91,9.099999999999708,2.5306880653826767,0.060351407795981665,1.199924821231859,0.9999102759672673,0.0010992490385487745,-0.01335033629439343,-1.3690925051148728e-05
stale-vision,7,2006215,92,9.199999999999742,2.5072087840187254,0.10280573781793995,1.1998930410346338,0.9999205410304676,0.0015273244938762032,-0.012513136330966386,-1.801083462688735e-05
stale-vision,7,2006215,93,9.299999999999775,2.481273670178087,0.1449594775981595,1.1998639370321642,0.9999304234581019,0.001980328736903072,-0.011628674240835366,-2.1826497325722312e-05
stale-vision,7,2006215,94,9.399999999999809,2.4530561151119388,0.18672370535202998,1.1998388219187819,0.9999395648318216,0.0024563300260097014,-0.010715992709648618,-2.5039922376537073e-05
stale-vision,7,2006215,95,9.499999999999842,2.422735039789636,0.2280049969062928,1.1998188090180006,0.9999476790149129,0.002952737419335446,-0.009793866120730906,-2.75831414882469e-05
stale-vision,7,2006215,96,9.599999999999875,2.3904912235305353,0.268705935209342,1.1998047338822353,0.9999545639417209,0.0034663052107290803,-0.008879972672536509,-2.9421801498871306e-05
stale-vision,7,2006215,97,9.699999999999909,2.3565038457753147,0.3087257479009252,1.199797101484453,0.9999601043130418,0.003993160409804116,-0.007990213922691008,-3.055587560163816e-05
stale-vision,7,2006215,98,9.799999999999942,2.320947374469432,0.3479610677198127,1.199796062744827,0.9999642667347004,0.004528851234921985,-0.007138192918139455,-3.1017554616227325e-05
stale-vision,7,2006215,99,9.899999999999975,2.2839889025537867,0.3863068062642221,1.1998014202822647,0.9999670892356292,0.005068403402215156,-0.006334885936080023,-3.086669754709431e-05
stale-vision,7,2006215,100,10.000000000000009,2.2457859975565557,0.4236571295972477,1.1998126600112058,0.999968667601981,0.005606401778090843,-0.005588484796823434,-3.0184405569900744e-05
stale-vision,7,2006215,101,10.100000000000042,2.2064850951769364,0.4599065201053223,1.1998290027603191,0.9999691406846178,0.006137077050393632,-0.004904397918756288,-2.9065452314829722e-05
stale-vision,7,2006215,102,10.200000000000076,2.1662204369677713,0.4949509069675623,1.1998494690870545,0.999968676182327,0.006654420575445425,-0.004285391304709356,-2.761042529198762e-05
stale-vision,7,2006215,103,10.300000000000109,2.1251135249524853,0.5286888431003849,1.19987295029126,0.9999674580267569,0.007152316479898525,-0.0037318339620857044,-2.5918299863895872e-05
stale-vision,7,2006215,104,10.400000000000142,2.0832730459435034,0.5610227025891819,1.199898279266958,0.9999656759111334,0.00762469040110318,-0.0032419926033838754,-2.4079829955750607e-05
stale-vision,7,2006215,105,10.500000000000176,2.040795207136385,0.591859870001852,1.1999242961939418,0.9999635169390373,0.008065653416884686,-0.0028123894201346816,-2.217252519299653e-05
stale-vision,7,2006215,106,10.60000000000021,1.997764414307073,0.6211138927418961,1.199949905592491,0.999961159114218,0.008469667389359082,-0.002438152356343168,-2.0257139424132893e-05
stale-vision,7,2006215,107,10.700000000000243,1.9542542232867082,0.6487055644463242,1.199974122810966,0.999958766177451,0.008831720962352227,-0.0021133650972254845,-1.8376018667098278e-05
stale-vision,7,2006215,108,10.800000000000276,1.910328496154194,0.6745639055817971,1.1999961090676616,0.9999564836808545,0.009147479065464223,-0.0018314194913809925,-1.6553350929933495e-05
stale-vision,7,2006215,109,10.90000000000031,1.8660426942454984,0.6986270113757388,1.2000151951196738,0.9999544359463567,0.009413427598770608,-0.001585305366428345,-1.4796614201565357e-05
stale-vision,7,2006215,110,11.000000000000343,1.8214452497626368,0.7208427392171641,1.2000308943731817,0.999952723722874,0.009626994382721034,-0.0013678913562774492,-1.3099492364979138e-05
stale-vision,7,2006215,111,11.100000000000376,1.7765789620334127,0.7411692118793284,1.20004290643626,0.9999514226734413,0.009786634105368924,-0.001172158372125132,-1.1445488557675184e-05
stale-vision,7,2006215,112,11.20000000000041,1.7314823719379828,0.7595751196460213,1.2000511124130286,0.9999505825624326,0.009891888495979266,-0.0009914024201989754,-9.812019903495119e-06
stale-vision,7,2006215,113,11.300000000000443,1.6861910754147995,0.7760398102271323,1.2000555630668686,0.9999502275408372,0.009943388874380229,-0.0008193850743037328,-8.174316679597144e-06
stale-vision,7,2006215,114,11.400000000000476,1.6407389454836814,0.790553165402912,1.2000564610618059,0.9999503573648919,0.009942819040142124,-0.0006504713607815686,-6.509166119362529e-06
stale-vision,7,2006215,115,11.50000000000051,1.595159237003467,0.8031152718013934,1.2000541385688552,0.9999509495931203,0.009892839084623574,-0.00047970787533531016,-4.797694467617083e-06
stale-vision,7,2006215,116,11.600000000000543,1.5494855576500395,0.8137359008314846,1.200049031375153,0.9999519627320164,0.009796962878919417,-0.0003028821112060427,-3.0274187900339552e-06
stale-vision,7,2006215,117,11.700000000000577,1.5037526945297304,0.8224338211571195,1.2000416509008565,0.9999533399160704,0.009659420795644852,-0.00011652967719199807,-1.1931158069242396e-06
stale-vision,7,2006215,118,11.80000000000061,1.4579972937439702,0.829235971450007,1.2000325552852589,0.9999550132292236,0.009484976683201097,8.206441114805009e-05,7.029902570186116e-07
stale-vision,7,2006215,119,11.900000000000643,1.4122583935456592,0.8341765282801991,1.200022320863605,0.9999569080665944,0.00927874126868455,0.00029489545781195066,2.651900093126771e-06
stale-vision,7,2006215,120,12.000000000000677,1.3665778167701952,0.8372959056588879,1.2000115155298807,0.9999589471566971,0.00904600086843295,0.000523304915489647,4.639234631672629e-06
stale-vision,8,2006216,0,0.0,-1.6,0.16384360727788275,1.2,1.0,0.0,0.0,0.0
stale-vision,8,2006216,1,0.10000000000000007,-1.5996570748114392,0.16352396876475475,1.2000777531708253,0.99975783458009,0.014996652887644095,0.016077512500807373,0.0009413764835905174
stale-vision,8,2006216,2,0.20000000000000015,-1.5961214485661863,0.16021917671089603,1.2006611143615604,0.9988019926113643,0.0337012557147187,0.03540876890752109,0.002241428846423815
stale-vision,8,2006216,3,0.3000000000000002,-1.5857065737365112,0.15039062808555653,1.2017247108261744,0.9979055573351031,0.044931476617885324,0.046440547047748026,0.002989421107963597
stale-vision,8,2006216,4,0.4000000000000003,-1.5662391112898695,0.13185412098287427,1.2027211397770963,0.9975944652433026,0.04847379218755244,0.04945858921120311,0.0030695830540568934
stale-vision,8,2006216,5,0.5000000000000003,-1.5371254277938082,0.10392048143262862,1.2031470719604374,0.9978490477300863,0.04614948148613425,0.04648055890415907,0.002657244188659982
stale-vision,8,2006216,6,0.6000000000000004,-1.498939550445252,0.06702797260895844,1.2028279203972836,0.9984007078632183,0.04009439727076767,0.03980428541622069,0.002021066110512728
stale-vision,8,2006216,7,0.7000000000000005,-1.4529683375466733,0.022327976079333834,1.201885283599683,0.9989889288547551,0.0321466447656213,0.03139757042551138,0.0013805170469264566
stale-vision,8,2006216,8,0.8000000000000006,-1.400835172464907,-0.028659080482390655,1.200590675133926,0.9994596199755672,0.0237145367593866,0.02274533564494053,0.0008593549792214732
stale-vision,8,2006216,9,0.9000000000000007,-1.344218421806619,-0.08430723599418034,1.1992282638634826,0.9997652328471696,0.01577348943172696,0.014846913297127543,0.0004953652589412141
stale-vision,8,2006216,10,1.0000000000000007,-1.2846585092129392,-0.14307309237252666,1.1980137716825292,0.9999259700430037,0.00891381796348598,0.008277936842021622,0.0002721112134739484
stale-vision,8,2006216,11,1.1000000000000008,-1.2234429823409605,-0.20361473276669753,1.197069584671369,0.999988791522379,0.003412301363948269,0.0032787739110104876,0.00015056777475982056
stale-vision,8,2006216,12,1.2000000000000008,-1.1615558548991094,-0.2648507287098281,1.1964362814173295,0.9999997472404707,-0.000688490212814797,-0.00015248989811770082,9.081328809995978e-05
stale-vision,8,2006216,13,1.300000000000001,-1.0996752307780318,-0.3259720889238736,1.1960990376101532,0.9999914936407983,-0.003503903383372028,-0.0021751781899368517,6.250574495203318e-05
stale-vision,8,2006216,14,1.400000000000001,-1.0382030687780759,-0.3864215838567062,1.1960139839883814,0.9999816590917526,-0.0052406911072164965,-0.0030355266147898173,4.70637360067319e-05
stale-vision,8,2006216,15,1.500000000000001,-0.9773128948543032,-0.4458539853365724,1.1961275496796202,0.9999765882521113,-0.00614379380546061,-0.0030125554346293096,3.542734178022231e-05
stale-vision,8,2006216,16,1.6000000000000012,-0.9170043661391988,-0.5040882605410596,1.1963876513879357,0.9999763186407813,-0.006457439091823033,-0.00237971387758803,2.4492174686489803e-05
stale-vision,8,2006216,17,1.7000000000000013,-0.8571568722517697,-0.5610597133984156,1.1967485493169447,0.9999785683778218,-0.006399788559596308,-0.0013803244061707013,1.3998836450671637e-05
stale-vision,8,2006216,18,1.8000000000000014,-0.797577250834791,-0.6167771838831363,1.1971719375899879,0.999981070218758,-0.00614925111482102,-0.00021422979312187454,4.5242549362911405e-06
stale-vision,8,2006216,19,1.9000000000000015,-0.7380401711378998,-0.6712870513284604,1.1976265811450475,0.9999822668474875,-0.005885192935824253,0.0009113088628736831,-3.2899579798426707e-06
stale-vision,8,2006216,20,2.0000000000000013,-0.6783304738813577,-0.7246367983527603,1.198087534446474,0.9999814380276645,-0.005853017333667806,0.0016928415840876644,-8.694164987315182e-06
stale-vision,8,2006216,21,2.0999999999999903,-0.6182955470553527,-0.7768325593813723,1.1985345274447248,0.9999792607805773,-0.006102965030314995,0.002057106213133654,-1.1857422466389969e-05
stale-vision,8,2006216,22,2.1999999999999793,-0.557862255595124,-0.8278269204081362,1.19895151266664,0.9999763351502255,-0.00655003086443283,0.002103820153313052,-1.3265023996709782e-05
stale-vision,8,2006216,23,2.2999999999999683,-0.4970196611983255,-0.8775336645313765,1.19932701925681,0.9999728338496193,-0.007110224557034197,0.001943217097826826,-1.3297363834466086e-05
stale-vision,8,2006216,24,2.3999999999999573,-0.4357978128109507,-0.9258439618133316,1.1996538703520312,0.999968798545243,-0.007721862844545777,0.0016657188408403104,-1.2285587882181771e-05
stale-vision,8,2006216,25,2.4999999999999463,-0.3742500550419866,-0.9726385050785963,1.199928576914604,0.999964291817209,-0.008344078587292778,0.0013384063887652876,-1.05533652458359e-05
stale-vision,8,2006216,26,2.5999999999999353,-0.3124398348631642,-1.017795615661509,1.2001506456373838,0.9999594269780661,-0.008951501182260806,0.0010074490283660193,-8.410457966822147e-06
stale-vision,8,2006216,27,2.6999999999999242,-0.25043159020603856,-1.0611963058086058,1.2003219113002732,0.9999543500857402,-0.009529166568521562,0.000701919905144877,-6.1286517236318745e-06
stale-vision,8,2006216,28,2.7999999999999132,-0.18828498896421,-1.1027272843143512,1.200445932375512,0.9999492154680448,-0.010068510074158986,0.0004376920733929813,-3.92144476453309e-06
stale-vision,8,2006216,29,2.899999999999902,-0.12605175948725064,-1.1422826899606964,1.2005274587093695,0.9999441694494805,-0.010564522438805296,0.00022101104628668977,-1.935628257216337e-06
stale-vision,8,2006216,30,2.999999999999891,-0.06377441695185614,-1.1797651127664996,1.2005719709636005,0.9999393437815367,-0.011013905108171903,5.149712927912162e-05,-2.5334887718099086e-07
stale-vision,8,2006216,31,3.09999999999988,-0.0014862973845450114,-1.2150862679151095,1.2005852902796519,0.9999348553912195,-0.011413994960504178,-7.544254075940373e-05,1.098673349284563e-06
stale-vision,8,2006216,32,3.199999999999869,0.06078757287623659,-1.2481675352279125,1.2005732575304662,0.9999308080396154,-0.011762283589750821,-0.00016677359429937433,2.1366285322222087e-06
stale-vision,8,2006216,33,3.299999999999858,0.12302913380967295,-1.2789404619566997,1.2005414809668848,0.9999272935581808,-0.012056303567016589,-0.00023050653652406227,2.906615377225804e-06
stale-vision,8,2006216,34,3.399999999999847,0.1852257362316282,-1.3073472525813403,1.2004951496039644,0.9999243912812826,-0.012293746545954805,-0.0002747809356728138,3.4726160009606095e-06
stale-vision,8,2006216,35,3.499999999999836,0.24736855501589475,-1.3333412246179572,1.2004389075695525,0.9999221659282758,-0.012472676080126716,-0.0003072807309987386,3.906331421636935e-06
stale-vision,8,2006216,36,3.599999999999825,0.309451087310951,-1.3568871891785121,1.2003767825633074,0.9999206643931237,-0.012591773062135533,-0.00033489170817605797,4.279056431403545e-06
stale-vision,8,2006216,37,3.699999999999814,0.3714678040713369,-1.377961709323484,1.2003121599820987,0.9999199125117931,-0.012650548689373766,-0.00036353623028293353,4.655653975494437e-06
stale-vision,8,2006216,38,3.799999999999803,0.433412988360752,-1.3965531949368966,1.2002477931756037,0.9999199127420914,-0.012649488751766046,-0.00039813346112648607,5.090533660439879e-06
stale-vision,8,2006216,39,3.899999999999792,0.49527976939508717,-1.41266180608626,1.2001858403468895,0.9999206432827963,-0.0125901225889538,-0.00044262678355634156,5.625223173017532e-06
stale-vision,8,2006216,40,3.999999999999781,0.5570593473157859,-1.4262991511060799,1.2001279194362728,0.9999220586229899,-0.012475038413107898,-0.0005000562182054135,6.287423999919104e-06
stale-vision,8,2006216,41,4.0999999999997705,0.6187403946621626,-1.4374877775983337,1.2000751730269088,0.9999240920529305,-0.012307807770634293,-0.000572668940391453,7.091454355462628e-06
stale-vision,8,2006216,42,4.1999999999997595,0.6803086138595033,-1.4462604704239,1.2000283369151126,0.9999266594955191,-0.012092861348307839,-0.0006620195710540175,8.03937377452258e-06
stale-vision,8,2006216,43,4.2999999999997485,0.7417464302684712,-1.452659381420305,1.199987807759864,0.9999296642445724,-0.011835327833922356,-0.00076908749404852,9.122985450128612e-06
stale-vision,8,2006216,44,4.3999999999997375,0.803032798482071,-1.4567350222834303,1.199953706573588,0.9999330020824837,-0.011540854093194152,-0.0008943860920978738,1.0326179380609198e-05
stale-vision,8,2006216,45,4.499999999999726,0.8641431000436541,-1.4585451566095788,1.1999259359397425,0.999936566629709,-0.011215390822300822,-0.0010380704670342523,1.1627471614809484e-05
stale-vision,8,2006216,46,4.599999999999715,0.9250491119446685,-1.4581536320119297,1.1999042302563439,0.999940253977503,-0.010865001035359124,-0.0012000245193307317,1.3002340623258881e-05
stale-vision,8,2006216,47,4.699999999999704,0.9857190282762046,-1.4556291907972068,1.1998881989566037,0.9999439666709479,-0.010495668820335573,-0.0013799443075999194,1.4425393433829474e-05
stale-vision,8,2006216,48,4.799999999999693,1.046117518871544,-1.451044295964159,1.1998773631206052,0.9999476166212787,-0.01011313635565552,-0.0015774138805566343,1.5872195772227022e-05
stale-vision,8,2006216,49,4.899999999999682,1.1062058099972933,-1.4444740047932243,1.1998711862930969,0.9999511269658734,-0.009722768069822781,-0.0017919711870446424,1.732067943378351e-05
stale-vision,8,2006216,50,4.999999999999671,1.1659417743539322,-1.435994916517187,1.199869100226056,0.9999544329506338,-0.009329443215616746,-0.002023155957053626,1.8752025611682316e-05
stale-vision,8,2006216,51,5.09999999999966,1.2252800206428895,-1.4256842151668845,1.1998705263148437,0.9999574819335088,-0.008937477602161539,-0.002270553509147184,2.0151183361429922e-05
stale-vision,8,2006216,52,5.199999999999649,1.2841719744611841,-1.4136188227408824,1.1998748933867178,0.9999602326406274,-0.00855058024265144,-0.0025338216723972706,2.1506957758884595e-05
stale-vision,8,2006216,53,5.299999999999638,1.3425659448692522,-1.399874671202343,1.1998816523853395,0.9999626538470109,-0.008171843686091255,-0.0028127142819058923,2.2811873873577713e-05
stale-vision,8,2006216,54,5.399999999999627,1.4004071721643223,-1.3845260955485963,1.1998902882220648,0.9999647228190807,-0.007803747086285308,-0.003107099902333483,2.4061823097350086e-05
stale-vision,8,2006216,55,5.499999999999616,1.4576378535976122,-1.3676453469674625,1.1999003290118078,0.9999664236098083,-0.007448183660626971,-0.003416954101278674,2.5255421546768166e-05
stale-vision,8,2006216,56,5.599999999999605,1.5141971476569083,-1.3493022206027696,1.1999113530247807,0.9999677451840715,-0.007106517793741795,-0.0037423655236916526,2.63935091575494e-05
stale-vision,8,2006216,57,5.699999999999594,1.5700211565387112,-1.329563787563523,1.199922993327705,0.9999686798549515,-0.006779628397532603,-0.004083527013327209,2.7478500113160828e-05
stale-vision,8,2006216,58,5.799999999999583,1.6250428884597528,-1.3084942216878253,1.1999349402439914,0.999969221833135,-0.006467975011420741,-0.004440706323872495,2.851369366093703e-05
stale-vision,8,2006216,59,5.899999999999572,1.679192204768766,-1.2861547087468705,1.1999469419322737,0.9999693659250818,-0.006171664978324724,-0.0048142385033742505,2.950283847037595e-05
stale-vision,8,2006216,60,5.999999999999561,1.7323957543987403,-1.2626034247911975,1.1999588031526092,0.9999691065774481,-0.005890515824652559,-0.0052044967902374045,3.044963340003056e-05
stale-vision,8,2006216,61,6.09999999999955,1.7845769008971413,-1.237895571679288,1.1999703823365846,0.9999684372962631,-0.005624102695028433,-0.005611853247379847,3.135722413612101e-05
stale-vision,8,2006216,62,6.199999999999539,1.8356556495525684,-1.2120834597311387,1.1999815873590043,0.9999673501567623,-0.005371821759475637,-0.006036647480836531,3.222791332856115e-05
stale-vision,8,2006216,63,6.299999999999528,1.8855485812806514,-1.1852166259253882,1.1999923701779056,0.9999658357354156,-0.0051329363352575885,-0.00647913832201258,3.3062857932273505e-05
stale-vision,8,2006216,64,6.399999999999517,1.9341688023030479,-1.157341978444769,1.200002720465339,0.9999638833827521,-0.004906601919020835,-0.006939455387588451,3.386174813506852e-05
stale-vision,8,2006216,65,6.499999999999506,1.981425919367693,-1.1285039619206505,1.2000126586117588,0.9999614816620782,-0.00469190979577215,-0.007417545141346267,3.462263177734188e-05
stale-vision,8,2006216,66,6.599999999999495,2.027226051303951,-1.0987447359008202,1.2000222281316186,0.9999586193186196,-0.004487903484311913,-0.007913098235419675,3.534164692420467e-05
stale-vision,8,2006216,67,6.699999999999484,2.0714718906310963,-1.0681043625284745,1.2000314876592024,0.9999552864885342,-0.0042935936416627985,-0.008425483983130757,3.6012812588818804e-05
stale-vision,8,2006216,68,6.799999999999473,2.114062828882078,-1.0366210009160408,1.2000405025996008,0.9999514764519519,-0.004107963574981091,-0.00895366043791565,3.6627734244680606e-05
stale-vision,8,2006216,69,6.899999999999462,2.1548951623923904,-1.0043311068207101,1.2000493365552107,0.9999471876592947,-0.0039299732465894925,-0.00949609501525653,3.71753901460459e-05
stale-vision,8,2006216,70,6.999999999999451,2.1938623951525424,-0.9712696369996309,1.200058042536783,0.9999424263603995,-0.0037585594445806295,-0.010050660598642661,3.764186240410862e-05
stale-vision,8,2006216,71,7.09999999999944,2.230855658370458,-0.9374702584977003,1.2000666538909979,0.9999372097151068,-0.0035926159306043184,-0.01061453216990865,3.800996714217802e-05
stale-vision,8,2006216,72,7.199999999999429,2.2657642669775826,-0.9029655657771142,1.2000751753350472,0.9999315690002729,-0.003430998885300078,-0.011184100300791784,3.825915387450514e-05
stale-vision,8,2006216,73,7.299999999999418,2.29847643062269,-0.8677873059627305,1.2000835740845905,0.9999255533073879,-0.0032725039517437797,-0.011754875112209302,3.836528667085006e-05
stale-vision,8,2006216,74,7.399999999999407,2.3288801379113093,-0.8319666156403939,1.2000917711356172,0.9999192334823424,-0.003115850252907019,-0.012321384758277602,3.830045385216939e-05
stale-vision,8,2006216,75,7.499999999999396,2.3568642326641855,-0.795534272423653,1.2000996335731815,0.9999127053847582,-0.002959682395645898,-0.012877128706379252,3.803328881345765e-05
stale-vision,8,2006216,76,7.599999999999385,2.3823196921462713,-0.7585209616933583,1.2001069685860317,0.9999060925262485,-0.0028025470210494585,-0.013414561142080613,3.7529335190824796e-05
stale-vision,8,2006216,77,7.699999999999374,2.4051411101727367,-0.720957562251011,1.2001135199444046,0.9998995475034255,-0.0026428788873215448,-0.01392511195447585,3.675169486936416e-05
stale-vision,8,2006216,78,7.799999999999363,2.425228380579917,-0.6828754536636853,1.2001189682207276,0.999893251453326,-0.0024790038737639475,-0.014399269637456054,3.566229436011724e-05
stale-vision,8,2006216,79,7.899999999999352,2.442488564104578,-0.6443068451459673,1.2001229362538506,0.9998874106811155,-0.0023091340139958275,-0.014826755891397413,3.422361916803312e-05
stale-vision,8,2006216,80,7.999999999999341,2.4568379044956816,-0.6052851264152277,1.2001250012658247,0.999882250025481,-0.0021313765394101055,-0.015196784798234194,3.240102766272412e-05
stale-vision,8,2006216,81,8.099999999999374,2.4682039426164093,-0.5658452390552382,1.2001247146644742,0.9998780026816312,-0.0019437478170257379,-0.015498409203975863,3.016560315452045e-05
stale-vision,8,2006216,82,8.199999999999408,2.4765276602362793,-0.5260240653602795,1.200121630145787,0.9998748964252929,-0.0017442008938827432,-0.015720957529411498,2.74974885655345e-05
stale-vision,8,2006216,83,8.299999999999441,2.4817655675848513,-0.48586082965397775,1.2001153398327244,0.9998731367795118,-0.0015306518682381128,-0.01585455318566775,2.4389378181535638e-05
stale-vision,8,2006216,84,8.399999999999475,2.483891633166478,-0.44539750614177237,1.2001055167870955,0.9998728885317685,-0.0013010367128020366,-0.015890678018331553,2.0850111547176446e-05
stale-vision,8,2006216,85,8.499999999999508,2.4828989458348416,-0.4046792231236779,1.2000919605269544,0.999874257740108,-0.0010533615256811968,-0.015822732137469705,1.6907705396003472e-05
stale-vision,8,2006216,86,8.599999999999541,2.478800999152467,-0.36375465317675326,1.2000746412655137,0.9998772759364339,-0.0007857604797269464,-0.01564658069220867,1.2611367453846562e-05
stale-vision,8,2006216,87,8.699999999999575,2.4716324930930056,-0.3226763779460791,1.2000537368800324,0.9998818899066535,-0.0004965707037140695,-0.015360976196779402,8.032221553777618e-06
stale-vision,8,2006216,88,8.799999999999608,2.461449569795707,-0.28150121318735893,1.2000296566655595,0.9998879582875508,-0.0001844058539488758,-0.014967860748650611,3.262260546129763e-06
stale-vision,8,2006216,89,8.899999999999642,2.4483294260897366,-0.24029047958179006,1.2000030466388323,0.9998952566742335,0.00015177211951777528,-0.014472478815602782,-1.588728578225244e-06
stale-vision,8,2006216,90,8.999999999999675,2.4323692812075515,-0.1991102053166263,1.1999747724815617,0.999903491295592,0.0005125864688065272,-0.013883274435785771,-6.398204380770506e-06
stale-vision,8,2006216,91,9.099999999999708,2.4136847199989697,-0.15803124707779195,1.199945879435682,0.9999123196542371,0.0008981733054174503,-0.013211592128480708,-1.1037452028316192e-05
stale-vision,8,2006216,92,9.199999999999742,2.3924074708071057,-0.1171293158552785,1.1999175312991557,0.9999213760196302,0.0013081316353045888,-0.012471180141031513,-1.5379311474168766e-05
stale-vision,8,2006216,93,9.299999999999775,2.36868271460645,-0.07648489716252056,1.199890933888533,0.9999302984031049,0.0017414773272619519,-0.011677551946539013,-1.930626151057686e-05
stale-vision,8,2006216,94,9.399999999999809,2.3426660504284804,-0.03618305716889681,1.1998672506474677,0.999938753980995,0.0021966212268693074,-0.010847240479087826,-2.271802524480859e-05
stale-vision,8,2006216,95,9.499999999999842,2.3145202616817016,0.003686870116268368,1.1998475194477618,0.9999464598392308,0.0026713531521485503,-0.009997033316920773,-2.5537905549124167e-05
stale-vision,8,2006216,96,9.599999999999875,2.284412032905634,0.043031717323610816,1.1998325793984417,0.9999531973806008,0.003162843905506165,-0.009143232387999706,-2.771716539625099e-05
stale-vision,8,2006216,97,9.699999999999909,2.2525087611913177,0.08175503963875068,1.1998230147972253,0.9999588196691185,0.0036676613854022214,-0.008300986152160022,-2.923706452259201e-05
stale-vision,8,2006216,98,9.799999999999942,2.2189755922406076,0.11975778855428924,1.1998191211836005,0.9999632518164092,0.00418181384960826,-0.007483751943814587,-3.010852032659385e-05
stale-vision,8,2006216,99,9.899999999999975,2.183972786422825,0.15693909565566572,1.1998208953063685,0.9999664858481144,0.004700787947218379,-0.006702898697410098,-3.036939284094759e-05
stale-vision,8,2006216,100,10.000000000000009,2.147653492344386,0.19319715780890198,1.1998280480476466,0.999968571492224,0.0052196240921864945,-0.0059674657379727184,-3.007992538587502e-05
stale-vision,8,2006216,101,10.100000000000042,2.110161975776395,0.22843020975878353,1.1998400369365905,0.999969604853426,0.0057330005737898666,-0.005284052822368089,-2.93167643146905e-05
stale-vision,8,2006216,102,10.200000000000076,2.071632324959666,0.26253756714300863,1.1998561134155432,0.9999697162872493,0.006235335309902996,-0.004656856088437956,-2.8166328042726237e-05
stale-vision,8,2006216,103,10.300000000000109,2.03218762620634,0.29542072020401494,1.1998753793005685,0.9999690588374606,0.0067209008943291395,-0.004087804427320437,-2.6718064193554136e-05
stale-vision,8,2006216,104,10.400000000000142,1.991939583150724,0.3269844554831288,1.1998968468796163,0.999967797905131,0.007183955707923507,-0.0035767730200731117,-2.505819096401826e-05
stale-vision,8,2006216,105,10.500000000000176,1.9509885382682988,0.3571379797991806,1.199919497919076,0.9999661024184378,0.007618894467464977,-0.0031218455983444827,-2.3264380448360745e-05
stale-vision,8,2006216,106,10.60000000000021,1.9094238451785164,0.38579601757936244,1.199942337745697,0.9999641376386873,0.008020390908310547,-0.002719615442773421,-2.1401793278880038e-05
stale-vision,8,2006216,107,10.700000000000243,1.867324533022122,0.4128798530650002,1.1999644418363296,0.9999620593025935,0.008383552770569375,-0.00236550569658823,-1.952069398143925e-05
stale-vision,8,2006216,108,10.800000000000276,1.824760200753027,0.43831828742293477,1.1999849933980598,0.9999600089720063,0.008704076375180437,-0.0020540689966707507,-1.7655487364989263e-05
stale-vision,8,2006216,109,10.90000000000031,1.7817920821161315,0.46204848074811994,1.2000033112630535,0.9999581104167291,0.008978380924378953,-0.0017792800067873873,-1.582526929243872e-05
stale-vision,8,2006216,110,11.000000000000343,1.7384742243314335,0.48401665241228753,1.2000188682366926,0.9999564668085241,0.009203730884074562,-0.0015348057299440277,-1.403562220871362e-05
stale-vision,8,2006216,111,11.100000000000376,1.6948547277000645,0.504178616230248,1.200031300384089,0.9999551588206043,0.00937832512722661,-0.0013142355343684648,-1.228122853364179e-05
stale-vision,8,2006216,112,11.20000000000041,1.650977000487317,0.5225001326663948,1.2000404081195055,0.9999542434884103,0.009501360021743262,-0.001111294728468893,-1.0549204893494342e-05
stale-vision,8,2006216,113,11.300000000000443,1.606880987607436,0.538957066021625,1.200046150092267,0.9999537539842073,0.009573054183771832,-0.0009200264388784493,-8.822643898295757e-06
stale-vision,8,2006216,114,11.400000000000476,1.5626043377048846,0.5535353419516779,1.2000486307504818,0.999953700483951,0.009594619648578847,-0.0007349231738256212,-7.083823104715111e-06
stale-vision,8,2006216,115,11.50000000000051,1.5181834822723963,0.5662307103186633,1.200048082812559,0.999954071799855,0.009568209055888807,-0.0005510336487119636,-5.317043169418661e-06
stale-vision,8,2006216,116,11.600000000000543,1.4736546061038807,0.5770483242864747,1.2000448457890356,0.999954837929115,0.009496818719997973,-0.0003640385003352237,-3.5107961016779513e-06
stale-vision,8,2006216,117,11.700000000000577,1.4290544942531769,0.586002154302231,1.2000393416740287,0.9999559533133834,0.009384158550573585,-0.00017028995474757997,-1.6590836074914725e-06
stale-vision,8,2006216,118,11.80000000000061,1.3844212474904194,0.5931142623187771,1.2000320491311631,0.9999573605159039,0.009234503214518634,3.31721541252476e-05,2.3803028598400164e-07
stale-vision,8,2006216,119,11.900000000000643,1.3397948634549415,0.5984139654566983,1.2000234774057996,0.9999589941351648,0.009052525662885811,0.00024864147528902116,2.174713464190297e-06
stale-vision,8,2006216,120,12.000000000000677,1.295217686965265,0.6019369214556107,1.2000141412173149,0.999960784620618,0.008843129306975943,0.0004777738354795338,4.14011616808953e-06
stale-vision,9,2006217,0,0.0,-1.6,0.12786345190494705,1.2,1.0,0.0,0.0,0.0
stale-vision,9,2006217,1,0.10000000000000007,-1.5996486693138692,0.12755061449097319,1.20007830421255,0.999756153570646,0.014677575765844754,0.016471522487420287,0.0009439884587898397
stale-vision,9,2006217,2,0.20000000000000015,-1.596022649471938,0.12431411802445634,1.200670133757325,0.9987858854244747,0.033071880530758845,0.03644020281748499,0.00226217011467546
stale-vision,9,2006217,3,0.3000000000000002,-1.5853200761199178,0.11467878246493723,1.2017449442469743,0.9978830534672833,0.04402987637387506,0.047767063190541505,0.0030148405366532236
stale-vision,9,2006217,4,0.4000000000000003,-1.5653095759344027,0.09651267305231229,1.2027402607037205,0.9975816646772089,0.04740415329201851,0.05073616792495819,0.003083798762205541
stale-vision,9,2006217,5,0.5000000000000003,-1.5354056223653432,0.06915798396004662,1.203154628683289,0.9978469425979161,0.045093424738265636,0.04754978862176939,0.002660788490054067
stale-vision,9,2006217,6,0.6000000000000004,-1.4962219124430434,0.03305007355288819,1.202819749375845,0.9984049326998884,0.039185046835963376,0.04059615611704532,0.0020185572855526807
stale-vision,9,2006217,7,0.7000000000000005,-1.449098282888865,-0.010688040032372725,1.2018628149973005,0.9989950358537911,0.031453061970393395,0.03190187891414498,0.0013759919758885698
stale-vision,9,2006217,8,0.8000000000000006,-1.3957133988577048,-0.06057752359982609,1.2005583896530012,0.9994648588786086,0.0232528020173399,0.022990688459714817,0.0008551662143553141
stale-vision,9,2006217,9,0.9000000000000007,-1.3377958538143695,-0.11503722663889758,1.1991912854870852,0.9997686021562242,0.015523002105520663,0.01488408710626271,0.0004924421131172214
stale-vision,9,2006217,10,1.0000000000000007,-1.276926796036781,-0.17256478486699076,1.1979763787300692,0.9999276071101653,0.008832692977573981,0.008166448553517445,0.0002705396970178237
stale-vision,9,2006217,11,1.1000000000000008,-1.214423066565961,-0.2318513667527753,1.1970346647331824,0.9999893039948136,0.0034498320035922254,0.0030770169805753897,0.00015007203821419622
stale-vision,9,2006217,12,1.2000000000000008,-1.1512865957212424,-0.29183885980581065,1.196405419451695,0.9999997485457593,-0.0005827969836795237,-0.00039365950683650417,9.104002441668393e-05
stale-vision,9,2006217,13,1.300000000000001,-1.088203425428021,-0.35173176913554477,1.196072882617454,0.9999913860740353,-0.003374506435571291,-0.002415884246298243,6.314549363840247e-05
stale-vision,9,2006217,14,1.400000000000001,-1.0255756045033648,-0.4109776671498846,1.195992639202086,0.9999816020432127,-0.005122875879116498,-0.003247987939756427,4.7876511621083485e-05
stale-vision,9,2006217,15,1.500000000000001,-0.9635712721654852,-0.4692292047111215,1.1961108602982464,0.9999765636947434,-0.006062582894986893,-0.0031805404074631964,3.622998555730152e-05
stale-vision,9,2006217,16,1.6000000000000012,-0.9021814891858666,-0.5262983070306914,1.1963753632040854,0.99997622284429,-0.006427937739105993,-0.0024969442069301914,2.514193486864762e-05
stale-vision,9,2006217,17,1.7000000000000013,-0.8412757910786421,-0.5821102553893087,1.1967403657168527,0.9999782884161794,-0.006428439293225931,-0.0014483292193342501,1.4386577426665365e-05
stale-vision,9,2006217,18,1.8000000000000014,-0.7806514339295657,-0.6366625825210256,1.197167519297216,0.9999805298017653,-0.006235573545880238,-0.0002400395501536318,4.5770200527045915e-06
stale-vision,9,2006217,19,1.9000000000000015,-0.7200736721193818,-0.6899913963486252,1.1976253290314651,0.9999816554109913,-0.005978458914176346,0.0009730653206691988,-3.7928761710901364e-06
stale-vision,9,2006217,20,2.0000000000000013,-0.6593087067731965,-0.7421440709576276,1.1980885045317788,0.9999810418498574,-0.005835569196513647,0.0019651892779868397,-1.0204328711186204e-05
stale-vision,9,2006217,21,2.0999999999999903,-0.5981656372725974,-0.7931461417889705,1.198536908994585,0.999979037511588,-0.005961633217171006,0.0025265118533689744,-1.4305191977338523e-05
stale-vision,9,2006217,22,2.1999999999999793,-0.5365338576001363,-0.842973569031028,1.1989546996413254,0.9999763319784811,-0.006341656422036558,0.002668072295346284,-1.6337540650266957e-05
stale-vision,9,2006217,23,2.2999999999999683,-0.4743835552793206,-0.8915534516668893,1.1993304348377183,0.9999731446394459,-0.006883968033681404,0.0025141014254846297,-1.6674306811668146e-05
stale-vision,9,2006217,24,2.3999999999999573,-0.4117430138933779,-0.9387807402012475,1.1996570354759952,0.9999694134841656,-0.0075103314064607725,0.0021832941860341244,-1.5645974461959326e-05
stale-vision,9,2006217,25,2.4999999999999463,-0.34867561867939234,-0.9845334498713496,1.1999312072748287,0.9999650889366566,-0.008166654665944923,0.0017681839460447874,-1.3601655149301542e-05
stale-vision,9,2006217,26,2.5999999999999353,-0.28526171445534537,-1.0286833506576765,1.2001526862541632,0.9999602242886966,-0.008818647431174779,0.001334608149230653,-1.0912024462947643e-05
stale-vision,9,2006217,27,2.6999999999999242,-0.2215856369596542,-1.0711027975651632,1.200323505948578,0.9999549599310855,-0.009445705215135566,0.0009255805155481913,-7.932242227335908e-06
stale-vision,9,2006217,28,2.7999999999999132,-0.1577272054038632,-1.1116688616573716,1.2004473555270003,0.9999494802760523,-0.01003576037943163,0.0005660252884143311,-4.963206135221337e-06
stale-vision,9,2006217,29,2.899999999999902,-0.0937567625231762,-1.1502657645678978,1.200529038327254,0.9999439777573713,-0.010581581749741222,0.0002673377487533762,-2.228465192956192e-06
stale-vision,9,2006217,30,2.999999999999891,-0.029732874578483164,-1.1867863453939351,1.2005740206038011,0.9999386328657569,-0.011078335534054112,3.1374187967749846e-05,1.315079516253828e-07
stale-vision,9,2006217,31,3.09999999999988,0.03429808794863121,-1.2211330410456405,1.2005880589601112,0.9999336068195313,-0.011522176701628356,-0.00014626252975298798,2.052301757406961e-06
stale-vision,9,2006217,32,3.199999999999869,0.09830113183289307,-1.2532186609123068,1.2005768986903453,0.9999290410156735,-0.01190957722062679,-0.00027366298497624633,3.531595021983135e-06
stale-vision,9,2006217,33,3.299999999999858,0.16225108719125247,-1.2829670902142405,1.2005460384431113,0.999925057908849,-0.012237174165332885,-0.0003607120124686562,4.612663429373793e-06
stale-vision,9,2006217,34,3.399999999999847,0.2261306917625703,-1.310313955801593,1.2005005573273777,0.9999217610226917,-0.012501891289554814,-0.00041775428895602057,5.368214990611115e-06
stale-vision,9,2006217,35,3.499999999999836,0.2899285768442997,-1.3352072319323038,1.2004449996782458,0.9999192330971504,-0.012701200085627758,-0.00045471325646264743,5.886064653636195e-06
stale-vision,9,2006217,36,3.599999999999825,0.35363732924689345,-1.3576077368705766,1.2003833110690272,0.9999175330800335,-0.012833396017258431,-0.00048056908822035997,6.257491673591672e-06
stale-vision,9,2006217,37,3.699999999999814,0.41725173367704116,-1.3774894661515256,1.2003188176653792,0.9999166926095691,-0.012897856303136187,-0.0005030908274611751,6.5683374469209314e-06
stale-vision,9,2006217,38,3.799999999999803,0.4807672496278887,-1.3948397134657835,1.200254239773018,0.9999167135165901,-0.012895209085161802,-0.0005287393698701575,6.892697856069837e-06
stale-vision,9,2006217,39,3.899999999999792,0.5441787428443051,-1.4096589461642475,1.2001917299116267,0.9999175672231695,-0.012827395935224577,-0.0005626889794268221,7.289096658626084e-06
stale-vision,9,2006217,40,3.999999999999781,0.6074794680660438,-1.4219604231939813,1.200132926635875,0.9999191962621957,-0.012697641492025074,-0.0006089220653018885,7.79883269399551e-06
stale-vision,9,2006217,41,4.0999999999997705,0.6706602850182659,-1.4317695611528451,1.2000790166725113,0.9999215176384206,-0.012510359716680927,-0.0006703671382740677,8.446167323586339e-06
stale-vision,9,2006217,42,4.1999999999997595,0.7337090812875912,-1.4391230679058604,1.2000307990934276,0.9999244282072611,-0.012270970678264288,-0.0007490444734505193,9.23975132663664e-06
stale-vision,9,2006217,43,4.2999999999997485,0.7966103733166532,-1.4440678787682415,1.1999887472076314,0.9999278110033776,-0.01198568255384995,-0.0008462222995508307,1.017510541847114e-05
stale-vision,9,2006217,44,4.3999999999997375,0.8593450553249274,-1.446659938601879,1.1999530655459272,0.9999315420424131,-0.01166124236863749,-0.0009625636698415259,1.1237596910026982e-05
stale-vision,9,2006217,45,4.499999999999726,0.921890267149526,-1.4469628783395465,1.199923740550428,0.9999354968500777,-0.01130468040745627,-0.0010982650744178748,1.2405630466613214e-05
stale-vision,9,2006217,46,4.599999999999715,0.9842193539250532,-1.4450466361664238,1.1999005847671715,0.9999395561994098,-0.010923062589661126,-0.0012531819362682764,1.3653715540746552e-05
stale-vision,9,2006217,47,4.699999999999704,1.0463018929276646,-1.4409860716425897,1.1998832749998836,0.9999436106129742,-0.01052327024034385,-0.0014269387091164004,1.4955179313076e-05
stale-vision,9,2006217,48,4.799999999999693,1.1081037658899433,-1.4348596161282154,1.1998713852216718,0.9999475635370413,-0.010111808101358803,-0.0016190268909541442,1.6284407256306957e-05
stale-vision,9,2006217,49,4.899999999999682,1.169587257860378,-1.4267479969190617,1.1998644151186084,0.9999513331289402,-0.009694652010621887,-0.0018288755122974683,1.7618388503075078e-05
stale-vision,9,2006217,50,4.999999999999671,1.2307111680302403,-1.4167330650585288,1.199861815102512,0.9999548527700285,-0.00927713495241716,-0.0020559256068168157,1.8937869871375575e-05
stale-vision,9,2006217,51,5.09999999999966,1.2914309187432524,-1.4048967490742559,1.1998630083896025,0.9999580705405448,-0.008863872629089293,-0.0022996768643504307,2.0227829678589108e-05
stale-vision,9,2006217,52,5.199999999999649,1.3516986530918804,-1.3913201491815395,1.199867410556415,0.9999609478769172,-0.008458729620178098,-0.0025597173726807205,2.147748791485442e-05
stale-vision,9,2006217,53,5.299999999999638,1.411463314993304,-1.3760827783078544,1.1998744468978284,0.9999634575301362,-0.008064835501703938,-0.002835757097874767,2.2680146139301445e-05
stale-vision,9,2006217,54,5.399999999999627,1.4706707056745265,-1.3592619478172305,1.1998835673939805,0.9999655815118274,-0.007684600036427182,-0.003127642242703275,2.3832658138240857e-05
stale-vision,9,2006217,55,5.499999999999616,1.5292635136534825,-1.340932293909883,1.1998942592188624,0.9999673088736832,-0.0073197626568417065,-0.0034353510492664214,2.4934697472383053e-05
stale-vision,9,2006217,56,5.599999999999605,1.5871813185731787,-1.321165435280716,1.19990605690889,0.9999686334353213,-0.006971471545086901,-0.0037589964896181274,2.598813705035626e-05
stale-vision,9,2006217,57,5.699999999999594,1.6443605688182124,-1.3000297471839686,1.1999185499301341,0.9999695518871061,-0.006640350675347072,-0.004098818464685892,2.699635199232421e-05
stale-vision,9,2006217,58,5.799999999999583,1.7007345346047107,-1.2775902378997765,1.1999313876500444,0.9999700621057861,-0.00632658833149938,-0.004455153227216582,2.7963506577977344e-05
stale-vision,9,2006217,59,5.899999999999572,1.7562332416753965,-1.2539085112614392,1.19994428180047,0.999970161823745,-0.0060300055379622465,-0.004828422158422298,2.8894034639525126e-05
stale-vision,9,2006217,60,5.999999999999561,1.8107833888851042,-1.2290428008204477,1.199957006585278,0.99996984757406,-0.005750137489086861,-0.005219097048012029,2.9792116853314133e-05
stale-vision,9,2006217,61,6.09999999999955,1.8643082555743764,-1.2030480605552847,1.1999693966796114,0.9999691139683454,-0.005486298022768615,-0.005627672987250651,3.0661310076460964e-05
stale-vision,9,2006217,62,6.199999999999539,1.9167276048984778,-1.175976098699181,1.1999813433848676,0.9999679532769826,-0.005237650609437968,-0.006054621591776223,3.1504220654667344e-05
stale-vision,9,2006217,63,6.299999999999528,1.9679575915718912,-1.1478757418963914,1.1999927891587572,0.999966355436202,-0.005003242520080075,-0.006500347313689276,3.232219342471433e-05
stale-vision,9,2006217,64,6.399999999999517,2.017910682939575,-1.1187930215274562,1.200003720959252,0.9999643081824746,-0.004782057039557785,-0.006965141420188299,3.311513886032735e-05
stale-vision,9,2006217,65,6.499999999999506,2.066495602664174,-1.0887713732842288,1.2000141625985998,0.9999617976937832,-0.004573038798249989,-0.00744911546589384,3.3881291143246945e-05
stale-vision,9,2006217,66,6.599999999999495,2.1136173096346473,-1.0578518442871723,1.2000241663203555,0.9999588095286601,-0.004375109476292844,-0.007952135861542713,3.461696423929766e-05
stale-vision,9,2006217,67,6.699999999999484,2.159177025251834,-1.0260733046103125,1.2000338039308582,0.9999553298846177,-0.004187189172551651,-0.008473749756227751,3.531638766504672e-05
stale-vision,9,2006217,68,6.799999999999473,2.2030723237410452,-0.9934726594863167,1.2000431574939734,0.9999513474094098,-0.00400819837001753,-0.009013094140626943,3.5971444563956975e-05
stale-vision,9,2006217,69,6.899999999999462,2.2451973030073256,-0.9600850615320349,1.200052309721687,0.9999468554209318,-0.0038370506111694465,-0.009568805512302804,3.6571367454665754e-05
stale-vision,9,2006217,70,6.999999999999451,2.2854428543148746,-0.9259441242971913,1.200061334089573,0.9999418547171723,-0.0036726465140398917,-0.010138909003258577,3.710239174400337e-05
stale-vision,9,2006217,71,7.09999999999944,2.3236970518732027,-0.8910821383187599,1.2000702847992273,0.9999363567594449,-0.0035138691529778866,-0.010720715666757674,3.7547514557588864e-05
stale-vision,9,2006217,72,7.199999999999429,2.359845683133355,-0.8555302908379776,1.2000791866198137,0.99993038743953,-0.003359569052475249,-0.011310708883606918,3.7886194423591365e-05
stale-vision,9,2006217,73,7.299999999999418,2.3937729418644356,-0.8193188920159119,1.200088024592568,0.9999239913344193,-0.003208542131224679,-0.011904426071169292,3.8094003974715297e-05
stale-vision,9,2006217,74,7.399999999999407,2.4253623068916883,-0.7824776116078865,1.2000967340211857,0.9999172360009141,-0.003059520018019839,-0.012496360698221208,3.814252021361902e-05
stale-vision,9,2006217,75,7.499999999999396,2.4544976255509106,-0.7450357286653964,1.2001051913257639,0.99991021599391,-0.0029111439507061806,-0.013079898622058782,3.7999307725270104e-05
stale-vision,9,2006217,76,7.599999999999385,2.4810644150779098,-0.7070223984578325,1.20011320623107,0.9999030565398319,-0.002761959179674036,-0.013647259355291055,3.7628199816494086e-05
stale-vision,9,2006217,77,7.699999999999374,2.504951392053156,-0.6684669386808381,1.2001205163831288,0.9998959158008274,-0.002610394607986595,-0.014189504450882316,3.698990812525331e-05
stale-vision,9,2006217,78,7.799999999999363,2.5260522285390175,-0.6293991380238075,1.2001267858996585,0.9998889850274723,-0.002454758530359459,-0.014696614650288207,3.6043150654603817e-05
stale-vision,9,2006217,79,7.899999999999352,2.5442675191114272,-0.5898495886076721,1.2001316094336436,0.9998824857787509,-0.002293230428579555,-0.015157655484913499,3.474632264833635e-05
stale-vision,9,2006217,80,7.999999999999341,2.5595069263269656,-0.5498500431892871,1.2001345233734761,0.9998766636129122,-0.002123871844536373,-0.015561029456438849,3.3059860923863026e-05
stale-vision,9,2006217,81,8.099999999999374,2.5716914543544758,-0.5094337956648634,1.2001350256519048,0.9998717776019066,-0.0019446338896940028,-0.01589483552556968,3.0949198999659705e-05
stale-vision,9,2006217,82,8.199999999999408,2.5807557797905774,-0.4686360825673858,1.2001326053716994,0.9998680853183263,-0.0017533910136845997,-0.016147345785419858,2.8388441218860316e-05
stale-vision,9,2006217,83,8.299999999999441,2.586650546625478,-0.4274944998212852,1.200126781962396,0.9998658244025036,-0.0015479692752073191,-0.01630755468113588,2.536427914203703e-05
stale-vision,9,2006217,84,8.399999999999475,2.589344516955016,-0.38604942861032704,1.2001171524303116,0.9998651915482536,-0.0013261861829318765,-0.01636580220006474,2.187988119738925e-05
stale-vision,9,2006217,85,8.499999999999508,2.588826455655123,-0.34434446258419155,1.2001034437812668,0.9998663209389882,-0.0010859099898769009,-0.01631443314723545,1.795852229776962e-05
stale-vision,9,2006217,86,8.599999999999541,2.585106621260491,-0.3024268250149819,1.2000855650926627,0.999869265615534,-0.0008251245924334153,-0.016148394986482625,1.3646244934678423e-05
stale-vision,9,2006217,87,8.699999999999575,2.5782177459791873,-0.26034776279550215,1.2000636526823256,0.9998739841848974,-0.0005420174386851255,-0.015865745683014125,9.013234620124078e-06
stale-vision,9,2006217,88,8.799999999999608,2.568215406428903,-0.21816290113605852,1.2000381015020036,0.9998803353700487,-0.00023504272665652188,-0.015468021138734684,4.153022167226326e-06
stale-vision,9,2006217,89,8.899999999999642,2.555177714579203,-0.17593254537516295,1.2000095759965619,0.9998880823630083,9.699523330697373e-05,-0.014960392363750592,-8.204783190355336e-07
stale-vision,9,2006217,90,8.999999999999675,2.5392042988771975,-0.13372191439310824,1.1999789956232116,0.9998969071807481,0.00045486502609788735,-0.014351587884136228,-5.778082303484745e-06
stale-vision,9,2006217,91,9.099999999999708,2.5204145913410416,-0.09160129034988326,1.1999474933911645,0.9999064336238248,0.0008388443411962472,-0.013653579232758607,-1.058248937955267e-05
stale-vision,9,2006217,92,9.199999999999742,2.498945482482323,-0.049646072051062626,1.1999163494713483,0.9999162561380703,0.0012486587921650607,-0.012881045537298673,-1.5096710642262054e-05
stale-vision,9,2006217,93,9.299999999999775,2.4749484484709083,-0.007936720031286948,1.199886905758097,0.9999259707910096,0.0016834316806103764,-0.012050669154108478,-1.9192980202632757e-05
stale-vision,9,2006217,94,9.399999999999809,2.4485862878710183,0.03344141630752153,1.1998604702723021,0.9999352044641825,0.0021416582238179154,-0.01118032446518875,-2.2761333480359817e-05
stale-vision,9,2006217,95,9.499999999999842,2.420029626450906,0.07439839510575454,1.1998382216126295,0.9999436391962163,0.002621181771598943,-0.01028820566456587,-2.5716732150060026e-05
stale-vision,9,2006217,96,9.599999999999875,2.389453358979038,0.11484010590416602,1.199821124038668,0.9999510288117494,0.0031192025200354172,-0.009392005628551981,-2.8004208949507783e-05
stale-vision,9,2006217,97,9.699999999999909,2.357033188956635,0.15466881999467705,1.199809861846083,0.9999572073880405,0.003632289257612679,-0.008508172025625406,-2.9601371285776172e-05
stale-vision,9,2006217,98,9.799999999999942,2.3229424106211334,0.19378386433163663,1.1998047988040497,0.9999620896697374,0.004156409576453751,-0.0076513104370367286,-3.0518182747318934e-05
stale-vision,9,2006217,99,9.899999999999975,2.2873490505897145,0.2320824128368542,1.1998059650432806,0.9999656650144627,0.0046869930060123004,-0.006833735469094661,-3.079418255715169e-05
stale-vision,9,2006217,100,10.000000000000009,2.250413456009528,0.2694603835289552,1.1998130703336058,0.9999679867167808,0.005218981823204133,-0.0060652156151487545,-3.049358175155479e-05
stale-vision,9,2006217,101,10.100000000000042,2.2122863806321567,0.3058134301492658,1.1998255398734035,0.9999691589941184,0.005746921726734312,-0.00535285617678046,-2.9698703400071763e-05
stale-vision,9,2006217,102,10.200000000000076,2.1731075909332684,0.34103801135173817,1.1998425669409112,0.9999693232639172,0.00626506355940241,-0.004701137872473888,-2.8502693528536194e-05
stale-vision,9,2006217,103,10.300000000000109,2.133004985478959,0.37503251719718067,1.1998631759922143,0.9999686451720095,0.006767476455513724,-0.004112080515360142,-2.700213046300064e-05
stale-vision,9,2006217,104,10.400000000000142,2.092094196141882,0.40769843070550277,1.1998862897856033,0.9999673032425751,0.007248182398027724,-0.003585478783675493,-2.5290084886460264e-05
stale-vision,9,2006217,105,10.500000000000176,2.050478624671231,0.43894149832081303,1.1999107950689558,0.9999654793743419,0.007701300834564077,-0.003119210665812658,-2.3450357211945096e-05
stale-vision,9,2006217,106,10.60000000000021,2.008249855104922,0.46867288076026614,1.1999356025896906,0.9999633511778829,0.008121211795519705,-0.002709567407166914,-2.1553083989643428e-05
stale-vision,9,2006217,107,10.700000000000243,1.9654883773432643,0.4968102531041689,1.1999596983788035,0.9999610860996421,0.008502701973355384,-0.0023515865663138276,-1.9651913200546102e-05
stale-vision,9,2006217,108,10.800000000000276,1.922264556413757,0.5232788243031746,1.1999821849301295,0.9999588365316906,0.008841142589252256,-0.0020393929657150267,-1.7783032221592252e-05
stale-vision,9,2006217,109,10.90000000000031,1.8786397812888815,0.548012243064376,1.2000023115757075,0.9999567362319803,0.009132625780990543,-0.0017665094754194947,-1.596568146617533e-05
stale-vision,9,2006217,110,11.000000000000343,1.8346677319688642,0.5709533621040856,1.200019494241627,0.9999548974701508,0.00937409772241392,-0.0015261440284076227,-1.4204063756432044e-05
stale-vision,9,2006217,111,11.100000000000376,1.790395708769273,0.592054835590277,1.2000333254157995,0.9999534089934181,0.0095634615331373,-0.001311445743370655,-1.2490317488532164e-05
stale-vision,9,2006217,112,11.20000000000041,1.7458659736210733,0.6112795293646687,1.2000435752110157,0.9999523348347013,0.00969964446881094,-0.0011157235289201378,-1.0808111586520247e-05
stale-vision,9,2006217,113,11.300000000000443,1.7011170605040506,0.6286007306397915,1.2000501847962692,0.9999517138749942,0.009782639756385493,-0.0009326276769659245,-9.136478845332367e-06
stale-vision,9,2006217,114,11.400000000000476,1.6561850193546328,0.6440021493994179,1.2000532532999193,0.9999515604188178,0.009813499717390902,-0.0007562960485977307,-7.453499393105867e-06
stale-vision,9,2006217,115,11.50000000000051,1.611104564736785,0.657477713053993,1.2000530191574983,0.9999518659521885,0.009794265766413759,-0.0005814670155342619,-5.73950712908321e-06
stale-vision,9,2006217,116,11.600000000000543,1.5659101072913688,0.6690311670532834,1.2000498372905544,0.9999526015871482,0.009727883094763483,-0.0004035514256068567,-3.979496506604457e-06
stale-vision,9,2006217,117,11.700000000000577,1.520636653433783,0.6786754988224972,1.2000441534201227,0.9999537212853274,0.009618079911237747,-0.0002186818704183961,-2.164754295021075e-06
stale-vision,9,2006217,118,11.80000000000061,1.4753205641291183,0.6864322085768244,1.2000364766182652,0.9999551657498185,0.009469209443911754,-2.372075420195072e-05,-2.934646153956024e-07
stale-vision,9,2006217,119,11.900000000000643,1.430000170852878,0.6923304577014627,1.2000273514273205,0.9999568665899875,0.009286074949730484,0.00018376317994899866,1.62955208613148e-06
stale-vision,9,2006217,120,12.000000000000677,1.3847162528911992,0.6964061289289443,1.2000173308473685,0.9999587504861173,0.009073745908995415,0.0004055225118722691,3.5935923844824116e-06
stale-vision,10,2006218,0,0.0,-1.6,-0.010010670321930287,1.2,1.0,0.0,0.0,0.0
stale-vision,10,2006218,1,0.10000000000000007,-1.5996377606875936,-0.010310809109540289,1.200078304250106,0.9997561629915276,0.014082148929355111,0.016983391292887954,0.0009338426960759042
stale-vision,10,2006218,2,0.20000000000000015,-1.5958943779258903,-0.013417710345074512,1.200675338366166,0.998776601413821,0.03181156984794402,0.037792051075214945,0.002255075962000937
stale-vision,10,2006218,3,0.3000000000000002,-1.5848148973346063,-0.022677162889761637,1.201758508734353,0.9978678908114995,0.04233225152114695,0.049584248888287455,0.0030091910449678654
stale-vision,10,2006218,4,0.4000000000000003,-1.5640776214719392,-0.04013638626514388,1.2027539671218406,0.9975724479784029,0.04555475236160817,0.05257884089526733,0.0030726310809339103
stale-vision,10,2006218,5,0.5000000000000003,-1.5330908014973907,-0.0664244392658971,1.2031613452013057,0.9978446892003665,0.04338365368988124,0.049161227940925985,0.0026473561302519334
stale-vision,10,2006218,6,0.6000000000000004,-1.4925119468813188,-0.10113288539021742,1.2028163784607175,0.9984069056353359,0.03780339587552136,0.04183930675920785,0.002006601569855624
stale-vision,10,2006218,7,0.7000000000000005,-1.44375104259463,-0.14320185158746748,1.201850000432961,0.9989983113709399,0.030481805165610432,0.032731699660561386,0.0013672121957696056
stale-vision,10,2006218,8,0.8000000000000006,-1.3885660361783219,-0.19123166154023938,1.2005388914685824,0.999467602170054,0.022691298359789173,0.02342851814567488,0.000849546165802488
stale-vision,10,2006218,9,0.9000000000000007,-1.328761379845545,-0.24372057439097436,1.1991683533916038,0.9997701712144743,0.015316146700100813,0.014992700415231886,0.0004892180514335086
stale-vision,10,2006218,10,1.0000000000000007,-1.2659824704200042,-0.29923535250602745,1.197952714572632,0.9999281575081571,0.00889679763660458,0.008028356158983034,0.000268908054017887
stale-vision,10,2006218,11,1.1000000000000008,-1.2015946363542807,-0.35652028593900265,1.1970120432275213,0.9999893119586597,0.003692997687718052,0.0027776597516771836,0.00014947517268436484
stale-vision,10,2006218,12,1.2000000000000008,-1.1366317096128067,-0.4145525825944157,1.1963847688754037,0.9999996632763568,-0.000246459358287201,-0.000777427723817873,9.11651892405015e-05
stale-vision,10,2006218,13,1.300000000000001,-1.0717965924634978,-0.4725553044938715,1.1960545681202872,0.999991465779328,-0.0030162846335833196,-0.002822467595017776,6.381375700745132e-05
stale-vision,10,2006218,14,1.400000000000001,-1.0074960908759918,-0.5299806062399626,1.1959767518293247,0.9999818983802371,-0.004795466955422854,-0.003633732720515187,4.893928228503713e-05
stale-vision,10,2006218,15,1.500000000000001,-0.9438945018513055,-0.586475361684733,1.196097411303848,0.9999769885129064,-0.005799525139986338,-0.003519452382206591,3.75198460195175e-05
stale-vision,10,2006218,16,1.6000000000000012,-0.8809739032569585,-0.6418391060359402,1.1963643644929807,0.9999766373415692,-0.006245346622722948,-0.0027784376232250817,2.6476125960588448e-05
stale-vision,10,2006218,17,1.7000000000000013,-0.8185927250483105,-0.695981528699632,1.1967318248736454,0.9999785762254693,-0.006328111973992683,-0.0016738714337598223,1.559976325468151e-05
stale-vision,10,2006218,18,1.8000000000000014,-0.7565373568260513,-0.7488841730619121,1.1971613936430319,0.9999806378753548,-0.006208698558150014,-0.0004194111627968008,5.557834163817442e-06
stale-vision,10,2006218,19,1.9000000000000015,-0.694564057304672,-0.8005688393081984,1.1976214779774361,0.9999816029599303,-0.006009368655745598,0.0008253608708316156,-3.0791122011595225e-06
stale-vision,10,2006218,20,2.0000000000000013,-0.6324302859991748,-0.851073534778385,1.1980863876600423,0.9999811837631835,-0.005815349318979278,0.0019528772373582422,-1.0118124358679367e-05
stale-vision,10,2006218,21,2.0999999999999903,-0.5699158666581209,-0.9004356654211985,1.1985356274442507,0.9999796597803109,-0.0056800082277812325,0.0029012559783638038,-1.5682275654311107e-05
stale-vision,10,2006218,22,2.1999999999999793,-0.5068352186439412,-0.948681463087533,1.1989534492180707,0.9999774960248544,-0.005631722386814938,0.003645647370141345,-2.0051763300566113e-05
stale-vision,10,2006218,23,2.2999999999999683,-0.443044492622783,-0.995818966246428,1.1993285138116456,0.9999751457144698,-0.005744414700997027,0.004087678713058032,-2.3147498130353084e-05
stale-vision,10,2006218,24,2.3999999999999573,-0.37845944582977814,-1.0418245766553693,1.1996534545166149,0.9999729789948196,-0.0061005910214397665,0.004101642311784456,-2.4490023744607393e-05
stale-vision,10,2006218,25,2.4999999999999463,-0.3130761292274262,-1.0866292228150922,1.199924732738763,0.9999707795101117,-0.0066662768012986165,0.0037416979197622737,-2.400469827523508e-05
stale-vision,10,2006218,26,2.5999999999999353,-0.24696266801895206,-1.1301233383666809,1.2001423981720998,0.9999679700841579,-0.007355569457408167,0.0031549841135141395,-2.1885370967035253e-05
stale-vision,10,2006218,27,2.6999999999999242,-0.18023200460090488,-1.1721727352794085,1.2003092723708455,0.9999641401231638,-0.008100412565818818,0.0024701100021866465,-1.845488625713107e-05
stale-vision,10,2006218,28,2.7999999999999132,-0.11301691979565041,-1.2126319085018542,1.2004299628427533,0.9999592028878418,-0.008855634955674374,0.001780474391190766,-1.4155814153013643e-05
stale-vision,10,2006218,29,2.899999999999902,-0.04545167899149394,-1.2513530109404982,1.200510026513542,0.9999533305174357,-0.009592805500273008,0.0011466385363730581,-9.475731285727753e-06
stale-vision,10,2006218,30,2.999999999999891,0.022339945113569026,-1.2881915442532346,1.200555368155363,0.9999468349118947,-0.010293894771590466,0.0006025416796603829,-4.862035652597361e-06
stale-vision,10,2006218,31,3.09999999999988,0.09025143935205075,-1.3230099811812515,1.2005718447728295,0.9999400705765135,-0.010946642308536616,0.00016210232882962655,-6.641924785083941e-07
stale-vision,10,2006218,32,3.199999999999869,0.1581963825795155,-1.3556802271500266,1.200565016925822,0.9999333774040263,-0.011541671674570476,-0.000174814131939889,2.8902391227981474e-06
stale-vision,10,2006218,33,3.299999999999858,0.22610850660310333,-1.3860854930614033,1.2005399960946619,0.999927055869399,-0.012070985271305157,-0.0004173997155482084,5.6933784261981725e-06
stale-vision,10,2006218,34,3.399999999999847,0.2939399621235939,-1.4141218817192247,1.200501354720466,0.9999213609223334,-0.012527391423109317,-0.000579978851712397,7.739150527583889e-06
stale-vision,10,2006218,35,3.499999999999836,0.36165856032041765,-1.4396998054821901,1.2004530808932679,0.9999165025858031,-0.012904519754043229,-0.0006790756372307227,9.097920971003434e-06
stale-vision,10,2006218,36,3.599999999999825,0.42924456627109675,-1.462745236282801,1.2003985687705583,0.9999126462277643,-0.01319715461656289,-0.0007313863584871981,9.889947625326634e-06
stale-vision,10,2006218,37,3.699999999999814,0.4966874456000916,-1.4832007270500098,1.2003406383328232,0.9999099111400538,-0.013401615205308153,-0.000752468269384483,1.0260705382577334e-05
stale-vision,10,2006218,38,3.799999999999803,0.5639828242262184,-1.5010261299539405,1.2002815787405026,0.9999083671113044,-0.013516129400490661,-0.0007559890877442643,1.0360206158383537e-05
stale-vision,10,2006218,39,3.899999999999792,0.6311298113279984,-1.516198940953982,1.2002232081952977,0.999908031630677,-0.013541069750474938,-0.0007533948667444973,1.0327325494771935e-05
stale-vision,10,2006218,40,3.999999999999781,0.6981287534704369,-1.5287142246810788,1.2001669418697696,0.9999088697605039,-0.013479012420912236,-0.0007538519545081916,1.0279105460280594e-05
stale-vision,10,2006218,41,4.0999999999997705,0.7649794329830382,-1.5385841078713463,1.2001138604527088,0.9999107973636346,-0.0133346520542761,-0.000764371652047637,1.0304910030675702e-05
stale-vision,10,2006218,42,4.1999999999997595,0.8316796875748126,-1.5458368584795743,1.2000647729627878,0.9999136880858323,-0.013114575823451205,-0.0007900443329154226,1.04648092056553e-05
stale-vision,10,2006218,43,4.2999999999997485,0.8982244064140246,-1.5505155945890792,1.200020269486232,0.9999173834346265,-0.012826928723463497,-0.0008343190783443307,1.0791174574367583e-05
stale-vision,10,2006218,44,4.3999999999997375,0.9646048482627078,-1.5526766885457401,1.1999807619445049,0.9999217046971473,-0.012481009996613765,-0.0008992983344655606,1.1292589960910085e-05
stale-vision,10,2006218,45,4.499999999999726,1.0308082242785268,-1.5523879454786425,1.1999465130002396,0.999926465439048,-0.012086824705048349,-0.000986022365245034,1.1959065236822937e-05
stale-vision,10,2006218,46,4.599999999999715,1.0968174896958574,-1.549726643116954,1.1999176551903639,0.9999314828265913,-0.011654657650385888,-0.001094734785765319,1.2767770766400982e-05
stale-vision,10,2006218,47,4.699999999999704,1.1626112925348926,-1.5447775170695932,1.1998942030694184,0.9999365871918873,-0.01119466406935029,-0.0012251138895750715,1.3688480669323202e-05
stale-vision,10,2006218,48,4.799999999999693,1.2281640337848443,-1.5376307710269592,1.199876061433531,0.9999416289992077,-0.010716515552699523,-0.001376471240164526,1.468829840422117e-05
stale-vision,10,2006218,49,4.899999999999682,1.2934460000598456,-1.5283801812314024,1.1998630326513178,0.9999464829679968,-0.010229120222996954,-0.001547918535921451,1.5735402917812278e-05
stale-vision,10,2006218,50,4.999999999999671,1.3584235361044366,-1.517121350058183,1.1998548252478567,0.9999510496124165,-0.009740417498418436,-0.001738494661461093,1.680162036015571e-05
stale-vision,10,2006218,51,5.09999999999966,1.423059231808182,-1.5039501491991702,1.199851064982007,0.9999552547021053,-0.009257235712363232,-0.0019472702664684507,1.7864000114112506e-05
stale-vision,10,2006218,52,5.199999999999649,1.4873121033662213,-1.488961379921816,1.1998513089637073,0.9999590469720854,-0.00878522853857706,-0.002173426048127326,1.8905475047403168e-05
stale-vision,10,2006218,53,5.299999999999638,1.5511377533156818,-1.4722476630175312,1.1998550626432847,0.9999623946927814,-0.008328884008565978,-0.0024162977574505276,1.9914747462871413e-05
stale-vision,10,2006218,54,5.399999999999627,1.6144885001613452,-1.453898557334197,1.1998617987033182,0.9999652818551686,-0.007891566912972797,-0.0026754102037568417,2.0885730720629378e-05
stale-vision,10,2006218,55,5.499999999999616,1.6773134711135715,-1.433999898066832,1.1998709767800793,0.9999677041648852,-0.0074756086292666665,-0.002950496036757688,2.18166938734661e-05
stale-vision,10,2006218,56,5.599999999999605,1.7395586542630757,-1.4126333377004516,1.199882062830863,0.9999696652837441,-0.00708242167913106,-0.0032414965321499955,2.2709235110100275e-05
stale-vision,10,2006218,57,5.699999999999594,1.8011669098881824,-1.3898760669624737,1.199894547014196,0.999971173451325,-0.006712635801418571,-0.0035485534461314415,2.3567276989460326e-05
stale-vision,10,2006218,58,5.799999999999583,1.8620779425575522,-1.3658006895337274,1.1999079591434254,0.9999722386900455,-0.0063662343236053996,-0.0038719910361594886,2.4396128927536844e-05
stale-vision,10,2006218,59,5.899999999999572,1.9222282372200332,-1.3404752236317061,1.1999218810727446,0.9999728705186256,-0.006042688687517793,-0.004212304005909219,2.5201752585175285e-05
stale-vision,10,2006218,60,5.999999999999561,1.981550962433034,-1.3139632041694107,1.1999359556350666,0.9999730762695574,-0.005741086971287526,-0.004570118259316633,2.5990055057372022e-05
stale-vision,10,2006218,61,6.09999999999955,2.039975847244135,-1.2863238603570701,1.1999498920870435,0.9999728598017615,-0.0054602487841656135,-0.004946172930278486,2.6766492709195096e-05
stale-vision,10,2006218,62,6.199999999999539,2.0974290365526067,-1.2576123463986715,1.1999634681325146,0.9999722207762134,-0.0051988158876629855,-0.0053412761622587705,2.7535641497757515e-05
stale-vision,10,2006218,63,6.299999999999528,2.1538329324677363,-1.2278800071075007,1.199976528892175,0.9999711541690117,-0.0049553348940769406,-0.0057562735372938744,2.8300993252928998e-05
stale-vision,10,2006218,64,6.399999999999517,2.2091060288657545,-1.1971746624538868,1.1999889832635366,0.9999696501736709,-0.004728324494505988,-0.006191997598514119,2.9064778617057335e-05
stale-vision,10,2006218,65,6.499999999999506,2.2631627480677396,-1.165540897976901,1.2000007981275647,0.999967694334761,-0.004516317763549115,-0.006649230856180284,2.9827893551217326e-05
stale-vision,10,2006218,66,6.599999999999495,2.315913287977444,-1.1330203525201807,1.2000119908684606,0.9999652680485601,-0.004317891169438447,-0.007128644800254515,3.0589744369828615e-05
stale-vision,10,2006218,67,6.699999999999484,2.367263491030886,-1.0996519973869616,1.2000226206278457,0.9999623493342392,-0.004131693006858842,-0.007630730249356066,3.1348168472891825e-05
stale-vision,10,2006218,68,6.799999999999473,2.417114748781096,-1.0654724019490096,1.2000327786574083,0.9999589140125732,-0.003956443784397125,-0.008155722470310453,3.209927730149164e-05
stale-vision,10,2006218,69,6.899999999999462,2.465363956654512,-1.0305159850969816,1.2000425780781951,0.9999549372055222,-0.0037909285400385107,-0.008703524620508074,3.283724415315278e-05
stale-vision,10,2006218,70,6.999999999999451,2.5119035345684373,-0.9948152540020267,1.200052143193999,0.9999503954168297,-0.0036339905164296583,-0.009273601931353232,3.355401949211508e-05
stale-vision,10,2006218,71,7.09999999999944,2.5566215336299174,-0.9584010315437903,1.2000615984112548,0.9999452691739082,-0.0034845194171021932,-0.009864867401123214,3.423902799419118e-05
stale-vision,10,2006218,72,7.199999999999429,2.599401851498081,-0.9213026748392035,1.2000710568424835,0.9999395462967904,-0.003341428009602037,-0.010475561755690223,3.4878771305751744e-05
stale-vision,10,2006218,73,7.299999999999418,2.6401245802072197,-0.8835482890853592,1.200080608519276,0.9999332259127605,-0.003203634538501601,-0.011103115972003055,3.5456403222844194e-05
stale-vision,10,2006218,74,7.399999999999407,2.678666513283733,-0.8451649408027938,1.2000903081392689,0.999926323265946,-0.0030700252272661734,-0.01174400666154625,3.5951139482859265e-05
stale-vision,10,2006218,75,7.499999999999396,2.714901840669902,-0.8061788767251016,1.200100162417675,0.999918875160672,-0.0029394428621568455,-0.012393605312372736,3.633783821623666e-05
stale-vision,10,2006218,76,7.599999999999385,2.7487030606289107,-0.7666157517807852,1.200110117305194,0.9999109458199095,-0.0028106570090462354,-0.013046045306213104,3.658661901644764e-05
stale-vision,10,2006218,77,7.699999999999374,2.779942135208706,-0.7265008711180562,1.2001200454119518,0.9999026329847643,-0.002682343169468137,-0.013694095118411125,3.666259684548514e-05
stale-vision,10,2006218,78,7.799999999999363,2.808491913303961,-0.6858594509038393,1.200129734506921,0.9998940734382563,-0.0025530536067135644,-0.014329078344211071,3.6525843112341315e-05
stale-vision,10,2006218,79,7.899999999999352,2.8342278371934007,-0.6447169028762079,1.2001388784187834,0.9998854472227283,-0.0024212049198464912,-0.014940846476420324,3.6131818962538766e-05
stale-vision,10,2006218,80,7.999999999999341,2.857029937184453,-0.6030991457220953,1.2001470721043652,0.9998769794455133,-0.0022850617974803753,-0.015517835288696663,3.5432347696396e-05
stale-vision,10,2006218,81,8.099999999999374,2.8767851030491656,-0.5610329459490009,1.200153813148569,0.9998689385042816,-0.00214273181500479,-0.016047221968045956,3.437728981157221e-05
stale-vision,10,2006218,82,8.199999999999408,2.8933896004918735,-0.5185462893387557,1.2001585123594771,0.9998616293079806,-0.001992174758439169,-0.016515217037035804,3.291718804282622e-05
stale-vision,10,2006218,83,8.299999999999441,2.9067517752365393,-0.47566878150987146,1.2001605158803592,0.9998553808221123,-0.0018312056678023568,-0.016907488443332987,3.1006605341608214e-05
stale-vision,10,2006218,84,8.399999999999475,2.9167948606887535,-0.4324320763936585,1.2001591406990435,0.9998505273289893,-0.0016575169094335917,-0.01720973036402831,2.860831237808136e-05
stale-vision,10,2006218,85,8.499999999999508,2.92345977727676,-0.38887032824629053,1.2001537243394793,0.9998473838327293,-0.0014687273911306487,-0.017408366445234535,2.5698348427829906e-05
stale-vision,10,2006218,86,8.599999999999541,2.926707785633378,-0.34502065825498895,1.2001436872364957,0.9998462174787907,-0.0012624234901328587,-0.01749134598258662,2.227111890748695e-05
stale-vision,10,2006218,87,8.699999999999575,2.9265228377739856,-0.30092362687166296,1.2001286037848373,0.9998472177934709,-0.0010362261544693433,-0.0174489819044401,1.834422483501398e-05
stale-vision,10,2006218,88,8.799999999999608,2.922913463425271,-0.2566236994592454,1.2001082748919691,0.9998504702006352,-0.0007878599862426867,-0.017274730714733205,1.3962219484504132e-05
stale-vision,10,2006218,89,8.899999999999642,2.915914038586094,-0.2121696911476071,1.2000827932096896,0.9998559361860971,-0.000515241971766835,-0.016965886788421678,9.198696308468853e-06
stale-vision,10,2006218,90,8.999999999999675,2.9055853032345924,-0.16761517417146327,1.2000525904785209,0.9998634450319942,-0.0002165671954206531,-0.01652405428853904,4.155918583445036e-06
stale-vision,10,2006218,91,9.099999999999708,2.8920140362979962,-0.12301883057029797,1.2000184569624694,0.9998726991591341,0.0001096025531722921,-0.015955358423715295,-1.038429916543607e-06
stale-vision,10,2006218,92,9.199999999999742,2.8753118485502767,-0.0784447329454221,1.199981525788071,0.9998832938333313,0.00046424680713406697,-0.015270335589173567,-6.237296444778601e-06
stale-vision,10,2006218,93,9.299999999999775,2.8556131151089397,-0.033962535627398836,1.1999432194420239,0.9998947488638353,0.0008478157167187766,-0.014483517381257052,-1.1282976232814276e-05
stale-vision,10,2006218,94,9.399999999999809,2.833072129709642,0.010352438143218212,1.1999051613526117,0.9999065483650681,0.0012601634990974308,-0.0136127244903039,-1.6017568750408216e-05
stale-vision,10,2006218,95,9.499999999999842,2.8078596183362197,0.05441922584239388,1.1998690608752416,0.9999181830135743,0.001700496968585476,-0.012678137759226259,-2.0294050706434625e-05
stale-vision,10,2006218,96,9.599999999999875,2.7801587928691363,0.09815138225156864,1.1998365846900134,0.9999291888862141,0.0021673454140905173,-0.01170125001208051,-2.3986846437280594e-05
stale-vision,10,2006218,97,9.699999999999909,2.750161149431323,0.14145726937894837,1.1998092293475142,0.9999391786170243,0.0026585311365328757,-0.010703763351345891,-2.7000480232177317e-05
stale-vision,10,2006218,98,9.799999999999942,2.7180622253280218,0.18424048458242967,1.199788209620975,0.9999478614262136,0.003171179907898416,-0.009706553975093925,-2.9275630539006248e-05
stale-vision,10,2006218,99,9.899999999999975,2.6840575165941662,0.2264004255942123,1.1997743746137846,0.9999550513224009,0.0037017415271734092,-0.008728774045656766,-3.0791914830669264e-05
stale-vision,10,2006218,100,10.000000000000009,2.648338731118212,0.267832988160012,1.1997681589356735,0.9999606645570055,0.00424601590628013,-0.0077871491029077545,-3.1567159931043524e-05
stale-vision,10,2006218,101,10.100000000000042,2.611090514808479,0.30843139061665914,1.1997695712787346,0.9999647087443946,0.0047992087454372875,-0.006895495573774953,-3.1653571250582865e-05
stale-vision,10,2006218,102,10.200000000000076,2.572487745629965,0.3480871147205529,1.1997782177866176,0.999967266847339,0.0053560011070660045,-0.006064446953219468,-3.113128609612643e-05
stale-vision,10,2006218,103,10.300000000000109,2.532693448759943,0.38669094889675154,1.1997933541188732,0.9999684788236062,0.005910631531076411,-0.005301404350005562,-3.0100270204771653e-05
stale-vision,10,2006218,104,10.400000000000142,2.4918573437998175,0.4241341177858247,1.1998139577360436,0.9999685236813266,0.006456990380523178,-0.004610650688343407,-2.8671319814634028e-05
stale-vision,10,2006218,105,10.500000000000176,2.45011500160063,0.46030947911908227,1.1998388113398257,0.9999676033675644,0.0069887467815899105,-0.003993608275763427,-2.6957234066238342e-05
stale-vision,10,2006218,106,10.60000000000021,2.4075875614780835,0.4951127636714157,1.1998665889286693,0.9999659295843498,0.007499483547267016,-0.0034491721898100643,-2.5064677192131417e-05
stale-vision,10,2006218,107,10.700000000000243,2.364381943047202,0.5284438316052518,1.1998959374599416,0.9999637134790132,0.007982846778313214,-0.002974113236150975,-2.3087559449593762e-05
stale-vision,10,2006218,108,10.800000000000276,2.3205914746708887,0.5602079161001754,1.199925549100429,0.9999611579781091,0.008432707823917212,-0.0025634992751577576,-2.110220703024135e-05
stale-vision,10,2006218,109,10.90000000000031,2.2762968559839454,0.5903168225350921,1.1999542209614842,0.999958452148476,0.00884333661155127,-0.002211109929610119,-1.9164528358149453e-05
stale-vision,10,2006218,110,11.000000000000343,2.2315673735369557,0.6186900495918124,1.199980900999068,0.9999557670440513,0.00920957274870203,-0.0019098234276413435,-1.7309133557541328e-05
stale-vision,10,2006218,111,11.100000000000376,2.186462293457808,0.6452557987299602,1.200004720123719,0.9999532524852144,0.009526991656439839,-0.0016519783308430052,-1.555039333168989e-05
stale-vision,10,2006218,112,11.20000000000041,2.1410323606348713,0.6699518397790271,1.2000250114342714,0.9999510345689393,0.009792050747212898,-0.0014296901341113465,-1.3885010343591431e-05
stale-vision,10,2006218,113,11.300000000000443,2.095321342199557,0.6927262039448652,1.200041317986362,0.9999492137488449,0.010002211957608977,-0.001235122600316677,-1.2295739019587945e-05
stale-vision,10,2006218,114,11.400000000000476,2.049367561936609,0.7135376803703772,1.2000533907392872,0.9999478635331925,0.01015603095383419,-0.0010607237993438417,-1.0755901685729142e-05
stale-vision,10,2006218,115,11.50000000000051,2.0032053797269027,0.732356098816823,1.2000611782394275,0.9999470299820236,0.010253204828890989,-0.0008994084725521763,-9.234014911263713e-06
stale-vision,10,2006218,116,11.600000000000543,1.9568665797583673,0.7491623892193465,1.200064809489476,0.9999467321685654,0.010294570335457833,-0.0007447064886479489,-7.6982655084551e-06
stale-vision,10,2006218,117,11.700000000000577,1.9103816386619634,0.7639484183360828,1.2000645713638065,0.9999469636772207,0.010282055607753944,-0.0005908703141197892,-6.120344698312978e-06
stale-vision,10,2006218,118,11.80000000000061,1.8637808524015627,0.7767166125977242,1.2000608819885035,0.9999476949822309,0.01021860270771107,-0.0004329415319443093,-4.478340787573766e-06
stale-vision,10,2006218,119,11.900000000000643,1.8170953089502955,0.7874793829971471,1.200054261213799,0.9999488769392973,0.010108033003175003,-0.00026677525201932866,-2.7584837936824065e-06
stale-vision,10,2006218,120,12.000000000000677,1.7703577012292493,0.7962583778470499,1.2000452993832014,0.9999504450180938,0.009954877003073131,-8.905647774274773e-05,-9.56036474351315e-07
stale-vision,11,2006219,0,0.0,-1.6,0.19526145448792273,1.2,1.0,0.0,0.0,0.0
stale-vision,11,2006219,1,0.10000000000000007,-1.5996646914485249,0.19493608956997155,1.20007722441114,0.9997594499060495,0.0152653298404087,0.015720503727125298,0.0009369050018647418
stale-vision,11,2006219,2,0.20000000000000015,-1.5962093331127394,0.19157251265676198,1.2006553035005423,0.9988123627630625,0.034286657534684434,0.034544724931269304,0.0022251036359986452
stale-vision,11,2006219,3,0.3000000000000002,-1.586043133573679,0.1815722726065526,1.2017070291247438,0.9979271374854453,0.04567538265573432,0.04523735374083678,0.002961336840832842
stale-vision,11,2006219,4,0.4000000000000003,-1.5670555449927803,0.16271690985819887,1.2026972374486724,0.9976126787180573,0.04932047469612429,0.048240708019163706,0.0030443597916609303
stale-vision,11,2006219,5,0.5000000000000003,-1.5386566396878714,0.13429796309360348,1.2031305713157026,0.9978557577851709,0.04701454820537073,0.04545913496803008,0.0026430966660055694
stale-vision,11,2006219,6,0.6000000000000004,-1.501383775204576,0.09675129214745931,1.202826244998457,0.9983991029049119,0.040869040964854615,0.03904982292224298,0.0020159709872619143
stale-vision,11,2006219,7,0.7000000000000005,-1.456472896821086,0.051246038060915475,1.201899215118199,0.9989838615058191,0.03276416767750893,0.030916794019943166,0.0013804400933688891
stale-vision,11,2006219,8,0.8000000000000006,-1.4054947736531755,-0.0006670016421718771,1.2006167934024772,0.9994545119837054,0.024151672362221814,0.022508525837465796,0.00086108196291469
stale-vision,11,2006219,9,0.9000000000000007,-1.350080444434552,-0.057327010778563316,1.199261644559726,0.9997616298515745,0.016039150560945726,0.014804798298893264,0.0004970645186969058
stale-vision,11,2006219,10,1.0000000000000007,-1.2917322337318218,-0.11715732973707595,1.1980498377913065,0.9999240647509385,0.009036831234641092,0.008374118002853008,0.00027305836852065785
stale-vision,11,2006219,11,1.1000000000000008,-1.2317104252498572,-0.17878822623878765,1.1971049462899475,0.9999881217532827,0.0034310552661720615,0.0034585407176196507,0.00015069242394640005
stale-vision,11,2006219,12,1.2000000000000008,-1.1709824323140672,-0.2411178287021944,1.196468834986506,0.9999997246817491,-0.0007337920318678879,6.345254040100422e-05,9.032970126048121e-05
stale-vision,11,2006219,13,1.300000000000001,-1.1102190663926512,-0.3033245030924902,1.1961276909979255,0.999991681339904,-0.0035764397229524057,-0.001960235748472456,6.169044430753265e-05
stale-vision,11,2006219,14,1.400000000000001,-1.0498223148223647,-0.3648455660680973,1.1960382929139433,0.9999818459322253,-0.0053100459209145245,-0.002847646025125158,4.6156409551140434e-05
stale-vision,11,2006219,15,1.500000000000001,-0.9899708721013252,-0.42533629574383663,1.1961474214067902,0.9999767473853228,-0.006187275124057103,-0.0028672491321525,3.460670163415128e-05
stale-vision,11,2006219,16,1.6000000000000012,-0.9306726310473961,-0.4846206225311594,1.1964031640039847,0.9999765255823211,-0.006460166966880476,-0.0022834089935256157,2.3883812420650442e-05
stale-vision,11,2006219,17,1.7000000000000013,-0.8718165008187773,-0.5426417434280847,1.196759871751618,0.9999789256920654,-0.006353976655165082,-0.0013322781387123338,1.3688301701220215e-05
stale-vision,11,2006219,18,1.8000000000000014,-0.8132187165440725,-0.5994179333506278,1.1971793117409761,0.9999816586208607,-0.006053007286972289,-0.0002085756964428639,4.564536537541473e-06
stale-vision,11,2006219,19,1.9000000000000015,-0.7546643154340519,-0.655003573152664,1.1976306988357368,0.9999827175262038,-0.005826527270152346,0.0007849983943151034,-2.529868070769477e-06
stale-vision,11,2006219,20,2.0000000000000013,-0.6959619484401395,-0.7094403689539156,1.1980891413299093,0.999981814122843,-0.005859692214837756,0.0014266668903410143,-7.233295672007429e-06
stale-vision,11,2006219,21,2.0999999999999903,-0.6369854362790376,-0.7627224473292677,1.1985341112153123,0.9999796602349428,-0.006142397360360598,0.0017175483540280638,-9.93617094768518e-06
stale-vision,11,2006219,22,2.1999999999999793,-0.5776761754333368,-0.8147958890284797,1.1989495313998029,0.9999767367000308,-0.0065924127367379464,0.0017510081196722403,-1.1118920819926927e-05
stale-vision,11,2006219,23,2.2999999999999683,-0.5180261262486403,-0.8655737199646345,1.199323918503722,0.9999732247192896,-0.007136426008314554,0.0016189947634825605,-1.114844935086459e-05
stale-vision,11,2006219,24,2.3999999999999573,-0.458060003490169,-0.9149501445999629,1.1996500296450423,0.9999692162002998,-0.007721433711750737,0.0013949933412910212,-1.033298344970605e-05
stale-vision,11,2006219,25,2.4999999999999463,-0.3978208734442626,-0.9628109897372169,1.199924270724522,0.9999648104475831,-0.008312305298534285,0.0011328578684328817,-8.955642093309533e-06
stale-vision,11,2006219,26,2.5999999999999353,-0.3373595541877564,-1.0090406725944476,1.2001460388386598,0.9999601306323093,-0.008887151337329155,0.0008692721246874863,-7.272917984703632e-06
stale-vision,11,2006219,27,2.6999999999999242,-0.27672737208063286,-1.053526566899045,1.2003170808053913,0.9999553112669566,-0.00943304117888866,0.0006270349779023913,-5.500642984866816e-06
stale-vision,11,2006219,28,2.7999999999999132,-0.215971640604096,-1.0961615994351013,1.200440900446641,0.999950483478702,-0.009942614176477616,0.00041832951974086547,-3.8026353728985984e-06
stale-vision,11,2006219,29,2.899999999999902,-0.15513322488537784,-1.136845741009456,1.2005222263047042,0.9999457669298909,-0.010411621490447177,0.0002476523753962995,-2.2872673010672938e-06
stale-vision,11,2006219,30,2.999999999999891,-0.09424562016784312,-1.1754868740608737,1.2005665448328373,0.9999412678113425,-0.010837336926511693,0.00011425918984771607,-1.0112308462758386e-06
stale-vision,11,2006219,31,3.09999999999988,-0.033335065692120254,-1.2120013520829924,1.2005797017441464,0.9999370805242725,-0.011217610881821447,1.4096048489260963e-05,1.2159376200077345e-08
stale-vision,11,2006219,32,3.199999999999869,0.02757868533037774,-1.246314437796773,1.200567572963947,0.9999332900225377,-0.011550413665983429,-5.872140038598426e-05,8.024179628931868e-07
stale-vision,11,2006219,33,3.299999999999858,0.08848122930351002,-1.278360712036777,1.2005358050928086,0.9999299731132351,-0.011833705136474908,-0.0001108627244383037,1.4015301369591268e-06
stale-vision,11,2006219,34,3.399999999999847,0.14936221640759326,-1.3080844801415268,1.200489622982958,0.9999271979221296,-0.012065514213641729,-0.00014905999705844058,1.8644385805107366e-06
stale-vision,11,2006219,35,3.499999999999836,0.21021403755201093,-1.3354401619325087,1.2004336995883904,0.9999250218547892,-0.012244116477835083,-0.00017965330328622824,2.2511587672150106e-06
stale-vision,11,2006219,36,3.599999999999825,0.27103058492736143,-1.360392631209453,1.2003720810252216,0.9999234886659777,-0.012368241921272031,-0.00020832419354738417,2.6204809636989185e-06
stale-vision,11,2006219,37,3.699999999999814,0.3318061389745528,-1.382917464785298,1.2003081583088726,0.9999226254291336,-0.012437264848076,-0.00023997677767769173,3.0254305335200096e-06
stale-vision,11,2006219,38,3.799999999999803,0.3925344066387129,-1.4030010641863637,1.2002446764167605,0.9999224400764243,-0.012451351231930545,-0.00027869658693330875,3.5100126766322196e-06
stale-vision,11,2006219,39,3.899999999999792,0.4532077189723044,-1.4206406217030854,1.2001837711928391,0.9999229201349806,-0.012411540362818996,-0.0003277768794889691,4.107385972292073e-06
stale-vision,11,2006219,40,3.999999999999781,0.5138163837290824,-1.4358439145617805,1.2001270253341596,0.9999240326804396,-0.01231977738600732,-0.0003897817723574559,4.83918517237251e-06
stale-vision,11,2006219,41,4.0999999999997705,0.5743481809717405,-1.4486289217005308,1.200075535533607,0.9999257258684734,-0.012178874331091952,-0.00046661950907889903,5.7156798316215125e-06
stale-vision,11,2006219,42,4.1999999999997595,0.6347879870969019,-1.4590232701704804,1.2000299843528415,0.9999279315144182,-0.011992436778402286,-0.0005596356203218841,6.736835889632891e-06
stale-vision,11,2006219,43,4.2999999999997485,0.6951175097512582,-1.4670635265511254,1.1999907116852895,0.9999305688285163,-0.011764734280108779,-0.0006696919348580645,7.893724012953552e-06
stale-vision,11,2006219,44,4.3999999999997375,0.7553151173792596,-1.4727943580308345,1.1999577822063832,0.9999335485604485,-0.0115005547214821,-0.0007972579938699905,9.17047004040657e-06
stale-vision,11,2006219,45,4.499999999999726,0.8153557460502768,-1.4762675919896036,1.199931046710247,0.9999367771799595,-0.011205054025140118,-0.0009424945742769582,1.0546326554269711e-05
stale-vision,11,2006219,46,4.599999999999715,0.8752108670000512,-1.4775412042797693,1.1999101957814307,0.9999401611888279,-0.010883572466361551,-0.0011053271393243783,1.199767124614004e-05
stale-vision,11,2006219,47,4.699999999999704,0.9348485004689555,-1.4766782709914124,1.1998948056491328,0.9999436106505772,-0.010541479780165992,-0.0012855119150025714,1.3499859738745205e-05
stale-vision,11,2006219,48,4.799999999999693,0.9942332626483384,-1.473745915303363,1.1998843764189626,0.9999470422549676,-0.01018400968194106,-0.0014827024221844545,1.5028876541371595e-05
stale-vision,11,2006219,49,4.899999999999682,1.053326432974573,-1.4688142801611,1.1998783635451302,0.999950381148412,-0.00981615209879832,-0.0016965036981788032,1.6562636783645333e-05
stale-vision,11,2006219,50,4.999999999999671,1.1120860310772789,-1.4619555498282446,1.1998762032312968,0.99995356231038,-0.009442533817401908,-0.0019265126355037813,1.80818455124005e-05
stale-vision,11,2006219,51,5.09999999999966,1.1704668952861164,-1.4532430421950553,1.199877332546967,0.9999565310206286,-0.009067334900146802,-0.0021723544816521197,1.9570539493060828e-05
stale-vision,11,2006219,52,5.199999999999649,1.2284207556025184,-1.4427503886782875,1.199881205349473,0.9999592425672553,-0.008694239542876608,-0.00243371350124712,2.101634090188953e-05
stale-vision,11,2006219,53,5.299999999999638,1.2858962951100192,-1.4305508113962302,1.1998873045926584,0.9999616614817688,-0.008326405391377377,-0.0027103574767886407,2.241043646423741e-05
stale-vision,11,2006219,54,5.399999999999627,1.3428391952945358,-1.416716503650522,1.199895151576601,0.999963760461685,-0.007966450406754208,-0.0030021437861359047,2.3747233396464974e-05
stale-vision,11,2006219,55,5.499999999999616,1.3991921635955449,-1.4013181159298087,1.199904312688945,0.9999655189498077,-0.007616470193387185,-0.0033090281104965927,2.502396818351631e-05
stale-vision,11,2006219,56,5.599999999999605,1.4548949418972992,-1.384424344362859,1.1999144040015568,0.9999669216471732,-0.007278070607184884,-0.0036310619886352237,2.624019640999515e-05
stale-vision,11,2006219,57,5.699999999999594,1.5098842962092833,-1.3661016155635448,1.1999250938335055,0.9999679571890371,-0.006952392631637185,-0.00396838522256817,2.739719172148164e-05
stale-vision,11,2006219,58,5.799999999999583,1.5640939892451131,-1.3464138620959394,1.1999361036357454,0.99996861677242,-0.0066401675982074825,-0.00432120728763597,2.849735282926655e-05
stale-vision,11,2006219,59,5.899999999999572,1.6174547391043765,-1.3254223783647225,1.1999472074708182,0.9999688929055534,-0.006341779065039205,-0.004689796018819278,2.9543769213098543e-05
stale-vision,11,2006219,60,5.999999999999561,1.66989416698526,-1.3031857452469746,1.1999582300199638,0.9999687786092957,-0.006057299352333129,-0.005074445636781985,3.053963480734624e-05
stale-vision,11,2006219,61,6.09999999999955,1.7213367393245396,-1.2797598151646794,1.1999690434828525,0.9999682665902747,-0.005786551818777476,-0.005475457880490273,3.148790137247362e-05
stale-vision,11,2006219,62,6.199999999999539,1.7717037091460361,-1.2551977466315085,1.1999795634476702,0.999967348902292,-0.005529149735273066,-0.005893096245633455,3.239080938867025e-05
stale-vision,11,2006219,63,6.299999999999528,1.820913064677825,-1.229550079618648,1.1999897438787759,0.9999660167565052,-0.005284544729033059,-0.006327544041777832,3.3249563864478275e-05
stale-vision,11,2006219,64,6.399999999999517,1.8688794937049602,-1.2028648428964512,1.199999571535375,0.9999642605626531,-0.005052067298444646,-0.006778868123356734,3.4064133494800986e-05
stale-vision,11,2006219,65,6.499999999999506,1.9155143713281628,-1.1751876854028562,1.2000090597413537,0.9999620704528192,-0.004830948750743467,-0.007246956364389626,3.483290164790062e-05
stale-vision,11,2006219,66,6.599999999999495,1.960725782852824,-1.1465620270229802,1.2000182416651022,0.9999594370843091,-0.004620342812701918,-0.007731452279700893,3.5552369927762747e-05
stale-vision,11,2006219,67,6.699999999999484,2.004418594495049,-1.1170292244080886,1.2000271633994444,0.9999563525952194,-0.004419355103029182,-0.008231700508577416,3.621705138064638e-05
stale-vision,11,2006219,68,6.799999999999473,2.0464945834559565,-1.0866287468122242,1.2000358766902854,0.9999528121952236,-0.0042270451305905805,-0.008746663173879244,3.6819164581649024e-05
stale-vision,11,2006219,69,6.899999999999462,2.0868526430273104,-1.0553983607896438,1.200044431352261,0.9999488160746475,-0.0040424302732100644,-0.009274836575259607,3.7348353146939184e-05
stale-vision,11,2006219,70,6.999999999999451,2.1253890793052284,-1.0233743233172208,1.2000528675480933,0.9999443716615113,-0.0038644852026162553,-0.009814168756975156,3.779144724715815e-05
stale-vision,11,2006219,71,7.09999999999944,2.1619980159053496,-0.9905915831092458,1.2000612078978528,0.9999394963091081,-0.0036921471784088834,-0.01036196488261961,3.813227795665761e-05
stale-vision,11,2006219,72,7.199999999999429,2.196571925047856,-0.9570839897646363,1.2000694494409851,0.9999342204076683,-0.0035243003963218084,-0.01091479242101215,3.835142595672252e-05
stale-vision,11,2006219,73,7.299999999999418,2.2290023034538162,-0.9228845129761034,1.2000775557082561,0.999928590589329,-0.003359771702248815,-0.011468399172613823,3.8426115900232534e-05
stale-vision,11,2006219,74,7.399999999999407,2.2591805094008777,-0.888025473301422,1.20008544913201,0.9999226730717433,-0.003197316915715778,-0.012017635890523166,3.8330178740801146e-05
stale-vision,11,2006219,75,7.499999999999396,2.286998775664643,-0.852538786745856,1.2000930042343239,0.9999165566727493,-0.0030356090579959356,-0.012556405646507458,3.803418712757861e-05
stale-vision,11,2006219,76,7.599999999999385,2.31235140842739,-0.8164562257322749,1.2001000422337933,0.9999103552313625,-0.0028732227976607932,-0.013077640657285087,3.7505786404402705e-05
stale-vision,11,2006219,77,7.699999999999374,2.3351361761539824,-0.7798096988249816,1.2001063280045714,0.9999042087140934,-0.0027086427082318922,-0.0135733305734573,3.671057128511059e-05
stale-vision,11,2006219,78,7.799999999999363,2.3552558831715933,-0.742631548730981,1.2001115702869392,0.9998982828500206,-0.0025402484589836377,-0.014034593797100084,3.5613160414086887e-05
stale-vision,11,2006219,79,7.899999999999352,2.3726201127840048,-0.704954870459177,1.2001154265063045,0.9998927661246783,-0.002366312154091404,-0.01445183898825658,3.4178744943667676e-05
stale-vision,11,2006219,80,7.999999999999341,2.387147108981634,-0.6668138503124823,1.20011751336059,0.9998878641419401,-0.0021850138119850213,-0.01481498593157035,3.237527021122894e-05
stale-vision,11,2006219,81,8.099999999999374,2.398765752340787,-0.6282441232582477,1.2001174240402637,0.99988379080424,-0.001994441173265296,-0.015113774537277346,3.017590728685267e-05
stale-vision,11,2006219,82,8.199999999999408,2.407417569289545,-0.5892831475958257,1.200114752959654,0.9998807560456754,-0.0017926228248059581,-0.015338169162753167,2.756213487225437e-05
stale-vision,11,2006219,83,8.299999999999441,2.4130586957508497,-0.5499705912996201,1.2001091275892322,0.9998789510521292,-0.0015775644515154676,-0.015478822039059913,2.4527089442873485e-05
stale-vision,11,2006219,84,8.399999999999475,2.415661704215719,-0.5103487228068202,1.200100245866601,0.9998785320005843,-0.001347282100090658,-0.015527576468582062,2.1078678737086135e-05
stale-vision,11,2006219,85,8.499999999999508,2.4152171954879758,-0.47046279939913377,1.2000879167695584,0.9998796035853815,-0.0010998532750447604,-0.015477995975407905,1.7242367122918046e-05
stale-vision,11,2006219,86,8.599999999999541,2.411735052510449,-0.4303614433599611,1.2000721000012289,0.9998822047990521,-0.0008334783793938856,-0.015325849709894245,1.3063198016899371e-05
stale-vision,11,2006219,87,8.699999999999575,2.4052452611413995,-0.3900969939768277,1.2000529399492348,0.9998862987262837,-0.0005465447406432224,-0.015069533311484966,8.606572546440822e-06
stale-vision,11,2006219,88,8.799999999999608,2.39579821681321,-0.3497258227362398,1.2000307886406607,0.9998917685333624,-0.00023769759621524694,-0.014710360410783756,3.957471096139224e-06
stale-vision,11,2006219,89,8.899999999999642,2.3834644604959485,-0.3093085979874555,1.2000062127379574,0.9998984207856922,9.409077633102423e-05,-0.014252692959306906,-7.82114844350439e-07
stale-vision,11,2006219,90,8.999999999999675,2.36833381906732,-0.2689104854547517,1.1999799812789116,0.9999059961871282,0.00044945428743966583,-0.0137038954186991,-5.497550793278009e-06
stale-vision,11,2006219,91,9.099999999999708,2.350513959902215,-0.22860127155133014,1.199953032789359,0.9999141870979916,0.0008285718280116335,-0.013074089166511314,-1.006746926431959e-05
stale-vision,11,2006219,92,9.199999999999742,2.330128407571017,-0.1884553973628972,1.1999264232807378,0.9999226596645077,0.0012311093397155432,-0.01237573645211966,-1.437072972905077e-05
stale-vision,11,2006219,93,9.299999999999775,2.3073141042326584,-0.14855189206766314,1.1999012593862493,0.9999310780250039,0.0016561730382531267,-0.011623078592037654,-1.8293813639371433e-05
stale-vision,11,2006219,94,9.399999999999809,2.2822186233815294,-0.1089741969105101,1.1998786230068783,0.9999391277473292,0.002102291932561529,-0.010831467859751141,-2.173803459926716e-05
stale-vision,11,2006219,95,9.499999999999842,2.254997166708965,-0.06980987561499367,1.1998594954100485,0.9999465356583118,0.0025674005477809153,-0.010016669753108371,-2.4625694261190664e-05
stale-vision,11,2006219,96,9.599999999999875,2.225809480554766,-0.0311502081403519,1.1998446886115588,0.999953084476283,0.0030488288165396596,-0.009194170183549158,-2.690447827373541e-05
stale-vision,11,2006219,97,9.699999999999909,2.1948168267899475,0.006910333702972032,1.1998347908173241,0.999958621183596,0.0035433260401103073,-0.008378540808501938,-2.8549880527043305e-05
stale-vision,11,2006219,98,9.799999999999942,2.162179131932281,0.0442747247920484,1.1998301308060684,0.9999630592041918,0.004047084681405992,-0.007582905674313954,-2.9565353338710998e-05
stale-vision,11,2006219,99,9.899999999999975,2.128052418470641,0.08084413387366667,1.1998307636514873,0.9999663751069912,0.004555791888139223,-0.006818542134149032,-2.9980349915836826e-05
stale-vision,11,2006219,100,10.000000000000009,2.092586596993195,0.11651876973444548,1.1998364774794674,0.9999686014057241,0.00506469299218644,-0.006094603905325813,-2.9846453834037908e-05
stale-vision,11,2006219,101,10.100000000000042,2.0559236727372667,0.15119881345120148,1.1998468188827915,0.9999698167183328,0.005568676762522911,-0.005417991961643132,-2.9232179322880906e-05
stale-vision,11,2006219,102,10.200000000000076,2.0181963926414004,0.1847854205351587,1.1998611329340285,0.9999701349901363,0.006062360545731145,-0.0047933408213590295,-2.8216863691181338e-05
stale-vision,11,2006219,103,10.300000000000109,1.9795273353475733,0.2171817753814057,1.1998786129776895,0.9999696946563361,0.006540208991475122,-0.004223116442907452,-2.688440615073199e-05
stale-vision,11,2006219,104,10.400000000000142,1.9400284257499159,0.2482941754796642,1.1998983552470721,0.999968648712407,0.00699666129893983,-0.0037077866693110756,-2.531728180341716e-05
stale-vision,11,2006219,105,10.500000000000176,1.8998008404231952,0.27803312021550575,1.199919413739837,0.99996715600416,0.007426267743208008,-0.003246059734919877,-2.3591403063834704e-05
stale-vision,11,2006219,106,10.60000000000021,1.8589352581485248,0.30631437769131153,1.1999408516331984,0.999965373970542,0.007823832478357053,-0.0028351421984723502,-2.1771984442331976e-05
stale-vision,11,2006219,107,10.700000000000243,1.8175124039932777,0.3330600014402711,1.199961786614093,0.999963452539295,0.00818456631899729,-0.002471045004073849,-1.991103959224897e-05
stale-vision,11,2006219,108,10.800000000000276,1.7756038287856606,0.3581992675347501,1.1999814283202381,0.9999615293348866,0.00850423072054061,-0.0021488565392398956,-1.804600746255476e-05
stale-vision,11,2006219,109,10.90000000000031,1.7332728690198005,0.3816695037228112,1.1999991070315534,0.9999597257961791,0.008779274537320818,-0.0018630249035619794,-1.6199931953398634e-05
stale-vision,11,2006219,110,11.000000000000343,1.6905757326276414,0.4034167841913159,1.200014293464278,0.999958144245711,0.00900694618090517,-0.001607628782478566,-1.4382902387546306e-05
stale-vision,11,2006219,111,11.100000000000376,1.6475626579104994,0.42339646765104755,1.2000266099445647,0.9999568657781935,0.009185390171038862,-0.001376601555045332,-1.2594237065418111e-05
stale-vision,11,2006219,112,11.20000000000041,1.6042791010671182,0.4415735603783042,1.2000358335924075,0.9999559490551236,0.009313704045948267,-0.0011639368637624493,-1.082537379890619e-05
stale-vision,11,2006219,113,11.300000000000443,1.5607669121764278,0.457922892749613,1.200041892334688,0.99995542996637,0.009391961929543034,-0.0009638722670673011,-9.063104164457122e-06
stale-vision,11,2006219,114,11.400000000000476,1.5170654638842176,0.47242910456292203,1.2000448547965405,0.9999553221076727,0.009421212338515726,-0.0007710340012089475,-7.2926729726061125e-06
stale-vision,11,2006219,115,11.50000000000051,1.473212704270742,0.48508644035087617,1.2000449148847692,0.999955618403232,0.009403412059077625,-0.0005805473303998261,-5.5004811086434805e-06
stale-vision,11,2006219,116,11.600000000000543,1.4292461122261975,0.4958983664332033,1.2000423722778364,0.9999562933394875,0.0093413469848555,-0.0003881156358995528,-3.6762025065507476e-06
stale-vision,11,2006219,117,11.700000000000577,1.3852035398073843,0.5048770260481011,1.2000376100172407,0.9999573059412468,0.009238515316670654,-0.00019006887038603974,-1.8141835071449584e-06
stale-vision,11,2006219,118,11.80000000000061,1.3411239319013677,0.5120425551801665,1.200031070228479,0.999958603320846,0.009098976245979095,1.6609926707178185e-05,8.585350424667261e-08
stale-vision,11,2006219,119,11.900000000000643,1.2970479184500805,0.5174222881783,1.200023229362795,0.9999601243061073,0.00892719986598332,0.00023429936180283277,2.01895445235687e-06
stale-vision,11,2006219,120,12.000000000000677,1.2530182812428725,0.5210498831755495,1.2000145740771282,0.9999618031745648,0.008727896459648736,0.00046475741703462693,3.975467381391694e-06
stale-vision,12,2006220,0,0.0,-1.6,-0.19885744189512577,1.2,1.0,0.0,0.0,0.0
stale-vision,12,2006220,1,0.10000000000000007,-1.5996153348037587,-0.19912824388934802,1.200078304390754,0.9997561982654023,0.012706404280431627,0.018035814177723725,0.0008948335694114174
stale-vision,12,2006220,2,0.20000000000000015,-1.5956400960929618,-0.20193238471112676,1.2006753337065232,0.9987768055309826,0.028762577361457285,0.04016112014161455,0.0021659422482318107
stale-vision,12,2006220,3,0.3000000000000002,-1.5838724462388074,-0.2102997284084623,1.2017584411292426,0.997868290391339,0.03842096672361599,0.052671682652093856,0.0028979637826118797
stale-vision,12,2006220,4,0.4000000000000003,-1.5618519129082975,-0.22610884016739763,1.2027536840080835,0.9975729337505139,0.041612000629159054,0.05574829158640098,0.0029683728251686295
stale-vision,12,2006220,5,0.5000000000000003,-1.5289703070365928,-0.24998160508317327,1.203160736065485,0.9978449766236701,0.04001033967163366,0.051942114884493164,0.002567498314238917
stale-vision,12,2006220,6,0.6000000000000004,-1.4859585332547351,-0.2816185194775192,1.2028156384688264,0.9984065291607507,0.035323629051320686,0.04396387122326765,0.001954939101780287
stale-vision,12,2006220,7,0.7000000000000005,-1.434351285254533,-0.3201312285438285,1.2018496643219374,0.9989968889524041,0.028978859247809054,0.03411231457885816,0.001338496987905053
stale-vision,12,2006220,8,0.8000000000000006,-1.3760489839522865,-0.3643084602609725,1.200539496711845,0.9994651631434646,0.022075865312452713,0.02411111236474978,0.0008355201061331553
stale-vision,12,2006220,9,0.9000000000000007,-1.3129909915278346,-0.41282074571162203,1.1991700014051887,0.999767222066523,0.015397140727241732,0.015106179338983138,0.0004827883514924515
stale-vision,12,2006220,10,1.0000000000000007,-1.246933650021351,-0.46437093617149705,1.1979548721691642,0.9999254438488772,0.009440392674997255,0.0077404859823000825,0.0002657188852185312
stale-vision,12,2006220,11,1.1000000000000008,-1.1793211176669942,-0.5177943366894702,1.1970137091089128,0.99998746190191,0.004465408705387278,0.002261497017398866,0.00014763235182582165
stale-vision,12,2006220,12,1.2000000000000008,-1.111232443735747,-0.5721136320565318,1.196384893540495,0.9999989125286335,0.0005481458609268498,-0.001366140813705367,9.020500161252395e-05
stale-vision,12,2006220,13,1.300000000000001,-1.0433852829463826,-0.626556880093193,1.196052512533484,0.999991562878011,-0.0023647178708125507,-0.0033583066435724914,6.370771099179016e-05
stale-vision,12,2006220,14,1.400000000000001,-0.9761765832504218,-0.6805487666312837,1.1959725992217962,0.9999821832678586,-0.00440608615242499,-0.004027046386377976,4.9488058731548905e-05
stale-vision,12,2006220,15,1.500000000000001,-0.9097431636778345,-0.7336852538054404,1.1960920406076472,0.9999765788641075,-0.0057470629689435285,-0.003716387226862465,3.816342084678082e-05
stale-vision,12,2006220,16,1.6000000000000012,-0.8440290125438775,-0.7857002392441246,1.1963592912538161,0.9999746443885795,-0.006565565416060183,-0.0027573962986975676,2.6388517102405907e-05
stale-vision,12,2006220,17,1.7000000000000013,-0.7788501713048294,-0.8364306969942773,1.1967288828877007,0.999974287098199,-0.007025067069463817,-0.001439924208755664,1.3906541218365204e-05
stale-vision,12,2006220,18,1.8000000000000014,-0.7139515598522479,-0.8857845950176255,1.1971623593983296,0.9999736275384894,-0.00726252161597884,2.2106788902822637e-06,1.5507682589454983e-06
stale-vision,12,2006220,19,1.9000000000000015,-0.6490528333874847,-0.9337139860904087,1.1976277353376497,0.9999717651477336,-0.007383788871868109,0.0013958772062436934,-9.800348036048763e-06
stale-vision,12,2006220,20,2.0000000000000013,-0.5838823722496389,-0.9801941714605786,1.1980987024992438,0.9999686918169431,-0.007464495648929537,0.0026260819742093106,-1.959808027638189e-05
stale-vision,12,2006220,21,2.0999999999999903,-0.518204770605157,-1.0252060610404246,1.198554271132636,0.9999647148561919,-0.007681666907647437,0.0034000509528051524,-2.6260504565076185e-05
stale-vision,12,2006220,22,2.1999999999999793,-0.451869313494045,-1.0687066811175319,1.1989779756607364,0.9999607018034987,-0.008090290384930093,0.003625078185804801,-2.929656205426018e-05
stale-vision,12,2006220,23,2.2999999999999683,-0.38482961746396055,-1.110617198970209,1.199357811052901,0.9999569194471842,-0.008624390006183294,0.0034319517127987874,-2.9226007227201657e-05
stale-vision,12,2006220,24,2.3999999999999573,-0.3171209785987769,-1.1508340334680327,1.1996864654822925,0.999953091175127,-0.009216064390392,0.002979746681178364,-2.676149170544229e-05
stale-vision,12,2006220,25,2.4999999999999463,-0.24882996908365437,-1.1892418415607129,1.1999607836202322,0.999948894384657,-0.009820955254487104,0.0023993632495025725,-2.264482891690351e-05
stale-vision,12,2006220,26,2.5999999999999353,-0.1800688677952372,-1.2257223136311695,1.2001808846078652,0.9999441780342032,-0.010413908885532898,0.001786339202731757,-1.759201408545627e-05
stale-vision,12,2006220,27,2.6999999999999242,-0.11095687407481951,-1.2601592479911685,1.200349271690178,0.9999389799892235,-0.010981155091031699,0.0012043178133105223,-1.223041292719113e-05
stale-vision,12,2006220,28,2.7999999999999132,-0.04160753701508281,-1.2924413626086804,1.2004700686619465,0.9999334703595522,-0.011514226009603626,0.0006909445409264776,-7.052925534073613e-06
stale-vision,12,2006220,29,2.899999999999902,0.027878725300372165,-1.3224640285862865,1.200548408440457,0.9999278880175397,-0.012006208787501515,0.0002640256963130638,-2.4012234357825576e-06
stale-vision,12,2006220,30,2.999999999999891,0.0974182108516063,-1.3501306671464468,1.2005899566134115,0.9999224941346861,-0.012449916262707438,-7.284359728710074e-05,1.5270262909975901e-06
stale-vision,12,2006220,31,3.09999999999988,0.16694472011435332,-1.3753541782017675,1.200600544893991,0.9999175441991167,-0.012837399909439523,-0.00032549145880864214,4.656553359168747e-06
stale-vision,12,2006220,32,3.199999999999869,0.23640847893844713,-1.3980585043007823,1.20058589431523,0.9999132719723567,-0.01316028521675611,-0.0005053488411944567,7.007028050283617e-06
stale-vision,12,2006220,33,3.299999999999858,0.3057739469985814,-1.4181802705368616,1.2005514144685476,0.9999098786220967,-0.013410517961202075,-0.0006265515769605472,8.66466226536913e-06
stale-vision,12,2006220,34,3.399999999999847,0.3750170807152031,-1.435670358775047,1.2005020686671375,0.9999075233505827,-0.013581207595242905,-0.0007038834990473895,9.755976567897035e-06
stale-vision,12,2006220,35,3.499999999999836,0.4441224565484977,-1.4504952532657822,1.200442295675617,0.9999063146108782,-0.013667379707491824,-0.0007514150253603874,1.0425105354589049e-05
stale-vision,12,2006220,36,3.599999999999825,0.5130805240856336,-1.4626380117906626,1.2003759776241578,0.9999063031990586,-0.013666515990995118,-0.0007816946237630268,1.081552552115656e-05
stale-vision,12,2006220,37,3.699999999999814,0.5818851504991137,-1.4720987568620574,1.2003064425897787,0.999907478930567,-0.013578839555850078,-0.0008053401699769223,1.105640555569882e-05
stale-vision,12,2006220,38,3.799999999999803,0.6505315384262749,-1.4788946312585678,1.2002364901560514,0.999909772260803,-0.013407340249453985,-0.0008309260702220397,1.1253861292892845e-05
stale-vision,12,2006220,39,3.899999999999792,0.71901454158035,-1.4830592126464348,1.2001684293484514,0.9999130611448384,-0.013157571538721232,-0.0008650613953415816,1.1486692982648024e-05
stale-vision,12,2006220,40,3.999999999999781,0.7873273641236306,-1.4846414263339656,1.200104120839163,0.9999171821042641,-0.012837288829894244,-0.0009125835773740922,1.1805978075576388e-05
stale-vision,12,2006220,41,4.0999999999997705,0.8554606069845712,-1.4837040275483944,1.200045017737122,0.9999219444885517,-0.012455947522793819,-0.0009768069345045816,1.2237540086553024e-05
stale-vision,12,2006220,42,4.1999999999997595,0.9234016128119017,-1.4803217505620216,1.1999922022695544,0.9999271456981558,-0.012024140949451267,-0.0010597956761827043,1.2786410698843407e-05
stale-vision,12,2006220,43,4.2999999999997485,0.9911340565008604,-1.4745792345802042,1.1999464182793609,0.9999325854688316,-0.011553035084544586,-0.0011626337593110172,1.3442281369221705e-05
stale-vision,12,2006220,44,4.3999999999997375,1.0586377285863662,-1.4665688370488588,1.199908100775524,0.999938077897976,-0.01105383260430244,-0.0012856722919711884,1.4185051625932549e-05
stale-vision,12,2006220,45,4.499999999999726,1.1258884629834698,-1.4563884390775907,1.1998774045876284,0.9999434602264683,-0.010537305310225755,-0.0014287485504308212,1.4989871781179811e-05
stale-vision,12,2006220,46,4.599999999999715,1.1928581659750532,-1.4441393345113984,1.1998542341603669,0.9999485980476929,-0.010013417217741415,-0.0015913791013383333,1.5831333535546192e-05
stale-vision,12,2006220,47,4.699999999999704,1.2595149088940407,-1.4299242767922262,1.199838275785424,0.9999533873046712,-0.009491034330972347,-0.0017729091364530455,1.6686421239987054e-05
stale-vision,12,2006220,48,4.799999999999693,1.3258230546419971,-1.4138457401803737,1.1998290328718162,0.9999577534200138,-0.008977737094171864,-0.001972638928111596,1.7536427171368393e-05
stale-vision,12,2006220,49,4.899999999999682,1.3917433936465848,-1.3960044322686462,1.199825864022417,0.99996164832214,-0.008479730471820034,-0.0021899129250856726,1.8367793117023973e-05
stale-vision,12,2006220,50,4.999999999999671,1.457233271215467,-1.3764980756177847,1.1998280228536622,0.9999650461670848,-0.008001835436642993,-0.0024241918507781303,1.9172231133648383e-05
stale-vision,12,2006220,51,5.09999999999966,1.5222466926283496,-1.3554204602851592,1.1998346980324992,0.9999679384730469,-0.007547550012803214,-0.0026750919456883008,1.9946189249345346e-05
stale-vision,12,2006220,52,5.199999999999649,1.5867343977420245,-1.3328607555359637,1.1998450517903314,0.9999703292368894,-0.007119160021622538,-0.002942410300409494,2.0690016299054185e-05
stale-vision,12,2006220,53,5.299999999999638,1.6506439002575441,-1.3089030591841893,1.199858255252616,0.9999722304287684,-0.006717882316657882,-0.0032261385948208054,2.1406984106949104e-05
stale-vision,12,2006220,54,5.399999999999627,1.7139194890058156,-1.2836261566008236,1.1998735191857124,0.9999736581087314,-0.0063440267995813265,-0.003526460562274494,2.2102261232280205e-05
stale-vision,12,2006220,55,5.499999999999616,1.7765021914461068,-1.2571034575545381,1.1998901192377465,0.9999746291735253,-0.005997172897945362,-0.003843749143841716,2.278205069127723e-05
stale-vision,12,2006220,56,5.599999999999605,1.8383297005914718,-1.2294030766740227,1.1999074150487008,0.9999751589338838,-0.005676336973741404,-0.004178536069362,2.3452748754106136e-05
stale-vision,12,2006220,57,5.699999999999594,1.8993362701371226,-1.200588024690172,1.1999248631385673,0.9999752592762216,-0.005380122803805047,-0.0045315044161372674,2.4120418410444922e-05
stale-vision,12,2006220,58,5.799999999999583,1.959452580585701,-1.170716480591022,1.1999420238953926,0.9999749373836465,-0.005106869972062223,-0.0049034548126470475,2.479034928829191e-05
stale-vision,12,2006220,59,5.899999999999572,2.0186055821768205,-1.1398421163843728,1.1999585630903427,0.9999741950480757,-0.004854762806154878,-0.005295268406188203,2.5466733969381705e-05
stale-vision,12,2006220,60,5.999999999999561,2.076718321928568,-1.1080144523754651,1.1999742487605531,0.9999730282656547,-0.004621924531987154,-0.005707877966643633,2.6152514355290513e-05
stale-vision,12,2006220,61,6.09999999999955,2.1337097608230016,-1.0752792246267315,1.199988944358978,0.999971427147042,-0.004406498882355966,-0.006142225673198984,2.6849323435115973e-05
stale-vision,12,2006220,62,6.199999999999539,2.189494589302408,-1.0416787491122936,1.2000025989177143,0.9999693762364573,-0.004206690049332967,-0.006599211217246629,2.755736999574425e-05
stale-vision,12,2006220,63,6.299999999999528,2.2439830510118592,-1.0072522736808167,1.2000152351957243,0.9999668549261662,-0.004020807380755758,-0.007079643887651982,2.827546361220274e-05
stale-vision,12,2006220,64,6.399999999999517,2.297080784802179,-0.9720363101185628,1.2000269364548009,0.9999638383306342,-0.003847275943009666,-0.007584171532309917,2.900091311847497e-05
stale-vision,12,2006220,65,6.499999999999506,2.348688698364797,-0.9360649433670739,1.2000378324564698,0.999960298410048,-0.003684641676110674,-0.008113207477161082,2.972942121040724e-05
stale-vision,12,2006220,66,6.599999999999495,2.3987028882793227,-0.8993701171537773,1.200048085202933,0.9999562055004682,-0.003531571323372287,-0.008666842423184268,3.0454971081682422e-05
stale-vision,12,2006220,67,6.699999999999484,2.447014623530309,-0.8619818963336664,1.200057874633332,0.9999515303640119,-0.0033868280374082186,-0.009244746993589471,3.11695540538673e-05
stale-vision,12,2006220,68,6.799999999999473,2.4935104120905867,-0.8239287100932621,1.2000673843951837,0.9999462468914783,-0.0032492528878634006,-0.009846048348352667,3.18628160121526e-05
stale-vision,12,2006220,69,6.899999999999462,2.538072174277667,-0.7852375799597734,1.2000767877529648,0.9999403354345002,-0.0031177441877358893,-0.010469201720097125,3.252171125308692e-05
stale-vision,12,2006220,70,6.999999999999451,2.580577548494074,-0.7459343368037306,1.200086233554897,0.9999337869684098,-0.0029912240291706054,-0.011111847741272607,3.31300016054431e-05
stale-vision,12,2006220,71,7.09999999999944,2.6209003573159166,-0.7060438329540075,1.2000958321149144,0.9999266080957394,-0.002868614152287229,-0.01177065594925942,3.366775826154295e-05
stale-vision,12,2006220,72,7.199999999999429,2.658911264728951,-0.6655901547077334,1.2001056408856987,0.9999188269634927,-0.0027487998129935415,-0.012441158306081933,3.4110764736713134e-05
stale-vision,12,2006220,73,7.299999999999418,2.694478656631117,-0.6245968416211393,1.2001156501680106,0.9999104995814047,-0.0026306088991211916,-0.013117604135413425,3.4430108230862966e-05
stale-vision,12,2006220,74,7.399999999999407,2.7274697740593004,-0.5830871175805065,1.2001257689233897,0.999901716853064,-0.002512772415467902,-0.013792802923964165,3.459167440153728e-05
stale-vision,12,2006220,75,7.499999999999396,2.757752128240247,-0.5410841402779049,1.2001358116566685,0.9998926108572838,-0.0023939088207622725,-0.014458034425154065,3.455609998144952e-05
stale-vision,12,2006220,76,7.599999999999385,2.785195216443357,-0.4986112730105535,1.2001454875095539,0.9998833603328386,-0.0022725057848993176,-0.015102988840424842,3.427908239874768e-05
stale-vision,12,2006220,77,7.699999999999374,2.809672548947024,-0.4556923821462204,1.2001543931344951,0.999874193901851,-0.002146897935415797,-0.015715790208354664,3.37120987462578e-05
stale-vision,12,2006220,78,7.799999999999363,2.8310639818672723,-0.4123521644061538,1.200162012229499,0.9998653892577037,-0.0020152561492994235,-0.01628315175563101,3.28039034169685e-05
stale-vision,12,2006220,79,7.899999999999352,2.849258325776315,-0.36861650594056905,1.200167724216144,0.9998572676672758,-0.0018755936749809176,-0.016790635749094993,3.1502943541891006e-05
stale-vision,12,2006220,80,7.999999999999341,2.864156177547485,-0.3245128723398452,1.2001708249440646,0.9998501820866834,-0.0017257727103513936,-0.017223071853782013,2.9760667339591844e-05
stale-vision,12,2006220,81,8.099999999999374,2.87567289290271,-0.28007072789849996,1.2001705621630865,0.9998444980836646,-0.0015635255752768612,-0.017565143932852294,2.7535760709477984e-05
stale-vision,12,2006220,82,8.199999999999408,2.883741584220898,-0.23532198013556746,1.2001661869290285,0.9998405680021712,-0.0013864872950175764,-0.017802123892394568,2.4799129627065627e-05
stale-vision,12,2006220,83,8.299999999999441,2.888315999877315,-0.19030144311431546,1.2001570198145437,0.9998387002112832,-0.0011922397873167572,-0.0179207047898388,2.153920866422213e-05
stale-vision,12,2006220,84,8.399999999999475,2.889373121439206,-0.14504731070950033,1.2001425282902272,0.9998391259827231,-0.000978378576414333,-0.017909902673978892,1.7767235066720732e-05
stale-vision,12,2006220,85,8.499999999999508,2.8869153030691415,-0.09960162717789668,1.200122408401224,0.9998419684541253,-0.0007425836086994912,-0.01776193977386823,1.3521580818848974e-05
stale-vision,12,2006220,86,8.599999999999541,2.880971781522964,-0.054010740997984176,1.2000966605892354,0.9998472188583862,-0.0004826982868428744,-0.017473003886896724,8.870332016842345e-06
stale-vision,12,2006220,87,8.699999999999575,2.871599408970642,-0.008325726566276528,1.2000656482629968,0.9998547241600098,-0.0001968168500987198,-0.017043820661360773,3.911498556207853e-06
stale-vision,12,2006220,88,8.799999999999608,2.858882499022659,0.037397243393187826,1.200030127517259,0.999864189926285,0.00011662093834311491,-0.01647993025163521,-1.2296278129847551e-06
stale-vision,12,2006220,89,8.899999999999642,2.8429317327423407,0.08309659298198614,1.1999912389780392,0.9998751990899736,0.00045874268388917575,-0.015791635725803884,-6.406216626698397e-06
stale-vision,12,2006220,90,8.999999999999675,2.823882135826274,0.1287051229913829,1.1999504577881213,0.9998872447334164,0.0008301671589402223,-0.014993615661610877,-1.145850132612599e-05
stale-vision,12,2006220,91,9.099999999999708,2.801890203698064,0.17414989054290128,1.1999095033976774,0.9998997730103024,0.0012309370501844593,-0.014104200250005923,-1.6224381218207598e-05
stale-vision,12,2006220,92,9.199999999999742,2.777130315084378,0.2193522018037897,1.1998702176739675,0.9999122296262817,0.0016604612334942944,-0.013144409075705682,-2.0550903159278106e-05
stale-vision,12,2006220,93,9.299999999999775,2.7497906218186063,0.2642277290975772,1.199834425082229,0.9999241036034866,0.0021174718369117596,-0.012136834638086121,-2.430536342671712e-05
stale-vision,12,2006220,94,9.399999999999809,2.7200686325939945,0.30868676059969785,1.1998037911265707,0.9999349630956781,0.002600011133806452,-0.01110444825391733,-2.7384792187631585e-05
stale-vision,12,2006220,95,9.499999999999842,2.688166721839215,0.3526345858219716,1.1997796959142053,0.9999444789201856,0.0031054205884677236,-0.010069486410227493,-2.9722746035904146e-05
stale-vision,12,2006220,96,9.599999999999875,2.6542877818214703,0.39597201816852107,1.1997631365935155,0.9999524351149441,0.0036303631718143637,-0.009052457771387707,-3.1292699785345106e-05
stale-vision,12,2006220,97,9.699999999999909,2.6186312104958382,0.4385960510410711,1.1997546676556268,0.999958727155575,0.00417084182202145,-0.008071371195790194,-3.210787940711242e-05
stale-vision,12,2006220,98,9.799999999999942,2.5813893869175373,0.480400642656732,1.1997543824320802,0.9999633507035428,0.004722251906462213,-0.007141186784784804,-3.221770137775329e-05
stale-vision,12,2006220,99,9.899999999999975,2.5427447413718105,0.5212776199145901,1.199761933505039,0.9999663842557176,0.005279443754261008,-0.006273501989388426,-3.1701435609357545e-05
stale-vision,12,2006220,100,10.000000000000009,2.50286748165445,0.5611176886402155,1.1997765857113272,0.999967968985164,0.0058367964042186655,-0.005476483487113236,-3.0660004264153085e-05
stale-vision,12,2006220,101,10.100000000000042,2.4619139899493905,0.5998115356937226,1.1997972924968887,0.9999682888928118,0.006388307300183375,-0.0047549853399655095,-2.920679697990545e-05
stale-vision,12,2006220,102,10.200000000000076,2.420025867793013,0.6372510050336971,1.1998227854364294,0.9999675531659388,0.006927709806716997,-0.004110802621973047,-2.745838226806553e-05
stale-vision,12,2006220,103,10.300000000000109,2.3773295796285545,0.6733303251283012,1.1998516674230986,0.999965981709706,0.007448602531199924,-0.0035430343068119604,-2.552601651870368e-05
stale-vision,12,2006220,104,10.400000000000142,2.3339366242942003,0.7079473625083917,1.1998825015368,0.9999637941499139,0.007944581727796418,-0.003048517315790519,-2.3508607416031385e-05
stale-vision,12,2006220,105,10.500000000000176,2.2899441504530604,0.7410048749320257,1.1999138898447042,0.9999612018104628,0.008409408755161121,-0.002622261706640917,-2.1487340315681152e-05
stale-vision,12,2006220,106,10.60000000000021,2.2454359299878686,0.7724117322947852,1.1999445386341465,0.9999584020515171,0.008837176141792167,-0.0022578979801080173,-1.9522498056614787e-05
stale-vision,12,2006220,107,10.700000000000243,2.200483602483925,0.8020840725005243,1.1999733085112188,0.9999555742886526,0.009222475406956086,-0.0019480977424400291,-1.7652318665695326e-05
stale-vision,12,2006220,108,10.800000000000276,2.155148108592601,0.8299463595803676,1.1999992494092566,0.9999528770573651,0.009560564546415545,-0.0016849384687756073,-1.5893615692640096e-05
stale-vision,12,2006220,109,10.90000000000031,2.1094812399378022,0.8559323115575875,1.2000216215980808,0.9999504457292192,0.009847515281698397,-0.001460248544326394,-1.4244293158440243e-05
stale-vision,12,2006220,110,11.000000000000343,2.0635272387920964,0.8799856687245107,1.2000399044973311,0.9999483905370553,0.01008035754575977,-0.0012658961806436416,-1.2687048360462845e-05
stale-vision,12,2006220,111,11.100000000000376,2.0173243906386853,0.9020607749550761,1.200053795060615,0.9999467952359897,0.010257177407374963,-0.0010940217573134966,-1.1193791361646105e-05
stale-vision,12,2006220,112,11.20000000000041,1.970906563697989,0.9221229524444421,1.2000631974825064,0.9999457164075926,0.010377173592789094,-0.0009372361747032689,-9.730505197040399e-06
stale-vision,12,2006220,113,11.300000000000443,1.9243046569537738,0.9401486586034539,1.2000682060561856,0.9999451834355496,0.010440685006120986,-0.0007887663723602214,-8.261872056790767e-06
stale-vision,12,2006220,114,11.400000000000476,1.8775479274837203,0.9561254201343363,1.2000690825997058,0.999945199493075,0.010449165663852386,-0.0006425745459965484,-6.755510387060269e-06
stale-vision,12,2006220,115,11.50000000000051,1.8306651744127607,0.9700515489674426,1.2000662297022628,0.9999457435968426,0.010405112540426982,-0.0004934254673369299,-5.185184899304833e-06
stale-vision,12,2006220,116,11.600000000000543,1.7836857657125265,0.9819356540345195,1.2000601610850952,0.9999467735859965,0.010311957480255358,-0.0003369204644055952,-3.5329814533166627e-06
stale-vision,12,2006220,117,11.700000000000577,1.736640501150434,0.9917959701633084,1.2000514702619425,0.9999482299657345,0.010173920196736625,-0.00016950816811309714,-1.7904381034013688e-06
stale-vision,12,2006220,118,11.80000000000061,1.6895623096290755,0.9996595328146437,1.2000407986521053,0.9999500403936159,0.009995828304455138,1.1546047760932976e-05,4.1529703753856024e-08
stale-vision,12,2006220,119,11.900000000000643,1.6424867863682855,1.0055612332694503,1.2000288045712182,0.9999521242122811,0.009782940718926644,0.00020820763643134395,1.9535324361665135e-06
stale-vision,12,2006220,120,12.000000000000677,1.5954525794901564,1.009542789615906,1.2000161342284374,0.9999543970707772,0.009540749340511284,0.0004217409162385612,3.929288553954405e-06
stale-vision,13,2006221,0,0.0,-1.6,0.1722086267522365,1.2,1.0,0.0,0.0,0.0
stale-vision,13,2006221,1,0.10000000000000007,-1.59965798317381,0.17188990344708466,1.2000773198970793,0.9997591596131159,0.014953898583247166,0.016035188260032116,0.0009361753590502445
stale-vision,13,2006221,2,0.20000000000000015,-1.5961319884143288,0.16859469204587474,1.2006572430783182,0.9988089012961346,0.03360288892471873,0.03530804966056013,0.0022284920215651116
stale-vision,13,2006221,3,0.3000000000000002,-1.5857467610465195,0.1587949794736565,1.2017144058711913,0.9979179235285112,0.044800030921045626,0.04630273917671967,0.002971779727897856
stale-vision,13,2006221,4,0.4000000000000003,-1.5663348824402141,0.1403115631734539,1.2027081933460273,0.9976041914567539,0.04837965801255794,0.049355355815022345,0.0030552791815751275
stale-vision,13,2006221,5,0.5000000000000003,-1.5372964193654035,0.11244850919166889,1.2031389756327378,0.9978521923234098,0.04612113967969181,0.04644158028509242,0.002649975591264997
stale-vision,13,2006221,6,0.6000000000000004,-1.499193445964186,0.07563202859769684,1.2028285438817095,0.9983992655113069,0.04011807703159898,0.03981669902493691,0.002019158371251976
stale-vision,13,2006221,7,0.7000000000000005,-1.453302971124798,0.031003678179414153,1.2018947724718942,0.9989856723918209,0.03220322799483701,0.03144312685960055,0.0013813891076740453
stale-vision,13,2006221,8,0.8000000000000006,-1.4012419270110248,-0.01992246038931212,1.2006068833668662,0.9994564637214216,0.023787150329324113,0.02280805081743733,0.0008610589936807782
stale-vision,13,2006221,9,0.9000000000000007,-1.3446852492116201,-0.07552363303977264,1.1992482762019108,0.9997630274560545,0.01584912625874103,0.014914665867661516,0.0004968609427525923
stale-vision,13,2006221,10,1.0000000000000007,-1.2851722686861276,-0.1342571552059653,1.1980349296288506,0.9999248101144862,0.008983433016992457,0.00834251098421501,0.00027305533434685534
stale-vision,13,2006221,11,1.1000000000000008,-1.223991065615782,-0.1947800338243524,1.1970899448381025,0.9999884044924048,0.0034703528037950534,0.003335375582235709,0.00015100290044211596
stale-vision,13,2006221,12,1.2000000000000008,-1.162127158307599,-0.25600863796414136,1.19645466553526,0.9999997824193694,-0.0006447304682541233,-0.0001059125392205765,9.091958987933685e-05
stale-vision,13,2006221,13,1.300000000000001,-1.1002605856525973,-0.31713120500534103,1.1961148775665615,0.9999916729417213,-0.003475094772684889,-0.0021386590684996077,6.245740255972063e-05
stale-vision,13,2006221,14,1.400000000000001,-1.0387952658056943,-0.37758758400047204,1.1960271167137553,0.9999818192219916,-0.005226128950225796,-0.003007755838432273,4.697327420465845e-05
stale-vision,13,2006221,15,1.500000000000001,-0.9779064367068179,-0.437029753331826,1.1961380450537162,0.9999766625540686,-0.006142008296014792,-0.002991459872120192,3.534335025471624e-05
stale-vision,13,2006221,16,1.6000000000000012,-0.9175950660546086,-0.4952741707231853,1.1963956986748978,0.9999762989177854,-0.006466649346939311,-0.0023629330510137993,2.4419428029314108e-05
stale-vision,13,2006221,17,1.7000000000000013,-0.857741394069453,-0.5522539781969363,1.1967543949709833,0.9999784705068858,-0.006418221057842319,-0.0013655648535346636,1.3920946112380831e-05
stale-vision,13,2006221,18,1.8000000000000014,-0.7981526612590447,-0.6079762013071718,1.197175855864896,0.9999809125736266,-0.0061753270408408684,-0.00019951145335112518,4.4200612885984055e-06
stale-vision,13,2006221,19,1.9000000000000015,-0.7386045318622706,-0.6624849195840858,1.1976290260169435,0.9999818808774851,-0.0059549068507589965,0.0008814706345186904,-3.2631693859824284e-06
stale-vision,13,2006221,20,2.0000000000000013,-0.6788897123881754,-0.7158197961990769,1.1980889469111369,0.9999808650451324,-0.005973782342308526,0.0016072946211437957,-8.492148417621383e-06
stale-vision,13,2006221,21,2.0999999999999903,-0.6188660547537709,-0.7679773267506709,1.1985351919794223,0.999978560611836,-0.0062546195092046284,0.0019385352761713207,-1.1509014460620843e-05
stale-vision,13,2006221,22,2.1999999999999793,-0.558466925291845,-0.8189040028556244,1.1989516652430798,0.9999755128786252,-0.006713821466855102,0.0019743557186733852,-1.2803756491930382e-05
stale-vision,13,2006221,23,2.2999999999999683,-0.49768362269280075,-0.8685111372061057,1.1993268628896125,0.9999718976375369,-0.007272923085975069,0.0018188903077724188,-1.2767760661878039e-05
stale-vision,13,2006221,24,2.3999999999999573,-0.43654528577707624,-0.9166900364138458,1.1996535577761573,0.9999677791410722,-0.007875133353588117,0.0015565399043952933,-1.1741374767624196e-05
stale-vision,13,2006221,25,2.4999999999999463,-0.375102367146728,-0.9633231863868338,1.1999281985763055,0.9999632366680724,-0.008483152370754823,0.0012495347956899116,-1.0047992861170856e-05
stale-vision,13,2006221,26,2.5999999999999353,-0.3134143898523739,-1.008291655521886,1.2001502323172444,0.9999583881129533,-0.009074002176847628,0.0009404590569721796,-7.987582706872552e-06
stale-vision,13,2006221,27,2.6999999999999242,-0.25154154096046605,-1.051479683357839,1.2003214476065076,0.9999533746696679,-0.009634221100400605,0.0006559243090842215,-5.816484984831351e-06
stale-vision,13,2006221,28,2.7999999999999132,-0.18953939579256926,-1.0927773874986375,1.2004453744065877,0.9999483411362201,-0.0101561167983273,0.0004102884039778386,-3.7316600746163063e-06
stale-vision,13,2006221,29,2.899999999999902,-0.12745604935903634,-1.132082322141909,1.2005267508674897,0.9999434232435808,-0.010635159984107585,0.00020899890516228752,-1.8651978960223546e-06
stale-vision,13,2006221,30,2.999999999999891,-0.06533100221344469,-1.1693004032240053,1.200571059103828,0.9999387433850861,-0.011068280575194425,5.140506662468994e-05,-2.8809495681778115e-07
stale-vision,13,2006221,31,3.09999999999988,-0.003195250535988627,-1.2043465352979312,1.2005841305748806,0.9999344108962849,-0.01145292172703235,-6.699592330688244e-05,9.800533202063339e-07
stale-vision,13,2006221,32,3.199999999999869,0.05892785957082266,-1.2371451291586595,1.2005718216361956,0.9999305235650767,-0.011786631084491267,-0.00015286174333254752,1.9589127534796235e-06
stale-vision,13,2006221,33,3.299999999999858,0.12102134742620357,-1.2676305927630132,1.200539758378263,0.9999271683270539,-0.012066993609893897,-0.0002137741720996017,2.694997310323327e-06
stale-vision,13,2006221,34,3.399999999999847,0.18307312504065254,-1.2957478107993783,1.2004931479868417,0.9999244204336091,-0.012291751575729933,-0.0002573968667030548,3.250417517536916e-06
stale-vision,13,2006221,35,3.499999999999836,0.24507450285707844,-1.321452590133005,1.2004366517639933,0.9999223409386143,-0.012459030165738497,-0.0002909390478991022,3.6934527789898595e-06
stale-vision,13,2006221,36,3.599999999999825,0.30701878035629215,-1.3447120282852132,1.2003743128016005,0.999920973352442,-0.012567580774426695,-0.0003208529962229334,4.091213173314023e-06
stale-vision,13,2006221,37,3.699999999999814,0.36889998229424903,-1.3655047581286157,1.2003095294300772,0.9999203405612582,-0.012616977478234455,-0.00035269091694686226,4.504222311958981e-06
stale-vision,13,2006221,38,3.799999999999803,0.4307117699072119,-1.3838210301638,1.20024506507493,0.9999204424731292,-0.012607766491788394,-0.0003910544775921699,4.9825877773616614e-06
stale-vision,13,2006221,39,3.899999999999792,0.4924465371376727,-1.399662604375651,1.2001830847787816,0.9999212554330498,-0.012541516306273303,-0.0004396259500669926,5.5639207257759016e-06
stale-vision,13,2006221,40,3.999999999999781,0.5540946865277847,-1.4130424406637334,1.2001252097251787,0.9999227329325895,-0.012420824211849937,-0.0005012496090153186,6.272735957030385e-06
stale-vision,13,2006221,41,4.0999999999997705,0.6156440695986618,-1.4239841879751949,1.200072582059122,0.9999248081026259,-0.012249244170968829,-0.0005780202940316524,7.120784557763839e-06
stale-vision,13,2006221,42,4.1999999999997595,0.6770795740585479,-1.4325214857128197,1.2000259335863668,0.9999273974938861,-0.012031164266038922,-0.0006713879371972525,8.108346616819337e-06
stale-vision,13,2006221,43,4.2999999999997485,0.7383828376808105,-1.4386971017699293,1.199985653759088,0.9999304057150336,-0.011771648273731838,-0.0007822648942891808,9.226148375541335e-06
stale-vision,13,2006221,44,4.3999999999997375,0.7995320677958894,-1.4425619384705246,1.1999518535387501,0.9999337305988507,-0.011476242605915479,-0.0009111294926388422,1.0457622976665046e-05
stale-vision,13,2006221,45,4.499999999999726,0.8605019462512004,-1.4441739437118486,1.199924423355108,0.9999372680984469,-0.011150790001572063,-0.0010581168919479014,1.1781229556845884e-05
stale-vision,13,2006221,46,4.599999999999715,0.9212636015551223,-1.4435969646221245,1.1999030841692853,0.999940916877592,-0.010801230071111893,-0.0012231146426035205,1.3172828454828302e-05
stale-vision,13,2006221,47,4.699999999999704,0.981784630134127,-1.4408995821658392,1.1998874314908603,0.9999445820614993,-0.010433418640134173,-0.0014058335430004816,1.4607636526524171e-05
stale-vision,13,2006221,48,4.799999999999693,1.042029151988548,-1.4361539623568667,1.1998769728391803,0.99994817800309,-0.010052969251978844,-0.0016058827888507845,1.6061991701924408e-05
stale-vision,13,2006221,49,4.899999999999682,1.101957886642592,-1.4294347551483364,1.199871159217062,0.9999516301017238,-0.009665115039402324,-0.001822827863218569,1.7514608068888534e-05
stale-vision,13,2006221,50,4.999999999999671,1.1615282375686518,-1.4208180676454512,1.199869411478884,0.9999548755039246,-0.009274613786698997,-0.0020562431841048313,1.8947471465662497e-05
stale-vision,13,2006221,51,5.09999999999966,1.2206943751570718,-1.41038053083975,1.199871142228629,0.999957863096509,-0.008885670847991958,-0.0023057474005214146,2.0346244150376448e-05
stale-vision,13,2006221,52,5.199999999999649,1.279407311038781,-1.398198474336007,1.199875773879955,0.9999605527293389,-0.008501901419914804,-0.0025710283107745167,2.1700332621098303e-05
stale-vision,13,2006221,53,5.299999999999638,1.3376149586058315,-1.3843472169529516,1.1998827534174392,0.9999629139631616,-0.0081263140414897,-0.0028518746942912216,2.300279993197338e-05
stale-vision,13,2006221,54,5.399999999999627,1.3952621743098224,-1.3689004761901171,1.1998915641340009,0.9999649245641713,-0.007761316345175701,-0.0031481775528473697,2.424987009708155e-05
stale-vision,13,2006221,55,5.499999999999616,1.452290778647509,-1.3519298953063823,1.1999017347144536,0.99996656876024,-0.007408749814634314,-0.003459933646966292,2.5440418019180963e-05
stale-vision,13,2006221,56,5.599999999999605,1.5086395564143138,-1.3335046815114449,1.1999128458663733,0.9999678355122247,-0.007069934654773222,-0.0037872494926673842,2.657543695853032e-05
stale-vision,13,2006221,57,5.699999999999594,1.5642442358110769,-1.3136913463374473,1.1999245345956793,0.9999687169411783,-0.006745724971273831,-0.004130323073877747,2.7657376328228626e-05
stale-vision,13,2006221,58,5.799999999999583,1.6190374494037194,-1.2925535376019557,1.199936496288706,0.9999692069524864,-0.0064365627187912815,-0.0044894302634240655,2.8689559971563164e-05
stale-vision,13,2006221,59,5.899999999999572,1.6729486799477682,-1.2701519520715017,1.1999484848316837,0.9999693000336667,-0.0061425400474171,-0.0048649060936046176,2.9675657280652184e-05
stale-vision,13,2006221,60,5.999999999999561,1.7259041947662408,-1.2465443167151384,1.1999603109882158,0.9999689903002359,-0.005863466312051732,-0.005257115482656295,3.061921929404969e-05
stale-vision,13,2006221,61,6.09999999999955,1.777826974419588,-1.2217854256431073,1.1999718391847463,0.9999682708877152,-0.005598924658218949,-0.005666415691531592,3.152325536716101e-05
stale-vision,13,2006221,62,6.199999999999539,1.8286366427992953,-1.1959272216649786,1.1999829829232551,0.9999671336365976,-0.0053483141958704985,-0.006093121758631289,3.2389868221072996e-05
stale-vision,13,2006221,63,6.299999999999528,1.878249405666177,-1.1690189136269198,1.1999936991706737,0.9999655689524116,-0.00511090429242947,-0.0065374661318266395,3.3220007735024695e-05
stale-vision,13,2006221,64,6.399999999999517,1.9265780057267443,-1.1411071197357263,1.2000039818351036,0.9999635661258299,-0.004885865130333815,-0.006999541838312829,3.401316696099081e-05
stale-vision,13,2006221,65,6.499999999999506,1.9735317050666725,-1.1122360303297318,1.2000138545164414,0.9999611139364761,-0.0046722907337350805,-0.0074792449799498464,3.476709573891573e-05
stale-vision,13,2006221,66,6.599999999999495,2.0190163063484845,-1.0824475854222169,1.2000233628495953,0.9999582014879959,-0.00446923010759674,-0.007976214670916274,3.5477638026741824e-05
stale-vision,13,2006221,67,6.699999999999484,2.0629342249038336,-1.0517816614489468,1.200032566430908,0.9999548195697907,-0.004275699891001074,-0.008489752858488457,3.613848236596718e-05
stale-vision,13,2006221,68,6.799999999999473,2.1051846270225494,-1.0202762644092234,1.2000415304187502,0.999950962385582,-0.004090689651319433,-0.009018743395275664,3.6740908010716615e-05
stale-vision,13,2006221,69,6.899999999999462,2.145663650695816,-0.9879677285176012,1.2000503168760286,0.9999466297735046,-0.003913157540623299,-0.009561559148997086,3.727346370700957e-05
stale-vision,13,2006221,70,6.999999999999451,2.18426472659044,-0.9548909206405227,1.2000589760212197,0.9999418296800089,-0.003742041128255062,-0.010115975556238358,3.772182707844377e-05
stale-vision,13,2006221,71,7.09999999999944,2.2208790169776,-0.9210794496180682,1.2000675372612974,0.9999365813518961,-0.0035762319147977684,-0.010679063178569046,3.806841027356484e-05
stale-vision,13,2006221,72,7.199999999999429,2.255395992797391,-0.886565883983314,1.200076000206248,0.9999309186432984,-0.003414571186448408,-0.01124709644730501,3.829214037259947e-05
stale-vision,13,2006221,73,7.299999999999418,2.287704167622615,-0.8513819796664466,1.2000843258622342,0.9999248937053854,-0.003255848730759211,-0.011815452813334834,3.8368398643987316e-05
stale-vision,13,2006221,74,7.399999999999407,2.3176920073114604,-0.8155589182053551,1.2000924282640808,0.999918580586149,-0.0030987787794774482,-0.012378542084757032,3.826895610320518e-05
stale-vision,13,2006221,75,7.499999999999396,2.3452490300596094,-0.7791275593961297,1.2001001670423241,0.9999120786365593,-0.002941992149488987,-0.012929742371154176,3.796212621654552e-05
stale-vision,13,2006221,76,7.599999999999385,2.3702671080954465,-0.7421187106294372,1.2001073417766532,0.9999055148649786,-0.0027840181265285898,-0.01346139613585334,3.741320820615548e-05
stale-vision,13,2006221,77,7.699999999999374,2.3926419727199875,-0.7045634157918828,1.2001136890925421,0.9998990450697318,-0.002623279054883162,-0.01396483931724202,3.658528861865152e-05
stale-vision,13,2006221,78,7.799999999999363,2.412274915780974,-0.6664932651391434,1.2001188837006405,0.999892852791199,-0.0024580898604775543,-0.014430505025111225,3.544059607950981e-05
stale-vision,13,2006221,79,7.899999999999352,2.4290746675978467,-0.6279407263719201,1.2001225447118162,0.9998871457106289,-0.002286649457262605,-0.014848094990205092,3.394220203719116e-05
stale-vision,13,2006221,80,7.999999999999341,2.4429594166542805,-0.5889394978407323,1.2001242486563017,0.9998821485361546,-0.0021070601435043104,-0.015206850714571772,3.205649370146802e-05
stale-vision,13,2006221,81,8.099999999999374,2.453858917828317,-0.5495248810013722,1.2001235504455567,0.9998780922100903,-0.001917337338052538,-0.015495923671018307,2.9756085274268154e-05
stale-vision,13,2006221,82,8.199999999999408,2.4617166167044475,-0.5097341695455264,1.200120012439088,0.9998751998898405,-0.001715430148465438,-0.01570481500725514,2.702302985244593e-05
stale-vision,13,2006221,83,8.299999999999441,2.4664917030431535,-0.46960705103268724,1.2001132412094326,0.9998736700037011,-0.0014992689120367634,-0.015823895131051043,2.3852474897676364e-05
stale-vision,13,2006221,84,8.399999999999475,2.4681609921919967,-0.4291860123786685,1.2001029300734438,0.9998736581124683,-0.0012668057681635581,-0.015844955210680623,2.025606057240834e-05
stale-vision,13,2006221,85,8.499999999999508,2.4667205259362417,-0.38851674064780034,1.2000889042161076,0.9998752590508043,-0.0010160711387240968,-0.015761778864810474,1.6264795837720552e-05
stale-vision,13,2006221,86,8.599999999999541,2.4621867820621945,-0.34764850845838574,1.200071163696682,0.9998784921254329,-0.0007452359392689145,-0.015570660423282616,1.1930934895197012e-05
stale-vision,13,2006221,87,8.699999999999575,2.4545973918960793,-0.3066345317022744,1.2000499182891076,0.9998832919095079,-0.0004526788361538814,-0.015270808373240317,7.3283695206975625e-06
stale-vision,13,2006221,88,8.799999999999608,2.4440112870699027,-0.26553228623105546,1.2000256085179926,0.9998895060618743,-0.00013706875841214527,-0.014864618158130179,2.5513766500033615e-06
stale-vision,13,2006221,89,8.899999999999642,2.4305082234689728,-0.2244037679337351,1.199998907809922,0.9998969015629495,0.00020256633498579607,-0.014357757709878407,-2.288699551035366e-06
stale-vision,13,2006221,90,8.999999999999675,2.414187666367778,-0.18331568242651394,1.1999707023304245,0.9999051793047408,0.0005667779933125411,-0.013759037476938473,-7.0687598208847525e-06
stale-vision,13,2006221,91,9.099999999999708,2.3951670622542145,-0.1423395518929168,1.1999420481743104,0.9999139953053795,0.0009556218062105928,-0.013080085757623951,-1.166063543209998e-05
stale-vision,13,2006221,92,9.199999999999742,2.373579561567411,-0.1015517252063986,1.199914108461213,0.999922986364399,0.001368613390509391,-0.012334828067039684,-1.5938848388898693e-05
stale-vision,13,2006221,93,9.299999999999775,2.349571293201078,-0.061033281792348584,1.1998880761374418,0.999931796565282,0.001804685462468758,-0.011538844678711906,-1.9788631800039116e-05
stale-vision,13,2006221,94,9.399999999999809,2.3232983171114987,-0.020869821392614014,1.1998650902134778,0.999940101985518,0.002262164751311096,-0.01070861884684785,-2.311328283400114e-05
stale-vision,13,2006221,95,9.499999999999842,2.294923399922405,0.018848865272379854,1.1998461545559218,0.9999476302233734,0.0027387563913410383,-0.009860798972282701,-2.5840243996737647e-05
stale-vision,13,2006221,96,9.599999999999875,2.2646127593994017,0.05802924758769166,1.1998320674859546,0.9999541739829823,0.0032315477846299847,-0.009011451221617459,-2.7925075624029914e-05
stale-vision,13,2006221,97,9.699999999999909,2.23253292159344,0.09657462709302515,1.1998233690949158,0.9999595972978814,0.0037370364533637623,-0.00817541856991795,-2.935321691990854e-05
stale-vision,13,2006221,98,9.799999999999942,2.1988478165320124,0.13438582534252055,1.199820310916351,0.9999638351235431,0.004251161144402986,-0.007365810584157257,-3.0139298156479656e-05
stale-vision,13,2006221,99,9.899999999999975,2.163716212245302,0.17136198098700664,1.199822849160078,0.9999668876884279,0.0047693519582060724,-0.006593624880371471,-3.0324160568604246e-05
stale-vision,13,2006221,100,10.000000000000009,2.1272895609754783,0.20740144596125945,1.1998306603352178,0.9999688110123862,0.005286613242678133,-0.005867522874884972,-2.997014005405347e-05
stale-vision,13,2006221,101,10.100000000000042,2.0897103017116474,0.24240276539470962,1.1998431756640766,0.9999697055443488,0.005797594340996931,-0.00519375041658538,-2.9155026919741123e-05
stale-vision,13,2006221,102,10.200000000000076,2.0511106349740733,0.27626572595673593,1.1998596293649064,0.999969704202083,0.006296704085485596,-0.004576178929341998,-2.7965400543205785e-05
stale-vision,13,2006221,103,10.300000000000109,2.0116117618442835,0.3088924514389853,1.1998791152924284,0.9999689610520832,0.006778224099633342,-0.004016454748896677,-2.649001685870971e-05
stale-vision,13,2006221,104,10.400000000000142,1.9713235588454776,0.3401885225676952,1.1999006464933915,0.9999676412963284,0.007236441883594145,-0.0035142073656168377,-2.4813607111290986e-05
stale-vision,13,2006221,105,10.500000000000176,1.9303446471826324,0.37006409530564427,1.1999232132065,0.9999659126440894,0.007665800480997435,-0.0030673316275098275,-2.3011900331063253e-05
stale-vision,13,2006221,106,10.60000000000021,1.8887628022636909,0.39843498860041726,1.1999458356228183,0.9999639383507624,0.00806104466763147,-0.0026722854764369957,-2.114786143533855e-05
stale-vision,13,2006221,107,10.700000000000243,1.846655644855585,0.42522371270821463,1.199967608936949,0.9999618715865416,0.008417374323741547,-0.002324394829705825,-1.9269424760454008e-05
stale-vision,13,2006221,108,10.800000000000276,1.8040915543075942,0.4503604081988434,1.1999877394088998,0.9999598508802788,0.008730599391262944,-0.0020181572520457654,-1.740879934590848e-05
stale-vision,13,2006221,109,10.90000000000031,1.7611307443837603,0.4737836657366074,1.200005570836195,0.9999579966176295,0.008997271206389653,-0.0017475321054039226,-1.5583208177583926e-05
stale-vision,13,2006221,110,11.000000000000343,1.7178264450657452,0.4954412006827433,1.2000206015495194,0.9999564084049867,0.009214795359710752,-0.0015062024853726597,-1.3796772540860957e-05
stale-vision,13,2006221,111,11.100000000000376,1.6742261389994755,0.5152903606164967,1.2000324925177899,0.9999551632734439,0.009381517026398618,-0.001287802789093378,-1.2043224217096041e-05
stale-vision,13,2006221,112,11.20000000000041,1.6303728075278536,0.533298448672421,1.2000410675402757,0.9999543145410323,0.00949679118050908,-0.0010861315607170025,-1.0309309818659967e-05
stale-vision,13,2006221,113,11.300000000000443,1.5863061453678793,0.5494428502431993,1.2000463062207227,0.9999538919566247,0.00956097792504443,-0.0008953146556377171,-8.578155004127064e-06
stale-vision,13,2006221,114,11.400000000000476,1.5420637113283697,0.5637109622808157,1.2000483308964205,0.9999539024970352,0.009575428028124429,-0.0007099382696209523,-6.832465067276973e-06
stale-vision,13,2006221,115,11.50000000000051,1.4976819891146047,0.5760999292162059,1.2000473887216765,0.9999543321461931,0.009542421612521659,-0.0005251535536221728,-5.0572813058558515e-06
stale-vision,13,2006221,116,11.600000000000543,1.4531973376699467,0.5866161973554769,1.200043829761499,0.9999551486953129,0.009465050789123595,-0.00033675032857984327,-3.2420454193474412e-06
stale-vision,13,2006221,117,11.700000000000577,1.4086468168945427,0.59527490957394,1.2000380826407302,0.9999563048394203,0.009347110574379789,-0.00014118743739392907,-1.3817395438415658e-06
stale-vision,13,2006221,118,11.80000000000061,1.364068882231499,0.6020991633540664,1.2000306287687197,0.9999577420518314,0.009192930079033448,6.43963610819921e-05,5.22681141702206e-07
stale-vision,13,2006221,119,11.900000000000643,1.319503946279318,0.6071191635453058,1.2000219764090636,0.9999593944414783,0.00900720969597795,0.000282197894109378,2.4645943311976902e-06
stale-vision,13,2006221,120,12.000000000000677,1.2749948103291824,0.610371302490065,1.2000126359667553,0.9999611925154299,0.0087948544625737,0.0005137883359115621,4.432592339794047e-06
stale-vision,14,2006222,0,0.0,-1.6,0.08061252127217952,1.2,1.0,0.0,0.0,0.0
stale-vision,14,2006222,1,0.10000000000000007,-1.5996445999560798,0.08030431461610722,1.200078304224372,0.9997561565361909,0.014460449173409391,0.016662465626446084,0.0009408065329956977
stale-vision,14,2006222,2,0.20000000000000015,-1.595972720101253,0.07711325420252184,1.2006753240062125,0.9987765910989328,0.03269091622288607,0.03703334746409236,0.0022707366440335537
stale-vision,14,2006222,3,0.3000000000000002,-1.585111260332802,0.06759919229167376,1.2017584761763045,0.9978678573433756,0.04350434552257648,0.0485586000496645,0.0030287890003785284
stale-vision,14,2006222,4,0.4000000000000003,-1.5647899115178463,0.04965790395160527,1.2027539560697074,0.997572379981026,0.046776262394493694,0.051495360540304826,0.0030912486500083445
stale-vision,14,2006222,5,0.5000000000000003,-1.5344282720469837,0.022650457148681077,1.2031613990997132,0.9978446246773288,0.04447092281074842,0.048180457860580575,0.002661861616790051
stale-vision,14,2006222,6,0.6000000000000004,-1.4946644845222574,-0.012989023681131574,1.2028164852247902,0.9984069262334753,0.03864909897452892,0.04105839567444397,0.002016170162236368
stale-vision,14,2006222,7,0.7000000000000005,-1.4468705499786079,-0.05615425971752026,1.2018500776707588,0.998998492602418,0.031046657366656093,0.03219056827702471,0.0013726465157724202
stale-vision,14,2006222,8,0.8000000000000006,-1.3927584972270373,-0.10539139281506531,1.200538840725448,0.9994679530477995,0.0229868348271243,0.02312336326000554,0.0008522479803147613
stale-vision,14,2006222,9,0.9000000000000007,-1.3340871884791603,-0.15914641854687325,1.1991681393026834,0.9997706162584624,0.015385983196231261,0.014891133619992619,0.0004904352861126097
stale-vision,14,2006222,10,1.0000000000000007,-1.2724623599493023,-0.21594202347105076,1.197952408674428,0.9999285712939051,0.008800111728902547,0.008083177109665938,0.0002694281011406642
stale-vision,14,2006222,11,1.1000000000000008,-1.2092186600729955,-0.27448978143271247,1.197011806808437,0.9999895769839683,0.003491821666961273,0.002937806915454258,0.00014965092039357392
stale-vision,14,2006222,12,1.2000000000000008,-1.1453691268115995,-0.33374623563252226,1.1963847904917282,0.9999997165743796,-0.0004958594918280621,-0.0005591760226288998,9.108623174229892e-05
stale-vision,14,2006222,13,1.300000000000001,-1.081605092466685,-0.39292478907434364,1.1960549911023037,0.9999913160571109,-0.0032683899329965524,-0.0025848419496041137,6.347999693758466e-05
stale-vision,14,2006222,14,1.400000000000001,-1.0183293924683963,-0.45147687390001895,1.1959776234690795,0.9999816140433719,-0.005017574659605871,-0.003404875933946045,4.836965651001151e-05
stale-vision,14,2006222,15,1.500000000000001,-0.9557078909161969,-0.5090550772408466,1.196098669410328,0.9999766680138891,-0.005971694888750076,-0.0033167656887387485,3.678808315043278e-05
stale-vision,14,2006222,16,1.6000000000000012,-0.8937276696664704,-0.5654685838603666,1.1963658599377731,0.9999763758095486,-0.006358961493614523,-0.0026097454386673166,2.5695703893796966e-05
stale-vision,14,2006222,17,1.7000000000000013,-0.8322537251619828,-0.6206384503274919,1.1967333672026501,0.9999784392940483,-0.006383659774063584,-0.0015393548315231476,1.4887322140221697e-05
stale-vision,14,2006222,18,1.8000000000000014,-0.7710790789412676,-0.6745575207537579,1.19716280267582,0.9999806482793397,-0.006213255319441179,-0.0003138473893138837,4.998256913613187e-06
stale-vision,14,2006222,19,1.9000000000000015,-0.7099656269800918,-0.7272575381767619,1.1976226263629004,0.9999817403672042,-0.005974119654249868,0.0009103925587007476,-3.4530839387849298e-06
stale-vision,14,2006222,20,2.0000000000000013,-0.6486748411799744,-0.7787842876883881,1.1980872251404013,0.9999813946041215,-0.005753378165344694,0.0020270615682524157,-1.0328657319481453e-05
stale-vision,14,2006222,21,2.0999999999999903,-0.5869905687877239,-0.8291790754033004,1.1985362947588154,0.9999797784428649,-0.0056673044903601776,0.0028851559090348504,-1.550975532508533e-05
stale-vision,14,2006222,22,2.1999999999999793,-0.5247481246943035,-0.8784564282903552,1.1989542080854627,0.9999774589489002,-0.005850306790212033,0.0032947164272680214,-1.8660754678076403e-05
stale-vision,14,2006222,23,2.2999999999999683,-0.46186656813665594,-0.9265810957512117,1.1993295703153553,0.999974882028288,-0.006287370986142957,0.0032716789275485376,-1.988937709104536e-05
stale-vision,14,2006222,24,2.3999999999999573,-0.3983481199710806,-0.9734689772299333,1.1996552638952758,0.9999719365495783,-0.006884434796501432,0.002954706820996046,-1.945301920306657e-05
stale-vision,14,2006222,25,2.4999999999999463,-0.3342528276748721,-1.0190042497989518,1.1999281438770029,0.999968345483664,-0.0075622208035386745,0.002473971799946048,-1.762709073458537e-05
stale-vision,14,2006222,26,2.5999999999999353,-0.26967334994375286,-1.0630547923112519,1.2001482559277683,0.9999639700013812,-0.008266623795857804,0.00192909618038548,-1.4765559081732895e-05
stale-vision,14,2006222,27,2.6999999999999242,-0.20471541931144227,-1.1054828925160345,1.2003179791359515,0.999958861019859,-0.00896360511658121,0.0013892170410520642,-1.1277937862629721e-05
stale-vision,14,2006222,28,2.7999999999999132,-0.1394842116091983,-1.1461520384423083,1.2004412803403215,0.9999532025775352,-0.009632577752360115,0.0008977992643956023,-7.566802371343796e-06
stale-vision,14,2006222,29,2.899999999999902,-0.07407573405113252,-1.1849310509125996,1.2005231217261458,0.9999472394189308,-0.010261073848873908,0.0004782532226115006,-3.972757371349487e-06
stale-vision,14,2006222,30,2.999999999999891,-0.008572147154202993,-1.2216965981229417,1.200569004121805,0.9999412245495415,-0.010841035623698397,0.0001392566540710084,-7.441969535972211e-07
stale-vision,14,2006222,31,3.09999999999988,0.05696001419262165,-1.256334822740356,1.2005846157060258,0.9999353917666006,-0.011366517893002201,-0.00012066351480837947,1.9697179927093757e-06
stale-vision,14,2006222,32,3.199999999999869,0.12246961623863502,-1.2887425373756254,1.2005755615682132,0.9999299461276736,-0.011832459429115202,-0.000309393075605099,4.109883852718194e-06
stale-vision,14,2006222,33,3.299999999999858,0.18791942957778354,-1.31882823398903,1.2005471589108776,0.9999250631700024,-0.012234208227184488,-0.00043836189018663644,5.689791149501664e-06
stale-vision,14,2006222,34,3.399999999999847,0.2532839239503665,-1.3465130047834974,1.2005042893545688,0.9999208902602311,-0.012567510160621383,-0.0005204456235134029,6.77507836766312e-06
stale-vision,14,2006222,35,3.499999999999836,0.31854676765078965,-1.3717313797322341,1.2004513027542232,0.9999175465692965,-0.012828748668279925,-0.0005685197801389145,7.463586550556719e-06
stale-vision,14,2006222,36,3.599999999999825,0.38369831720049563,-1.3944320362639024,1.2003919670146825,0.99991512105369,-0.013015265640173895,-0.0005945473889093823,7.867955751575123e-06
stale-vision,14,2006222,37,3.699999999999814,0.4487332785421519,-1.4145783192727999,1.2003294572174064,0.9999136691306536,-0.013125671398040627,-0.0006090733834312858,8.101648348074505e-06
stale-vision,14,2006222,38,3.799999999999803,0.5136486415989201,-1.4321485119591593,1.200266375908074,0.9999132096952577,-0.013160067703449414,-0.0006209884077419305,8.26831937952541e-06
stale-vision,14,2006222,39,3.899999999999792,0.578441935755707,-1.4471358142085744,1.2002047955433788,0.9999137238255443,-0.013120153859591059,-0.0006374923936219202,8.454756291497143e-06
stale-vision,14,2006222,40,3.999999999999781,0.6431098149965755,-1.459548007707018,1.2001463145105347,0.9999151558077424,-0.013009226284093327,-0.0006641846927285774,8.72704578310722e-06
stale-vision,14,2006222,41,4.0999999999997705,0.7076469560350491,-1.4694068084925316,1.2000921189195046,0.9999174169818397,-0.012832061087845537,-0.0007052242595196464,9.129451340000391e-06
stale-vision,14,2006222,42,4.1999999999997595,0.7720452386475564,-1.4767469297578717,1.2000430440085637,0.9999203919789649,-0.012594706738647996,-0.0007635266801699475,9.685485624124951e-06
stale-vision,14,2006222,43,4.2999999999997485,0.8362931701139014,-1.4816148955344959,1.1999996310553058,0.9999239465772332,-0.0123042158337302,-0.0008409672758738981,1.0400496992743179e-05
stale-vision,14,2006222,44,4.3999999999997375,0.9003755139416522,-1.48406765781611,1.1999621774795808,0.999927936296905,-0.01196833937406899,-0.0009385833646398446,1.1265283381993294e-05
stale-vision,14,2006222,45,4.499999999999726,0.9642730834301906,-1.484171076705032,1.1999307795432579,0.9999322146828621,-0.011595220671408836,-0.0010567623651257328,1.2260137922612385e-05
stale-vision,14,2006222,46,4.599999999999715,1.0279626630451737,-1.4819983240696757,1.1999053679859053,0.999936640816116,-0.011193085205671445,-0.001195415617789098,1.3358905563270815e-05
stale-vision,14,2006222,47,4.699999999999704,1.0914170237265375,-1.4776282711579594,1.1998857376579217,0.9999410854190459,-0.010769950001734,-0.0013541258229332594,1.453257248432156e-05
stale-vision,14,2006222,48,4.799999999999693,1.1546050029946189,-1.4711439165985887,1.1998715728590175,0.9999454349725394,-0.010333391040229232,-0.001532272513364233,1.575225224208433e-05
stale-vision,14,2006222,49,4.899999999999682,1.2174916251356178,-1.4626309007437877,1.1998624698249738,0.9999495940197209,-0.009890359058701254,-0.0017291410509052852,1.699149327200978e-05
stale-vision,14,2006222,50,4.999999999999671,1.2800382403080286,-1.452176142595959,1.1998579573189359,0.999953485950843,-0.009447034167195062,-0.00194400307385874,1.822773117485875e-05
stale-vision,14,2006222,51,5.09999999999966,1.3422026662470379,-1.4398666275553036,1.199857516096065,0.9999570523662691,-0.009008731172361293,-0.00217619107381082,1.9443153408318024e-05
stale-vision,14,2006222,52,5.199999999999649,1.4039393185096294,-1.4257883639330702,1.1998605978307442,0.999960251125257,-0.008579884295140453,-0.0024251452756052353,2.0624923045253934e-05
stale-vision,14,2006222,53,5.299999999999638,1.4651993197796995,-1.4100255130566886,1.1998666431006806,0.9999630541917631,-0.008164025548002907,-0.0026904394854786887,2.176483806779013e-05
stale-vision,14,2006222,54,5.399999999999627,1.5259305828635061,-1.392659694934412,1.1998750983678852,0.9999654447088268,-0.00776384164469576,-0.002971805624261865,2.2858835893757007e-05
stale-vision,14,2006222,55,5.499999999999616,1.5860778628839316,-1.3737694602793689,1.1998854315739271,0.99996741419054,-0.007381238761709127,-0.003269143606300274,2.3906278477961564e-05
stale-vision,14,2006222,56,5.599999999999605,1.6455827767797084,-1.3534299154369895,1.199897145636215,0.9999689599207273,-0.007017419964235156,-0.00358251191830819,2.490906032709391e-05
stale-vision,14,2006222,57,5.699999999999594,1.7043837914545479,-1.3317124850841993,1.199909789657138,0.9999700824999008,-0.006672984234393996,-0.003912124390424598,2.587085623137738e-05
stale-vision,14,2006222,58,5.799999999999583,1.762416181771382,-1.3086847936337764,1.1999229674719583,0.9999707838303076,-0.006348021594714346,-0.004258331784564593,2.6796349844426844e-05
stale-vision,14,2006222,59,5.899999999999572,1.8196119616606172,-1.2844106462975442,1.199936343430904,0.9999710654120967,-0.006042218047533884,-0.004621598521385438,2.7690602231505198e-05
stale-vision,14,2006222,60,5.999999999999561,1.8758997931225054,-1.2589500897310666,1.199949645400257,0.999970927099947,-0.0057549482174382716,-0.005002470419540378,2.8558507582293084e-05
stale-vision,14,2006222,61,6.09999999999955,1.9312048789862755,-1.2323595339783158,1.1999626651105861,0.9999703661944056,-0.00548535318383499,-0.005401552448496076,2.9404409289273543e-05
stale-vision,14,2006222,62,6.199999999999539,1.985448844655051,-1.204691920282075,1.1999752560993957,0.9999693769346051,-0.005232413282299543,-0.005819461341441603,3.0231708441809152e-05
stale-vision,14,2006222,63,6.299999999999528,2.0385496173303763,-1.1759969206753336,1.1999873295597832,0.9999679502995347,-0.00499500651126189,-0.006256781924868378,3.104260281908385e-05
stale-vision,14,2006222,64,6.399999999999517,2.0904213115317996,-1.1463211576776688,1.1999988485479702,0.9999660740402705,-0.0047719603517183485,-0.006714026305765953,3.18379426054921e-05
stale-vision,14,2006222,65,6.499999999999506,2.140974129263991,-1.1157084342982853,1.2000098208040193,0.99996373314316,-0.004562082217313305,-0.007191574262033159,3.261701785399885e-05
stale-vision,14,2006222,66,6.599999999999495,2.1901142862395724,-1.0841999679288716,1.200020290519259,0.99996091058915,-0.004364185501094301,-0.007689607569892979,3.337737992414554e-05
stale-vision,14,2006222,67,6.699999999999484,2.237743977240769,-1.0518346232755342,1.2000303293407042,0.9999575885143609,-0.004177104674259545,-0.008208032972308616,3.411465308843858e-05
stale-vision,14,2006222,68,6.799999999999473,2.283761395587758,-1.0186491413747585,1.2000400267914857,0.999953749794894,-0.003999695400461916,-0.008746398987169767,3.482228710089722e-05
stale-vision,14,2006222,69,6.899999999999462,2.328060823142795,-0.9846783645031194,1.200049480301588,0.9999493800664476,-0.0038308293969142463,-0.009303805201603024,3.549126951377671e-05
stale-vision,14,2006222,70,6.999999999999451,2.370532808774674,-0.9499554577091566,1.2000587849595263,0.9999444702340312,-0.0036693989435838364,-0.009878798299956476,3.61099037936512e-05
stale-vision,14,2006222,71,7.09999999999944,2.4110644560546737,-0.914512126884333,1.2000680227973042,0.9999390198419185,-0.003514295671949675,-0.010469239672021458,3.66633760093191e-05
stale-vision,14,2006222,72,7.199999999999429,2.4495398448568593,-0.878378836793756,1.2000772519187537,0.9999330406252287,-0.003364391131294559,-0.011072206618807333,3.713341158477109e-05
stale-vision,14,2006222,73,7.299999999999418,2.485840607986179,-0.8415850329287679,1.2000864954775865,0.9999265608292796,-0.0032185267614476373,-0.011683861840879148,3.749794825720126e-05
stale-vision,14,2006222,74,7.399999999999407,2.519846687523549,-0.8041593696287606,1.200095730365243,0.9999196301136714,-0.0030754874079402814,-0.012299319775204319,3.773074717937336e-05
stale-vision,14,2006222,75,7.499999999999396,2.551437296733956,-0.7661299491748984,1.2001048762365325,0.9999123243761081,-0.0029339785703290026,-0.012912548222183299,3.780116426005159e-05
stale-vision,14,2006222,76,7.599999999999385,2.580492107555603,-0.7275245762927967,1.2001137852919923,0.9999047505536415,-0.002792614523996052,-0.013516275560876298,3.767417567101341e-05
stale-vision,14,2006222,77,7.699999999999374,2.6068926806672366,-0.6883710308261429,1.2001222337877533,0.9998970504117306,-0.002649895102080312,-0.014101958792466243,3.73106645635379e-05
stale-vision,14,2006222,78,7.799999999999363,2.630524145046219,-0.6486973625391871,1.2001299165259531,0.9998894028788219,-0.0025041956430281076,-0.014659797756556174,3.666814071892683e-05
stale-vision,14,2006222,79,7.899999999999352,2.651277123302682,-0.6085322104629328,1.2001364458405854,0.9998820239008439,-0.002353755413371818,-0.015178828702317099,3.5701989706467445e-05
stale-vision,14,2006222,80,7.999999999999341,2.6690498839808288,-0.5679051486474085,1.2001413571943729,0.9998751626655537,-0.002196676954840757,-0.015647124776413196,3.4367416709262275e-05
stale-vision,14,2006222,81,8.099999999999374,2.6837506814756678,-0.5268470586418869,1.2001441231903305,0.999869093702229,-0.0020309321925190294,-0.016052093611429497,3.2622103417494756e-05
stale-vision,14,2006222,82,8.199999999999408,2.6953002240227204,-0.4853905273640992,1.2001441778584399,0.9998641038545669,-0.0018543776448753308,-0.016380909031346848,3.0429607293701122e-05
stale-vision,14,2006222,83,8.299999999999441,2.703634185062018,-0.44357026718045145,1.2001409523882305,0.9998604742408052,-0.0016647897180575224,-0.016621063604204823,2.7763499791337427e-05
stale-vision,14,2006222,84,8.399999999999475,2.7087056498672215,-0.4014235518512287,1.2001339216164435,0.9998584585208662,-0.0014598936241921282,-0.016760997260007602,2.4611658179676114e-05
stale-vision,14,2006222,85,8.499999999999508,2.710487373544958,-0.35899066196836504,1.2001226592766965,0.9998582586692861,-0.001237413832358675,-0.016790799196149855,2.0980570182868774e-05
stale-vision,14,2006222,86,8.599999999999541,2.7089737136942302,-0.3163153300539959,1.2001068978597584,0.9998600011665726,-0.000995152017881181,-0.016702917531219004,1.6899338914846063e-05
stale-vision,14,2006222,87,8.699999999999575,2.704182099353562,-0.27344517095617854,1.2000865865528014,0.9998637170298602,-0.0007310463056499535,-0.016492810076481033,1.2422242936374241e-05
stale-vision,14,2006222,88,8.799999999999608,2.6961539097913025,-0.2304320848832214,1.2000619394410958,0.9998693289483289,-0.0004432546630509692,-0.016159470768323567,7.629580086170867e-06
stale-vision,14,2006222,89,8.899999999999642,2.6849546613627333,-0.18733261757860856,1.2000334656203433,0.9998766484346341,-0.00013023447449167917,-0.015705761592753643,2.6262784651851325e-06
stale-vision,14,2006222,90,8.999999999999675,2.670673438578189,-0.14420826151110186,1.2000019739603447,0.9998853844243174,0.00020916961302455846,-0.015138502457229011,-2.4619511607083992e-06
stale-vision,14,2006222,91,9.099999999999708,2.653421552533722,-0.101125681331678,1.1999685480749382,0.9998951628786698,0.0005756460272047901,-0.014468304230867748,-7.494870022931073e-06
stale-vision,14,2006222,92,9.199999999999742,2.633330460568374,-0.058156848032824934,1.1999344906200473,0.9999055556391376,0.0009693581744203645,-0.013709120861119086,-1.2326091364964473e-05
stale-vision,14,2006222,93,9.299999999999775,2.610549033940675,-0.015379069733614827,1.1999012409400334,0.9999161142697878,0.0013898783042636629,-0.012877592136982833,-1.6812552606035883e-05
stale-vision,14,2006222,94,9.399999999999809,2.5852403025255906,0.027125093214573827,1.199870274107663,0.9999264048227385,0.0018361438436658795,-0.011992209154704005,-2.0824201061802965e-05
stale-vision,14,2006222,95,9.499999999999842,2.557577838732711,0.06926803760746748,1.199842992241962,0.9999360389904497,0.0023064365398388904,-0.011072384132211687,-2.425294699661387e-05
stale-vision,14,2006222,96,9.599999999999875,2.5277419616283225,0.11095745567111354,1.1998206204716724,0.9999446980459838,0.0027983655299156866,-0.010137517941820363,-2.7019764663415103e-05
stale-vision,14,2006222,97,9.699999999999909,2.4959159433964695,0.15209680517859014,1.1998041187346113,0.9999521478528526,0.0033088703464548663,-0.009206114049773681,-2.907919777889303e-05
stale-vision,14,2006222,98,9.799999999999942,2.462282390138649,0.19258591067273642,1.1997941183297645,0.9999582441729514,0.003834250813152255,-0.00829502898188302,-3.0421036243351062e-05
stale-vision,14,2006222,99,9.899999999999975,2.4270199436820135,0.23232169014919712,1.1997908883915174,0.9999629295076758,0.004370207345907104,-0.0074188902740904075,-3.106900080621742e-05
stale-vision,14,2006222,100,10.000000000000009,2.390300418198848,0.2711989991803224,1.1997943331701943,0.9999662235783315,0.004911888266761794,-0.006589695773521137,-3.107666694470209e-05
stale-vision,14,2006222,101,10.100000000000042,2.3522864499258715,0.30911158250763665,1.1998040175859217,0.9999682096486522,0.00545397222232036,-0.0058166096234689565,-3.052138509400093e-05
stale-vision,14,2006222,102,10.200000000000076,2.3131297004854225,0.34595311766605147,1.1998192155689555,0.9999690192766987,0.005990751867155198,-0.005105928789301381,-2.9496810092016044e-05
stale-vision,14,2006222,103,10.300000000000109,2.2729696207147927,0.3816183335847818,1.1998389740923763,0.9999688173234682,0.006516237752928967,-0.004461192258626457,-2.810482255737101e-05
stale-vision,14,2006222,104,10.400000000000142,2.2319327540558342,0.4160041838073553,1.1998621855595668,0.9999677884075954,0.007024289722506886,-0.0038834007824444378,-2.644765874785002e-05
stale-vision,14,2006222,105,10.500000000000176,2.1901325366218978,0.4490110488968326,1.1998876617124103,0.9999661254858645,0.0075087582287597775,-0.003371323843799669,-2.4620937109630175e-05
stale-vision,14,2006222,106,10.60000000000021,2.147669534569261,0.48054394050609756,1.1999142033430275,0.9999640208315369,0.007963626860200218,-0.0029218442817321223,-2.270792610985295e-05
stale-vision,14,2006222,107,10.700000000000243,2.1046320510218584,0.5105136786954177,1.1999406618563626,0.9999616589015551,0.008383180399481202,-0.0025303323129720586,-2.0775588530185964e-05
stale-vision,14,2006222,108,10.800000000000276,2.061097030006585,0.538838010250441,1.199965990204938,0.9999592109048963,0.008762171921844893,-0.002191007417616439,-1.8872358525163498e-05
stale-vision,14,2006222,109,10.90000000000031,2.0171311861696672,0.5654426351618129,1.1999892820384896,0.9999568305977836,0.009095985660204312,-0.0018972864207410652,-1.7027740745156326e-05
stale-vision,14,2006222,110,11.000000000000343,1.9727922922286225,0.5902621095949417,1.200009799052521,0.9999546510168832,0.00938078648648761,-0.0016421089876173614,-1.5253584856753354e-05
stale-vision,14,2006222,111,11.100000000000376,1.9281305605181023,0.6132405960572659,1.2000269871764444,0.9999527819728479,0.009613650597262262,-0.0014182254561164954,-1.354666736526793e-05
stale-vision,14,2006222,112,11.20000000000041,1.8831900621856368,0.6343324354117801,1.2000404826498048,0.9999513083136277,0.009792663201404537,-0.0012184448549536514,-1.1892206800816892e-05
stale-vision,14,2006222,113,11.300000000000443,1.838010135431969,0.653502521428193,1.2000501092639864,0.9999502889317899,0.009916985079062916,-0.0010358410798132433,-1.0267875379640398e-05
stale-vision,14,2006222,114,11.400000000000476,1.792626741990215,0.6707264650122712,1.200055868101289,0.9999497566379246,0.009986878538745327,-0.0008639340370823337,-8.648045486600505e-06
stale-vision,14,2006222,115,11.50000000000051,1.7470737369377793,0.6859905431485077,1.200057920948761,0.9999497191030056,0.010003682283282243,-0.0006968195527076645,-7.0075789241282635e-06
stale-vision,14,2006222,116,11.600000000000543,1.70138402562692,0.6992914371749958,1.2000565686707263,0.9999501607368175,0.009969748297167652,-0.0005292758691781968,-5.3251163031014225e-06
stale-vision,14,2006222,117,11.700000000000577,1.6555905878126285,0.7106357729554529,1.2000522257615052,0.9999510455582357,0.0098883345773364,-0.00035681006488201057,-3.585232592524698e-06
stale-vision,14,2006222,118,11.80000000000061,1.6097273585171612,0.72003948358656,1.2000453923830672,0.999952320749051,0.009763470482249605,-0.00017569735598460258,-1.779885740944854e-06
stale-vision,14,2006222,119,11.900000000000643,1.5638299589894546,0.7275270214080655,1.2000366251178054,0.9999539208698432,0.009599783712269293,1.7020483038811908e-05,9.12286422764556e-08
stale-vision,14,2006222,120,12.000000000000677,1.5179362775896383,0.7331304525030246,1.2000265077970562,0.999955772201704,0.009402321698807092,0.00022356896139490986,2.0212257826656865e-06
stale-vision,15,2006223,0,0.0,-1.6,-0.16602047047140484,1.2,1.0,0.0,0.0,0.0
stale-vision,15,2006223,1,0.10000000000000007,-1.5996252136327291,-0.16630478718362934,1.2000783043176524,0.9997561799325719,0.01334020344287457,0.01757218986812622,0.0009153152312411765
stale-vision,15,2006223,2,0.20000000000000015,-1.5957522379788474,-0.16924855412995152,1.2006753332706208,0.9987767034081673,0.030174958235725618,0.03911100031573354,0.0022132055684813967
stale-vision,15,2006223,3,0.3000000000000002,-1.5842891196682274,-0.17802849229695122,1.2017584659251086,0.9978680888212322,0.040239890011837615,0.05129602579525968,0.0029574147001196383
stale-vision,15,2006223,4,0.4000000000000003,-1.5628381802493152,-0.19460254590061896,1.2027538148270869,0.9975726811994694,0.043449519367129784,0.05432990164094317,0.003024364222709527
stale-vision,15,2006223,5,0.5000000000000003,-1.5307997367216988,-0.21959670538790552,1.2031610388756881,0.9978448136076372,0.04158457436309461,0.050691580095033155,0.0026105246309704143
stale-vision,15,2006223,6,0.6000000000000004,-1.4888730365649037,-0.25266115548949347,1.2028160206729326,0.9984066986609409,0.0364821905218957,0.04300211724584112,0.0019828656180191783
stale-vision,15,2006223,7,0.7000000000000005,-1.4385379563483003,-0.2928278059863551,1.2018498485010545,0.9989976004206179,0.029682252231383845,0.03348021295602493,0.001354103665884119
stale-vision,15,2006223,8,0.8000000000000006,-1.3816318274453585,-0.3387976309350883,1.2005391926345859,0.9994664158214658,0.022365497668777552,0.02378985308941045,0.0008432372166185873
stale-vision,15,2006223,9,0.9000000000000007,-1.3200339585889815,-0.38916086711706055,1.1991691385884984,0.9997687629287265,0.015362096591075881,0.015039615776283962,0.0004864335423594827
stale-vision,15,2006223,10,1.0000000000000007,-1.2554510528969813,-0.442556928254354,1.1979537112849161,0.9999268872537673,0.009189721407455716,0.00785477792363317,0.000267640083870308
stale-vision,15,2006223,11,1.1000000000000008,-1.1892917531002496,-0.49777869645508943,1.1970127625414602,0.9999884752253254,0.004108049298615864,0.002480159625449147,0.00014884798098128526
stale-vision,15,2006223,12,1.2000000000000008,-1.1226144422136763,-0.5538276496894052,1.19638471080907,0.9999993613223683,0.0001801996581840429,-0.0011120297721087368,9.095452831069593e-05
stale-vision,15,2006223,13,1.300000000000001,-1.056129586771111,-0.6099294650844345,1.1960534425402392,0.9999915621205454,-0.002666659067648008,-0.00312418355754458,6.398614584430306e-05
stale-vision,15,2006223,14,1.400000000000001,-0.9902378218570084,-0.6655214959053508,1.1959746272555882,0.9999820574733129,-0.0045871306298686425,-0.0038523403664553943,4.93733114780456e-05
stale-vision,15,2006223,15,1.500000000000001,-0.9250874023694653,-0.7202231726810927,1.1960947486532547,0.9999767656210081,-0.005773215801981187,-0.0036244667819362864,3.7920946972983295e-05
stale-vision,15,2006223,16,1.6000000000000012,-0.8606383584335865,-0.773798561713754,1.1963619386630664,0.99997558282564,-0.006421149386531049,-0.0027571534016607962,2.642341724725679e-05
stale-vision,15,2006223,17,1.7000000000000013,-0.7967245471976647,-0.8261179112955291,1.1967305689325183,0.9999763244663289,-0.0067092894951592185,-0.0015283084309664979,1.4649962641398348e-05
stale-vision,15,2006223,18,1.8000000000000014,-0.7331081419166025,-0.8771226502422935,1.1971622143876726,0.9999769629332631,-0.006785801078589013,-0.00016277370653036235,3.3480057851802767e-06
stale-vision,15,2006223,19,1.9000000000000015,-0.6695237312184454,-0.9267962816866514,1.1976250899225127,0.9999764353448035,-0.006764206125984702,0.0011722733682250762,-6.762678787663632e-06
stale-vision,15,2006223,20,2.0000000000000013,-0.6057111404149131,-0.9751420455260991,1.1980931997299855,0.9999745929466016,-0.006724584164452859,0.002364993560480406,-1.5315082197504962e-05
stale-vision,15,2006223,21,2.0999999999999903,-0.5414374359546249,-1.0221671181748733,1.1985456985077099,0.9999718136165904,-0.006718258015285619,0.003352086742043588,-2.2272431797995034e-05
stale-vision,15,2006223,22,2.1999999999999793,-0.4765143142094811,-1.0678696037346251,1.1989665634046853,0.9999686137057021,-0.006907547067110166,0.003880294985856876,-2.660516589424921e-05
stale-vision,15,2006223,23,2.2999999999999683,-0.41083860884628315,-1.1122122728785329,1.1993440865085139,0.9999655671248995,-0.007327754545300504,0.003894584484619983,-2.8099724829912586e-05
stale-vision,15,2006223,24,2.3999999999999573,-0.3444050491775778,-1.155114145960656,1.1996709045431873,0.9999625328993461,-0.007899125227567689,0.0035406044844669255,-2.71670599527443e-05
stale-vision,15,2006223,25,2.4999999999999463,-0.2772805074299162,-1.1964643717368415,1.1999438562209799,0.9999590508943229,-0.008546804032702894,0.002974572958242532,-2.431189484770578e-05
stale-vision,15,2006223,26,2.5999999999999353,-0.20957397706384223,-1.2361366602189283,1.2001631828441015,0.9999547985125216,-0.009220481072116213,0.0023201845633002423,-2.010409860008532e-05
stale-vision,15,2006223,27,2.6999999999999242,-0.1414123706928699,-1.2739992520642387,1.2003315661160767,0.9999497118543536,-0.009889473862400557,0.0016648843577829853,-1.5139184043927676e-05
stale-vision,15,2006223,28,2.7999999999999132,-0.0729233014159616,-1.3099210711005511,1.2004532782008814,0.9999439362235144,-0.010535226403963281,0.0010645727320181845,-9.966946788185579e-06
stale-vision,15,2006223,29,2.899999999999902,-0.004224018631688884,-1.3437754695647022,1.2005335201250407,0.9999377356950894,-0.01114549849265865,0.0005500645342268499,-5.033576256867954e-06
stale-vision,15,2006223,30,2.999999999999891,0.06458473994325706,-1.3754426988249158,1.200577933883253,0.9999314182592814,-0.011710719986884112,0.00013347263680810542,-6.536816964204732e-07
stale-vision,15,2006223,31,3.09999999999988,0.13342122004003293,-1.4048118281054376,1.2005922484912324,0.9999252902615112,-0.012222080295247037,-0.00018611755414103327,2.991006848258236e-06
stale-vision,15,2006223,32,3.199999999999869,0.20222255292385172,-1.4317824930064276,1.200582024593428,0.9999196337884644,-0.012670882324786682,-0.00041793707440023283,5.83576422449445e-06
stale-vision,15,2006223,33,3.299999999999858,0.27094300909744234,-1.4562666090061416,1.2005524739640567,0.9999146967795288,-0.013048658687564729,-0.0005758543326886946,7.908542000047007e-06
stale-vision,15,2006223,34,3.399999999999847,0.3395513255510726,-1.4781900323177426,1.2005083398162533,0.9999106873130464,-0.013347688816562649,-0.0006756580956519353,9.302990319295773e-06
stale-vision,15,2006223,35,3.499999999999836,0.40802764136650765,-1.4974940705613493,1.2004538291384086,0.9999077676361567,-0.013561658525829511,-0.0007331683553208995,1.0152346089088315e-05
stale-vision,15,2006223,36,3.599999999999825,0.47636041448313265,-1.5141367169596007,1.2003925888678817,0.9999060476726581,-0.013686251788172964,-0.0007630380965791965,1.060653545096052e-05
stale-vision,15,2006223,37,3.699999999999814,0.5445435579118924,-1.5280934931185801,1.2003277167740098,0.9999055793746959,-0.013719577836063175,-0.0007780761037096629,1.081350592372609e-05
stale-vision,15,2006223,38,3.799999999999803,0.61257393082743,-1.539357817285135,1.2002617969156288,0.9999063538715107,-0.01366239089924588,-0.0007889508022039763,1.0905426535011205e-05
stale-vision,15,2006223,39,3.899999999999792,0.6804492450745897,-1.5479408552586862,1.2001969492218925,0.9999083029839438,-0.013518093067509389,-0.000804153475081967,1.0989817830429994e-05
stale-vision,15,2006223,40,3.999999999999781,0.7481663959161987,-1.5538708537891937,1.200134883602167,0.9999113058710221,-0.01329252203628072,-0.0008301355330882739,1.1145393895706587e-05
stale-vision,15,2006223,41,4.0999999999997705,0.8157201918095393,-1.5571919969266639,1.200076951593621,0.9999151996698833,-0.012993604845859314,-0.0008715341602891761,1.1421738194444197e-05
stale-vision,15,2006223,42,4.1999999999997595,0.8831024394678163,-1.5579628540927988,1.2000241909716796,0.9999197933359255,-0.012630881025624442,-0.0009314501183841448,1.1842071933187708e-05
stale-vision,15,2006223,43,4.2999999999997485,0.9503013305541422,-1.5562545120399005,1.1999773616433833,0.9999248824423658,-0.012214978940514952,-0.0010117352160875339,1.240797394490754e-05
stale-vision,15,2006223,44,4.3999999999997375,1.0173010739041857,-1.5521484934277476,1.1999369736458882,0.9999302632599648,-0.011757086694043371,-0.001113264382848494,1.3105040400951076e-05
stale-vision,15,2006223,45,4.499999999999726,1.0840817197881643,-1.5457345656566674,1.1999033091896365,0.9999357448904649,-0.011268439286856039,-0.0012361929207494334,1.3908769657534306e-05
stale-vision,15,2006223,46,4.599999999999715,1.1506191262084826,-1.5371085399095992,1.1998764416251788,0.999941158324973,-0.010759869429148439,-0.0013801734825760882,1.4789806556725135e-05
stale-vision,15,2006223,47,4.699999999999704,1.2168850240999647,-1.5263701485547843,1.199856254097491,0.9999463621390127,-0.010241433526087088,-0.0015445508143137122,1.5718357432194564e-05
stale-vision,15,2006223,48,4.799999999999693,1.2828471437664577,-1.513621073919546,1.1998424600314308,0.9999512448766892,-0.009722131308191693,-0.0017285122461515143,1.666733246508759e-05
stale-vision,15,2006223,49,4.899999999999682,1.348469372585809,-1.4989631834448747,1.1998346267276623,0.9999557245941365,-0.009209722342500549,-0.001931205717605629,1.7614337012604195e-05
stale-vision,15,2006223,50,4.999999999999671,1.4137119205957593,-1.482497007438064,1.1998322022766272,0.9999597463149339,-0.00871062478180491,-0.0021518415022543703,1.8542720693930654e-05
stale-vision,15,2006223,51,5.09999999999966,1.4785314745656113,-1.4643204790142812,1.1998345452415005,0.9999632780310165,-0.008229902999841821,-0.002389750635185954,1.94416349393613e-05
stale-vision,15,2006223,52,5.199999999999649,1.5428813282401785,-1.4445279394564634,1.19984095582284,0.9999663061277915,-0.007771303544856261,-0.0026444352964805936,2.030557505581809e-05
stale-vision,15,2006223,53,5.299999999999638,1.6067114794893111,-1.423209400984198,1.1998507071243174,0.9999688304522837,-0.007337370094514609,-0.0029155921121415177,2.1133510106153e-05
stale-vision,15,2006223,54,5.399999999999627,1.6699686893711698,-1.400450046035283,1.1998630747952657,0.9999708599137679,-0.006929564311087107,-0.0032031205022069495,2.192779447789924e-05
stale-vision,15,2006223,55,5.499999999999616,1.732596501497195,-1.376329937874741,1.1998773637158953,0.9999724083890092,-0.00654843771392053,-0.003507122640357203,2.2693127199866913e-05
stale-vision,15,2006223,56,5.599999999999605,1.7945352217522936,-1.350923910631783,1.1998929305517958,0.9999734915235347,-0.006193782869345181,-0.003827891688210816,2.3435527927783237e-05
stale-vision,15,2006223,57,5.699999999999594,1.8557218605910948,-1.3243016076331375,1.1999092014651702,0.9999741240618463,-0.005864806232018211,-0.0041658937608774135,2.4161501382976133e-05
stale-vision,15,2006223,58,5.799999999999583,1.916090041384,-1.2965276354695257,1.199925684710313,0.9999743179212821,-0.005560276159396903,-0.004521748336126815,2.4877382505085808e-05
stale-vision,15,2006223,59,5.899999999999572,1.9755698789354894,-1.2676618038703908,1.1999419780836684,0.999974080814022,-0.005278666474642305,-0.004896195013901836,2.5588824157690745e-05
stale-vision,15,2006223,60,5.999999999999561,2.034087834468666,-1.2377594240225727,1.1999577715665375,0.9999734154409701,-0.005018269928337937,-0.0052900554377606915,2.630042762411631e-05
stale-vision,15,2006223,61,6.09999999999955,2.0915665543026583,-1.2068716426156232,1.1999728457291747,0.9999723190206156,-0.0047772903914103226,-0.005704205396881462,2.701554290302806e-05
stale-vision,15,2006223,62,6.199999999999539,2.147924698399689,-1.1750457933461975,1.1999870666242418,0.9999707831655251,-0.004553929658716549,-0.006139525282688571,2.7736150224138152e-05
stale-vision,15,2006223,63,6.299999999999528,2.2030767677340184,-1.1423257495511057,1.2000003778429968,0.999968794088946,-0.004346434736157006,-0.0065968585896953045,2.84628002449855e-05
stale-vision,15,2006223,64,6.399999999999517,2.2569329394699262,-1.1087522680069997,1.2000127904185245,0.9999663331569871,-0.004153132088781649,-0.007076948078374264,2.9194489183829714e-05
stale-vision,15,2006223,65,6.499999999999506,2.3093989218056477,-1.0743633172122713,1.2000243712806014,0.999963377666863,-0.003972456075576222,-0.007580370840659524,2.9928633099285926e-05
stale-vision,15,2006223,66,6.599999999999495,2.36037584148914,-1.039194384901121,1.2000352308314783,0.9999599019660027,-0.0038029534488943076,-0.008107469710823805,3.066099249151756e-05
stale-vision,15,2006223,67,6.699999999999484,2.409760177806377,-1.00327876369309,1.2000455099410943,0.9999558790824008,-0.003643272667851315,-0.008658260088811258,3.138543747599694e-05
stale-vision,15,2006223,68,6.799999999999473,2.4574437609532738,-0.9666478165856827,1.20005536671788,0.9999512827534034,-0.0034921599477227426,-0.00923232953888354,3.2093761161157845e-05
stale-vision,15,2006223,69,6.899999999999462,2.5033138548175895,-0.929331223682396,1.2000649631692608,0.9999460901229599,-0.0033484361317484283,-0.009828720621357695,3.277535931382034e-05
stale-vision,15,2006223,70,6.999999999999451,2.5472533467266674,-0.8913572141292407,1.2000744518816382,0.9999402849453995,-0.0032109751506869,-0.010445815679394736,3.341689610821416e-05
stale-vision,15,2006223,71,7.09999999999944,2.5891410679102593,-0.8527527879608366,1.2000839624785828,0.9999338618728468,-0.0030786696999960594,-0.011081178493972792,3.4001738408628244e-05
stale-vision,15,2006223,72,7.199999999999429,2.628852274242178,-0.813543933765697,1.2000935879809718,0.9999268311797329,-0.0029504170000675613,-0.011731416601232728,3.4509599797738194e-05
stale-vision,15,2006223,73,7.299999999999418,2.6662593157018306,-0.7737558461689631,1.20010337098402,0.9999192245118874,-0.002825077680642969,-0.012392020356661858,3.491596041362151e-05
stale-vision,15,2006223,74,7.399999999999407,2.701232525068858,-0.7334131500899481,1.200113289717276,0.9999111010618449,-0.0027014466767665067,-0.013057217188012919,3.51915659383289e-05
stale-vision,15,2006223,75,7.499999999999396,2.733641354900508,-0.6925401378019505,1.2001232445437757,0.99990255393739,-0.0025782360761034224,-0.013719842636623753,3.5302221626608926e-05
stale-vision,15,2006223,76,7.599999999999385,2.7633557877351502,-0.6511610225163327,1.2001330454808843,0.9998937162432331,-0.0024540453362843695,-0.01437124347892838,3.520870603053085e-05
stale-vision,15,2006223,77,7.699999999999374,2.790248038332951,-0.6093002138010842,1.2001424019956755,0.9998847659725584,-0.0023273429968305426,-0.01500123444462518,3.486709360585583e-05
stale-vision,15,2006223,78,7.799999999999363,2.8141945557877905,-0.5669826187200039,1.200150916925937,0.9998759284928059,-0.0021964507065991867,-0.015598142622569186,3.422963908347948e-05
stale-vision,15,2006223,79,7.899999999999352,2.8350783164856477,-0.5242339716127373,1.2001580868781856,0.9998674753979218,-0.0020595344899069085,-0.016148958286906094,3.324634579673986e-05
stale-vision,15,2006223,80,7.999999999999341,2.852791377769494,-0.4810811943592386,1.200163311700193,0.999859718493203,-0.0019145996579335977,-0.016639610191284664,3.186730193944563e-05
stale-vision,15,2006223,81,8.099999999999374,2.8672376377397035,-0.43755278757350563,1.2001659156707967,0.9998529978171075,-0.0017595123950987599,-0.01705537948884746,3.0046095750897818e-05
stale-vision,15,2006223,82,8.199999999999408,2.878335719132745,-0.3936792493106546,1.2001651826454525,0.9998476630050535,-0.0015920140560479802,-0.01738147015795138,2.774397122699721e-05
stale-vision,15,2006223,83,8.299999999999441,2.8860218649116316,-0.34949351764309544,1.2001604063152915,0.9998440481636822,-0.001409758047398824,-0.017603730064069505,2.4934700291950167e-05
stale-vision,15,2006223,84,8.399999999999475,2.8902527048601843,-0.30503143040675446,1.2001509541192472,0.9998424425346959,-0.0012103548382154088,-0.017709451726094436,2.1609737392153712e-05
stale-vision,15,2006223,85,8.499999999999508,2.8910077354231145,-0.26033219289602805,1.2001363411330088,0.9998430591225711,-0.0009914360148911426,-0.01768824080586776,1.7783201289976988e-05
stale-vision,15,2006223,86,8.599999999999541,2.888291344140684,-0.21543884140797115,1.2001163071725547,0.999846005816758,-0.000750722861329136,-0.01753285160270786,1.3495875726403125e-05
stale-vision,15,2006223,87,8.699999999999575,2.8821342158940797,-0.17039868886246254,1.2000908874292007,0.9998512635778138,-0.0004861101541039703,-0.01723990548170348,8.81755234989124e-06
stale-vision,15,2006223,88,8.799999999999608,2.872593981580939,-0.12526373642555239,1.2000604658932832,0.9998586757431447,-0.00019575417522736292,-0.01681041958632855,3.847036470275143e-06
stale-vision,15,2006223,89,8.899999999999642,2.859755007682967,-0.08009103395568018,1.200025800767698,0.9998679517392675,0.00012184357019366315,-0.016250053452188974,-1.2907679523630597e-06
stale-vision,15,2006223,90,8.999999999999675,2.8437272794581037,-0.0349429726560096,1.199988013763336,0.9998786856922941,0.00046774819217619047,-0.015569041983003134,-6.45065383237669e-06
stale-vision,15,2006223,91,9.099999999999708,2.824644391856371,0.010112507124510759,1.1999485398363003,0.9998903880999663,0.0008425117831763593,-0.014781807315299794,-1.1475527125382494e-05
stale-vision,15,2006223,92,9.199999999999742,2.802660724943005,0.05500180866812067,1.1999090393255767,0.9999025267948068,0.0012461051567211113,-0.013906252861281904,-1.6206719331193772e-05
stale-vision,15,2006223,93,9.299999999999775,2.7779479409882097,0.09964568560908366,1.1998712807858256,0.9999145710313454,0.0016778661637748187,-0.012962830874756574,-2.049514745349037e-05
stale-vision,15,2006223,94,9.399999999999809,2.7506909849727506,0.14395937291150013,1.1998370077147889,0.9999260327139687,0.0021364623935774315,-0.011973472475441092,-2.4212070722100584e-05
stale-vision,15,2006223,95,9.499999999999842,2.721083797435653,0.18785284925841644,1.1998078044210492,0.9999365000809491,0.002619877397831245,-0.010960442749964622,-2.7258162178670852e-05
stale-vision,15,2006223,96,9.599999999999875,2.6893249613711445,0.23123123396034703,1.199784976739325,0.9999456598442028,0.0031254034025153346,-0.009945267112186715,-2.9569918206805427e-05
stale-vision,15,2006223,97,9.699999999999909,2.6556134927949087,0.2739953193673391,1.199769460617656,0.9999533068854753,0.0036496538483450445,-0.008947799000834731,-3.112280666275892e-05
stale-vision,15,2006223,98,9.799999999999942,2.6201449571872204,0.3160422363175814,1.199761766619422,0.9999593427111301,0.004188595268351982,-0.007985460213405194,-3.193091193377759e-05
stale-vision,15,2006223,99,9.899999999999975,2.5831080594981444,0.3572662462525492,1.1997619634560832,0.9999637647426195,0.004737593999046763,-0.007072720699058825,-3.204339720788446e-05
stale-vision,15,2006223,100,10.000000000000009,2.5446818100612734,0.3975596505501903,1.1997696985048762,0.9999666497971197,0.005291484270894363,-0.006220811287012516,-3.153834337187075e-05
stale-vision,15,2006223,101,10.100000000000042,2.5050333230815447,0.43681380399036146,1.1997842489886061,0.9999681351323608,0.00584464004212048,-0.0054376439328561905,-3.05146787082222e-05
stale-vision,15,2006223,102,10.200000000000076,2.4643162634978255,0.4749202174733968,1.1998045952581478,0.9999683994892218,0.006391080360804106,-0.004727924380687947,-2.9083272361963772e-05
stale-vision,15,2006223,103,10.300000000000109,2.422669921200908,0.5117717302421834,1.1998295065272924,0.9999676463098367,0.00692457185490671,-0.004093395868522266,-2.7357903193173842e-05
stale-vision,15,2006223,104,10.400000000000142,2.3802188648184934,0.5472637305858514,1.1998576300804777,0.9999660897827612,0.007438762448312521,-0.0035331926441785635,-2.5447066632140756e-05
stale-vision,15,2006223,105,10.500000000000176,2.337073106877996,0.5812953994125629,1.199887576504514,0.9999639440730564,0.007927332814200817,-0.0030442402243664427,-2.344707810292044e-05
stale-vision,15,2006223,106,10.60000000000021,2.293328701636146,0.6137709473075134,1.199917995341101,0.9999614154491222,0.008384145484274274,-0.0026216899017308597,-2.1437013592758986e-05
stale-vision,15,2006223,107,10.700000000000243,2.2490686911780493,0.6446008154609907,1.199947637855201,0.9999586965906748,0.008803413744453665,-0.0022593449987854154,-1.9475604600574486e-05
stale-vision,15,2006223,108,10.800000000000276,2.204364316247339,0.6737028079323368,1.1999754054051242,0.9999559625090163,0.009179869246444459,-0.0019500598759955086,-1.760011695432673e-05
stale-vision,15,2006223,109,10.90000000000031,2.1592764133732643,0.7010031222541535,1.2000003834372248,0.9999533674240602,0.009508929086876597,-0.001686118145441352,-1.582724574395965e-05
stale-vision,15,2006223,110,11.000000000000343,2.1138569250206647,0.7264372460208127,1.200021862044687,0.9999510423887293,0.00978684583929325,-0.001459545763618701,-1.4155378063634317e-05
stale-vision,15,2006223,111,11.100000000000376,2.0681504602926712,0.7499506901687897,1.200039344567535,0.9999490934622236,0.010010827773948055,-0.0012623998550094122,-1.2568283553479339e-05
stale-vision,15,2006223,112,11.20000000000041,2.02219585033207,0.771499535175468,1.200052546055261,0.999947600368366,0.010179135970079032,-0.0010870080855714121,-1.1039532070305685e-05
stale-vision,15,2006223,113,11.300000000000443,1.9760276513842232,0.7910507714222592,1.2000613833024079,0.9999466158413415,0.010291142787370425,-0.0009261515119747001,-9.537087830767236e-06
stale-vision,15,2006223,114,11.400000000000476,1.9296775591990611,0.808582422109333,1.2000659580799438,0.999946165740982,0.010347351845952257,-0.0007732174592127077,-8.027873321029727e-06
stale-vision,15,2006223,115,11.50000000000051,1.8831757051737519,0.8240834452735634,1.200066534866189,0.9999462503051618,0.0103493570962043,-0.0006223072635335267,-6.48171249239052e-06
stale-vision,15,2006223,116,11.600000000000543,1.8365518128047325,0.8375534221839651,1.2000635144409002,0.9999468462865454,0.010299770139433175,-0.00046830855965672305,-4.87444167008735e-06
stale-vision,15,2006223,117,11.700000000000577,1.7898362003399464,0.8490020467362228,1.20005740464565,0.999947910046025,0.010202106466727874,-0.0003069332997996482,-3.1899838138978854e-06
stale-vision,15,2006223,118,11.80000000000061,1.743060622213277,0.8584484379518202,1.2000487894541865,0.999949381455728,0.010060634935061484,-0.0001347181831644521,-1.4212636379068546e-06
stale-vision,15,2006223,119,11.900000000000643,1.6962589488981799,0.8659203049216738,1.2000382976475923,0.9999511882866448,0.009880204609464685,5.099819856025419e-05,4.2985385757665163e-07
stale-vision,15,2006223,120,12.000000000000677,1.6494676898281064,0.8714529980426176,1.2000265723572507,0.9999532507894647,0.009666057248132411,0.000252125598456305,2.3535219715657517e-06
stale-vision,16,2006224,0,0.0,-1.6,0.04051338392298695,1.2,1.0,0.0,0.0,0.0
stale-vision,16,2006224,1,0.10000000000000007,-1.599631791114524,0.04022059916554922,1.2000783042788539,0.999756170201748,0.013737304469306972,0.017263520169405574,0.0009260025978493963
stale-vision,16,2006224,2,0.20000000000000015,-1.595826531773513,0.037189793670414695,1.200675340274015,0.9987766378217534,0.031038415086025426,0.03842966454338366,0.002237278146272871
stale-vision,16,2006224,3,0.3000000000000002,-1.5845622590751114,0.028156033780908928,1.2017585036885523,0.9978679642354843,0.0413302034095168,0.050422396412241936,0.002987001624634736
stale-vision,16,2006224,4,0.4000000000000003,-1.5634785520963437,0.01111683832305798,1.2027539228980295,0.9975725413351535,0.04453438117445117,0.05344530346579832,0.003051754410346741
stale-vision,16,2006224,5,0.5000000000000003,-1.5319780177324642,-0.014553017790031375,1.2031612366716484,0.9978447471891141,0.04249827031928277,0.04992828787707648,0.002631272815213768
stale-vision,16,2006224,6,0.6000000000000004,-1.4907369276119598,-0.048470917424124974,1.202816240310211,0.9984068394510024,0.037136519521280935,0.04243438833068148,0.0019961318361464125
stale-vision,16,2006224,7,0.7000000000000005,-1.44119794609255,-0.0896189389877741,1.2018499308928308,0.9989980536589332,0.03005639164226945,0.033130782884306424,0.001361371581151234
stale-vision,16,2006224,8,0.8000000000000006,-1.3851565537768455,-0.13664397904171338,1.2005389848139099,0.9994671674496828,0.022486878321588803,0.02364327720858237,0.000846720907558761
stale-vision,16,2006224,9,0.9000000000000007,-1.3244528180117074,-0.18808718443410563,1.1991686176447427,0.9997696621778325,0.015286407872043526,0.015056898163721893,0.0004879968024506132
stale-vision,16,2006224,10,1.0000000000000007,-1.260761473748067,-0.24254943887907318,1.1979530398947253,0.9999277141187776,0.008984194396517505,0.007986159727689691,0.0002684046326731112
stale-vision,16,2006224,11,1.1000000000000008,-1.1954687359053056,-0.29879806435892026,1.197012241510874,0.9999890411024489,0.003839366652171223,0.0026748183441402816,0.0001492834257944304
stale-vision,16,2006224,12,1.2000000000000008,-1.1296204411114579,-0.355821974785157,1.1963846599004504,0.9999995869525832,-9.311138115569254e-05,-0.0008995080722009356,9.116008380947885e-05
stale-vision,16,2006224,13,1.300000000000001,-1.0639233998374347,-0.4128457551387803,1.196054069586126,0.9999915054201926,-0.0028981376954667916,-0.0029301527197541735,6.395617672803353e-05
stale-vision,16,2006224,14,1.400000000000001,-0.998781728690464,-0.4693147990351301,1.195975937506889,0.999981893111017,-0.004743568686535132,-0.0037026463386048434,4.915600166392021e-05
stale-vision,16,2006224,15,1.500000000000001,-0.9343522459419243,-0.5248631138651778,1.1960965202161287,0.999976734399013,-0.005834053820810619,-0.003534552023953141,3.766551286608763e-05
stale-vision,16,2006224,16,1.6000000000000012,-0.8706065889255818,-0.5792733961373763,1.1963637629551807,0.9999759323727859,-0.006376812754149136,-0.002733173947165434,2.635242467802887e-05
stale-vision,16,2006224,17,1.7000000000000013,-0.8073914476780366,-0.6324364214424731,1.1967319363716993,0.9999772586276537,-0.0065590253841264394,-0.001568817556429369,1.5000280180888968e-05
stale-vision,16,2006224,18,1.8000000000000014,-0.7444815659847136,-0.6843143126171873,1.197162617425599,0.9999786100749953,-0.006535399196643775,-0.00026063617466554886,4.313541565063822e-06
stale-vision,16,2006224,19,1.9000000000000015,-0.6816227266675857,-0.734910151178236,1.1976241165988184,0.999978838653999,-0.006423823343701592,0.0010279650580871278,-5.068338731399722e-06
stale-vision,16,2006224,20,2.0000000000000013,-0.6185638327458283,-0.7842447840114865,1.1980905982765053,0.9999777199879027,-0.0063067964378148095,0.0021871627337242995,-1.2871053208983822e-05
stale-vision,16,2006224,21,2.0999999999999903,-0.5550785143339381,-0.832340548661523,1.1985414039366626,0.9999755786481971,-0.006236410832134979,0.0031541909800204345,-1.9141523344229185e-05
stale-vision,16,2006224,22,2.1999999999999793,-0.49098157680035176,-0.8792084647821545,1.1989606933166765,0.9999728899642056,-0.006357872565247614,0.003714330681703415,-2.3252204713072425e-05
stale-vision,16,2006224,23,2.2999999999999683,-0.4261642737048721,-0.9248241672505586,1.1993369194807135,0.9999702270209304,-0.006723625394826615,0.00378646406142912,-2.4963373690362977e-05
stale-vision,16,2006224,24,2.3999999999999573,-0.36061043939715415,-0.9691172007253165,1.1996627762411072,0.9999675291213832,-0.007266084174631183,0.0034848417917360654,-2.4522012438035146e-05
stale-vision,16,2006224,25,2.4999999999999463,-0.29437675882616426,-1.0119824853325396,1.1999350794185693,0.9999643742349102,-0.007904970243900904,0.002959933929505596,-2.230606664024868e-05
stale-vision,16,2006224,26,2.5999999999999353,-0.22756415928065207,-1.053295585104047,1.2001540282025027,0.999960441797935,-0.008582601382245564,0.0023352602604876944,-1.876986977035939e-05
stale-vision,16,2006224,27,2.6999999999999242,-0.16029370103299534,-1.0929240713876673,1.2003222664254318,0.9999556586580743,-0.00926239359424405,0.0016995806987529182,-1.4423920822320023e-05
stale-vision,16,2006224,28,2.7999999999999132,-0.09268911597066964,-1.1307348223491487,1.2004440379407393,0.9999501591856034,-0.00992197697084159,0.0011105954419653567,-9.769358366644076e-06
stale-vision,16,2006224,29,2.899999999999902,-0.024865396903456256,-1.1665985175650362,1.200524525451314,0.9999441956738401,-0.010547240367494232,0.0006010253173785125,-5.2340753096425275e-06
stale-vision,16,2006224,30,2.999999999999891,0.04307772088073941,-1.2003924819360683,1.2005693628424532,0.9999380618949907,-0.011128262047314198,0.00018481397996145417,-1.1352194478897821e-06
stale-vision,16,2006224,31,3.09999999999988,0.11105858811109634,-1.2320026802927153,1.2005842817776047,0.9999320462626587,-0.011656929141818723,-0.0001373117685481481,2.3308916820593843e-06
stale-vision,16,2006224,32,3.199999999999869,0.1790138641120416,-1.2613253364823598,1.2005748558846816,0.9999264099425321,-0.012125815134825343,-0.0003732036392311763,5.079385331256524e-06
stale-vision,16,2006224,33,3.299999999999858,0.2468970409106583,-1.288268403429343,1.200546317775098,0.9999213792065834,-0.012527907403603978,-0.0005356221126777292,7.11643878090797e-06
stale-vision,16,2006224,34,3.399999999999847,0.31467598786907625,-1.3127529434905374,1.200503434409388,0.9999171432123753,-0.012856813697113986,-0.0006395147048402661,8.514849531162997e-06
stale-vision,16,2006224,35,3.499999999999836,0.38233005266901043,-1.334714382109043,1.2004504322533671,0.999913851866271,-0.013107196472851749,-0.0007001131443308158,9.389648391784055e-06
stale-vision,16,2006224,36,3.599999999999825,0.44984709438602344,-1.354103552453211,1.200390965454843,0.9999116123117523,-0.013275243507065698,-0.0007316941997746309,9.876124743268993e-06
stale-vision,16,2006224,37,3.699999999999814,0.5172206942720138,-1.3708874407984561,1.2003281193161286,0.9999104851595165,-0.013359032868386127,-0.0007468645344913253,1.0111734529109029e-05
stale-vision,16,2006224,38,3.799999999999803,0.5844476872373727,-1.3850495610223663,1.2002644406015193,0.9999104816095774,-0.013358771648629584,-0.0007562293589580543,1.0222492722744529e-05
stale-vision,16,2006224,39,3.899999999999792,0.651526081392746,-1.3965899128285688,1.2002019853055312,0.9999115635246745,-0.01327684840597444,-0.0007683226339318014,1.031386854626385e-05
stale-vision,16,2006224,40,3.999999999999781,0.7184533809548784,-1.405524512777176,1.2001423749725026,0.9999136469697937,-0.01311773015893423,-0.0007897148266273859,1.046601753744833e-05
stale-vision,16,2006224,41,4.0999999999997705,0.7852252932127212,-1.4118845187460336,1.2000868542180896,0.9999166093458652,-0.01288771791043689,-0.0008252067275414515,1.073247125082902e-05
stale-vision,16,2006224,42,4.1999999999997595,0.8518347818250477,-1.415714995218602,1.200036344157883,0.9999202991838416,-0.01259460697301713,-0.0008780837955540698,1.1141846143114639e-05
stale-vision,16,2006224,43,4.2999999999997485,0.9182714173391481,-1.4170733862241054,1.1999914887659295,0.9999245475629301,-0.012247277016427086,-0.0009503945620147054,1.1701629211639535e-05
stale-vision,16,2006224,44,4.3999999999997375,0.9845209711834816,-1.4160277757127449,1.1999526932873112,0.9999291796661818,-0.011855261696791611,-0.0010432010295039183,1.2402814732934073e-05
stale-vision,16,2006224,45,4.499999999999726,1.0505652034099744,-1.4126550194596064,1.1999201556432486,0.9999340251473863,-0.011428339547429134,-0.0011568201385912247,1.3225063703650348e-05
stale-vision,16,2006224,46,4.599999999999715,1.1163817970592271,-1.4070388293706309,1.1998938922802547,0.9999389268993327,-0.01097613167924604,-0.0012910479399133165,1.4141688543657072e-05
stale-vision,16,2006224,47,4.699999999999704,1.1819443956410842,-1.399267887690632,1.199873760712758,0.9999437471221667,-0.010507776547877589,-0.0014453354536867104,1.5123766118071171e-05
stale-vision,16,2006224,48,4.799999999999693,1.2472227086286969,-1.389434055624015,1.1998594808065366,0.9999483708775316,-0.010031667663781687,-0.0016189387403416546,1.614341204272482e-05
stale-vision,16,2006224,49,4.899999999999682,1.3121826554461256,-1.3776307277122952,1.1998506560590818,0.9999527073862247,-0.009555249302914336,-0.0018110512687894785,1.7176150413602363e-05
stale-vision,16,2006224,50,4.999999999999671,1.3767865224679232,-1.3639513712895097,1.1998467959410026,0.9999566891075136,-0.009084908979395396,-0.002020892539330221,1.820220338607129e-05
stale-vision,16,2006224,51,5.09999999999966,1.440993114947357,-1.3484882729884509,1.1998473394096953,0.9999602694565247,-0.008625927133771312,-0.0022477812630644126,1.9207069464931587e-05
stale-vision,16,2006224,52,5.199999999999649,1.5047578900675025,-1.331331502257616,1.1998516789699738,0.9999634197799491,-0.008182465527150571,-0.0024911749440283777,2.0181325596581627e-05
stale-vision,16,2006224,53,5.299999999999638,1.568033062446986,-1.3125680933209438,1.1998591847945017,0.9999661255713918,-0.00775763172680712,-0.002750711484253999,2.1120204965107255e-05
stale-vision,16,2006224,54,5.399999999999627,1.6307676749252382,-1.2922814341919824,1.1998692278532814,0.9999683828268925,-0.007353561701369126,-0.003026217419852254,2.202274159664382e-05
stale-vision,16,2006224,55,5.499999999999616,1.6929076322182552,-1.2705508458943422,1.1998812010116668,0.9999701945683346,-0.0069715320315856975,-0.0033177088643415076,2.2890852094816028e-05
stale-vision,16,2006224,56,5.599999999999605,1.7543956973255863,-1.2474513302667305,1.199894537394053,0.9999715677121902,-0.00661208893952183,-0.003625394328676204,2.3728506738231157e-05
stale-vision,16,2006224,57,5.699999999999594,1.8151714506816654,-1.2230534611663249,1.1999087252614884,0.9999725105277464,-0.006275177231022656,-0.003949650276077302,2.454083422838675e-05
stale-vision,16,2006224,58,5.799999999999583,1.8751712160775262,-1.1974233937576164,1.1999233190718803,0.9999730305674234,-0.0059602675241124895,-0.004291003036703445,2.5333437898058888e-05
stale-vision,16,2006224,59,5.899999999999572,1.934327957374327,-1.1706229670921355,1.1999379466246574,0.9999731331171942,-0.005666471225155336,-0.004650103849482329,2.61118187112972e-05
stale-vision,16,2006224,60,5.999999999999561,1.9925711505686552,-1.1427098771859048,1.1999523124672125,0.9999728200116255,-0.0053926509429990666,-0.0050277063574012,2.688099343952109e-05
stale-vision,16,2006224,61,6.09999999999955,2.049826636209372,-1.1137378992594913,1.199966197832503,0.9999720889368865,-0.005137512112830694,-0.0054246246171274345,2.7645147031476963e-05
stale-vision,16,2006224,62,6.199999999999539,2.10601645974026,-1.0837571412056717,1.1999794575085454,0.9999709330854993,-0.004899669256551943,-0.005841696526935811,2.840738961866825e-05
stale-vision,16,2006224,63,6.299999999999528,2.161058707246202,-1.0528143148348217,1.1999920142812315,0.999969341014542,-0.004677708722374934,-0.006279746904388528,2.9169634636841615e-05
stale-vision,16,2006224,64,6.399999999999517,2.2148673440630127,-1.0209530129205484,1.2000038514394966,0.9999672968488248,-0.004470235975169492,-0.006739534644752082,2.993249331291371e-05
stale-vision,16,2006224,65,6.499999999999506,2.2673520664514633,-0.9882139829828706,1.2000150037569006,0.9999647808605009,-0.004275893080513774,-0.007221691961511714,3.069509487093903e-05
stale-vision,16,2006224,66,6.599999999999495,2.3184181781247,-0.9546353935861768,1.200025547529601,0.9999617702104372,-0.0040933837458767665,-0.007726664073242515,3.145500925153456e-05
stale-vision,16,2006224,67,6.699999999999484,2.3679665038018407,-0.9202530890575313,1.2000355899921613,0.9999582401309648,-0.003921475141019865,-0.00825463442816473,3.220808350441124e-05
stale-vision,16,2006224,68,6.799999999999473,2.41589335437723,-0.8851008316805142,1.200045258316009,0.9999541655259531,-0.00375899486845096,-0.008805436916487564,3.2948211321275485e-05
stale-vision,16,2006224,69,6.899999999999462,2.4620905610575106,-0.8492105321290323,1.2000546883645629,0.9999495230958728,-0.0036048242437554147,-0.009378452379610248,3.366706897673415e-05
stale-vision,16,2006224,70,6.999999999999451,2.506445598553861,-0.8126124696185149,1.2000640132596798,0.9999442940235519,-0.0034578766754470424,-0.0099725001106836,3.435374544916525e-05
stale-vision,16,2006224,71,7.09999999999944,2.548841819220774,-0.7753355056034337,1.2000733516714543,0.9999384674448122,-0.0033170811847200513,-0.010585701296264708,3.499429407895344e-05
stale-vision,16,2006224,72,7.199999999999429,2.589158824123091,-0.7374072945137184,1.200082795879185,0.9999320444813816,-0.0031813631861744933,-0.011215350295155347,3.5571329895732675e-05
stale-vision,16,2006224,73,7.299999999999418,2.6272729971601976,-0.6988544954206176,1.2000923994963393,0.9999250431522372,-0.0030496136566506007,-0.011857766778305355,3.606346554597319e-05
stale-vision,16,2006224,74,7.399999999999407,2.6630582307995914,-0.659702990219578,1.2001021648262455,0.9999175039287785,-0.002920669120512534,-0.012508145366265046,3.644483157028195e-05
stale-vision,16,2006224,75,7.499999999999396,2.6963868729224334,-0.6199781126203888,1.200112030143475,0.9999094957063396,-0.0027932897429130067,-0.013160417278195674,3.6684716179220945e-05
stale-vision,16,2006224,76,7.599999999999385,2.727130921714456,-0.5797048922668786,1.2001218573836174,0.9999011217737224,-0.00266612973905762,-0.013807138642843997,3.674728529421528e-05
stale-vision,16,2006224,77,7.699999999999374,2.755163490645614,-0.5389083193450354,1.200131421062648,0.9998925252771976,-0.002537722597028543,-0.014439408570304943,3.65916617788608e-05
stale-vision,16,2006224,78,7.799999999999363,2.780360558933224,-0.49761363314616874,1.2001403997602025,0.9998838932062774,-0.0024064577274876507,-0.015046852143306554,3.617236437923278e-05
stale-vision,16,2006224,79,7.899999999999352,2.8026030105590065,-0.45584663854255836,1.2001483721073427,0.9998754577601198,-0.002270571099963372,-0.015617689324936746,3.5440375113404497e-05
stale-vision,16,2006224,80,7.999999999999341,2.8217789478833333,-0.41363405250703617,1.200154819538,0.9998674939752847,-0.0021281430019373334,-0.016138907006631675,3.434499270799874e-05
stale-vision,16,2006224,81,8.099999999999374,2.8377862450561904,-0.3710038810717746,1.200159138583188,0.9998603120690271,-0.001977098834096512,-0.01659657649008551,3.2836504304617274e-05
stale-vision,16,2006224,82,8.199999999999408,2.8505352792806824,-0.32798582642908436,1.2001606649416598,0.9998542441830802,-0.0018152208275899531,-0.016976289626708163,3.0869695608976065e-05
stale-vision,16,2006224,83,8.299999999999441,2.859951752840753,-0.28461172173324967,1.200158711197057,0.9998496246204914,-0.0016401773934347137,-0.0172637527017807,2.8408300917604833e-05
stale-vision,16,2006224,84,8.399999999999475,2.8659794893943467,-0.2409159879755167,1.2001526188993399,0.9998467642479478,-0.001449564467877121,-0.01744551916888205,2.5430090593027084e-05
stale-vision,16,2006224,85,8.499999999999508,2.8685830616171617,-0.19693610492915795,1.2001418227251581,0.9998459216921635,-0.0012409524758733856,-0.017509781023384286,2.1931993294241848e-05
stale-vision,16,2006224,86,8.599999999999541,2.8677500941642515,-0.15271308667174252,1.200125922572,0.999847273459635,-0.0010119526591400403,-0.017447217127362285,1.79348891528578e-05
stale-vision,16,2006224,87,8.699999999999575,2.8634930776257654,-0.10829194888226505,1.2001047563578449,0.9998508877160345,-0.0007602970474527344,-0.017251785413409493,1.3487323843343434e-05
stale-vision,16,2006224,88,8.799999999999608,2.8558505391438436,-0.06372215241237647,1.2000784636757833,0.9998567060811145,-0.0004839219889644363,-0.016921378460739836,8.667282823919558e-06
stale-vision,16,2006224,89,8.899999999999642,2.8448874427403474,-0.019058006764904295,1.2000475299193916,0.9998645370798457,-0.00018105473899274535,-0.01645827136922301,3.581402722869124e-06
stale-vision,16,2006224,90,8.999999999999675,2.8306947334816748,0.02564098362665784,1.2000128010141902,0.9998740638343708,0.00014969099403268043,-0.015869280426713574,-1.6386345921351943e-06
stale-vision,16,2006224,91,9.099999999999708,2.8133879950677048,0.07030984861232766,1.1999754622013425,0.9998848656369259,0.0005092325410209732,-0.015165622493756841,-6.842687773958777e-06
stale-vision,16,2006224,92,9.199999999999742,2.7931052499630646,0.11487797348760002,1.1999369787417842,0.9998964515511528,0.0008979442257404361,-0.01436244166756953,-1.1871265546589633e-05
stale-vision,16,2006224,93,9.299999999999775,2.7700039941772543,0.15926902673271004,1.1998990022463831,0.9999083011852785,0.0013155881126494246,-0.013478062703927029,-1.6566199326864368e-05
stale-vision,16,2006224,94,9.399999999999809,2.744257612738336,0.2034010075662064,1.199863251984927,0.9999199071160417,0.0017612721048565023,-0.012533030030048856,-2.0781882101947573e-05
stale-vision,16,2006224,95,9.499999999999842,2.716051362553197,0.24718642215673103,1.1998313845810686,0.9999308131225378,0.002233413761299377,-0.011549036146876315,-2.4395716402696666e-05
stale-vision,16,2006224,96,9.599999999999875,2.685578131685779,0.2905325952040643,1.1998048672573458,0.9999406439175249,0.0027297239125154992,-0.010547819820872217,-2.731656084272155e-05
stale-vision,16,2006224,97,9.699999999999909,2.653034188924544,0.333342120190064,1.1997848691141728,0.999949123412471,0.003247211026241817,-0.009550148558973567,-2.9490405190241457e-05
stale-vision,16,2006224,98,9.799999999999942,2.6186151228541616,0.37551344728152225,1.1997721816258529,0.9999560813717258,0.0037822071486040515,-0.008574921679993637,-3.090257619853581e-05
stale-vision,16,2006224,99,9.899999999999975,2.582512143764357,0.4169416040686632,1.199767175274736,0.9999614491451796,0.004330397758870659,-0.007638513051732332,-3.157659635594312e-05
stale-vision,16,2006224,100,10.000000000000009,2.544908878927583,0.4575190425767095,1.1997697936950422,0.9999652478266845,0.00488687762939292,-0.006754300060141197,-3.156975454144452e-05
stale-vision,16,2006224,101,10.100000000000042,2.5059787515441436,0.4971366018408602,1.199779582203211,0.9999675713407816,0.005446220474496664,-0.005932452312518632,-3.096643509932773e-05
stale-vision,16,2006224,102,10.200000000000076,2.4658829871032104,0.5356845720201425,1.199795743978717,0.9999685680018567,0.006002568531645134,-0.005179892580427487,-2.9869648412256605e-05
stale-vision,16,2006224,103,10.300000000000109,2.4247692539360726,0.5730538427108053,1.1998172150787085,0.9999684226427873,0.006549732413951058,-0.004500435145608336,-2.839191076092819e-05
stale-vision,16,2006224,104,10.400000000000142,2.382770911787841,0.6091371155817805,1.1998427492993888,0.9999673408678909,0.007081310929746454,-0.0038950639387012897,-2.6646376502354113e-05
stale-vision,16,2006224,105,10.500000000000176,2.340006814618851,0.643830157893712,1.1998710044425858,0.9999655362278961,0.007590833850467649,-0.0033622887889405728,-2.4738876628971155e-05
stale-vision,16,2006224,106,10.60000000000021,2.2965815980697952,0.6770330692010547,1.199900623217139,0.9999632203559883,0.008071915304544975,-0.0028985514508250354,-2.2761465087809242e-05
stale-vision,16,2006224,107,10.700000000000243,2.252586372365914,0.7086515310965872,1.1999303040345193,0.999960595619962,0.008518422547166393,-0.002498650144404157,-2.0787850885112663e-05
stale-vision,16,2006224,108,10.800000000000276,2.2080997380398744,0.7385980072484041,1.1999588588810832,0.9999578497845379,0.008924648720625162,-0.002156140856632252,-1.887071944666131e-05
stale-vision,16,2006224,109,10.90000000000031,2.1631890449539535,0.7667928599058205,1.1999852572466325,0.9999551519564597,0.009285485791607047,-0.001863743260080894,-1.7041351126546233e-05
stale-vision,16,2006224,110,11.000000000000343,2.1179118164262425,0.7931653491339767,1.2000086563089536,0.9999526494873592,0.009596590821691996,-0.0016136893719903966,-1.5310872315154484e-05
stale-vision,16,2006224,111,11.100000000000376,2.072317269432805,0.8176544824431082,1.2000284183535357,0.9999504655587195,0.009854529950757404,-0.0013980276817565879,-1.3673004165196833e-05
stale-vision,16,2006224,112,11.20000000000041,2.0264478711385934,0.8402096864785966,1.2000441169906693,0.9999486972709193,0.010056900384494702,-0.0012088979457892145,-1.210806749614277e-05
stale-vision,16,2006224,113,11.300000000000443,1.9803408781113252,0.8607912771162459,1.2000555337847727,0.9999474144016239,0.010202416037736311,-0.0010387619572120824,-1.0587634274240218e-05
stale-vision,16,2006224,114,11.400000000000476,1.9340298131933296,0.8793707111640223,1.2000626468248912,0.9999466589951943,0.010290950652524436,-0.0008805774153205866,-9.07918437279549e-06
stale-vision,16,2006224,115,11.50000000000051,1.8875458453356027,0.8959306114081398,1.2000656126469949,0.9999464459796144,0.010323527335828723,-0.0007279416688731816,-7.550578124700357e-06
stale-vision,16,2006224,116,11.600000000000543,1.8409190446473158,0.9104645667958084,1.2000647428498168,0.9999467648333547,0.010302262845714744,-0.0005751902990363567,-5.973777539845741e-06
stale-vision,16,2006224,117,11.700000000000577,1.794179492976952,0.9229767183968641,1.2000604768236847,0.9999475821444251,0.01023028206292265,-0.00041746101895481324,-4.327644605595362e-06
stale-vision,16,2006224,118,11.80000000000061,1.7473582374979313,0.9334811485785436,1.2000533516951102,0.9999488452999965,0.010111573167773358,-0.0002507279758467367,-2.5996817610451224e-06
stale-vision,16,2006224,119,11.900000000000643,1.7004880810134189,0.9420011009045054,1.2000439707878205,0.9999504867824508,0.009950820565161451,-7.178440131610305e-05,-7.864502708431285e-07
stale-vision,16,2006224,120,12.000000000000677,1.6536042111893152,0.9485680637499655,1.200032972031503,0.9999524288282418,0.009753217456908773,0.0001217723801894148,1.1066971669331961e-06
stale-vision,17,2006225,0,0.0,-1.6,0.1316667405223508,1.2,1.0,0.0,0.0,0.0
stale-vision,17,2006225,1,0.10000000000000007,-1.5996423251443086,0.13136450865594393,1.2000775767979448,0.999758384024742,0.014180543213751838,0.01676972660042416,0.0009284590163656442
stale-vision,17,2006225,2,0.20000000000000015,-1.5959516303432313,0.12823913195875453,1.2006620006647644,0.9988004439088114,0.031900803152766444,0.03708205937147523,0.0022210084508569837
stale-vision,17,2006225,3,0.3000000000000002,-1.5850587156129052,0.11893965418676405,1.201728271115746,0.9979015178856556,0.04256170781107251,0.04870573570123542,0.0029686595475174682
stale-vision,17,2006225,4,0.4000000000000003,-1.5646760723709094,0.10139305149092923,1.2027254274558663,0.9975915280078845,0.04598735833073341,0.051836305546588704,0.0030501717878076225
stale-vision,17,2006225,5,0.5000000000000003,-1.5341876468927849,0.0749329468725075,1.2031499768072522,0.9978478905690069,0.04391364798553304,0.04862303333370987,0.002641862414106865
stale-vision,17,2006225,6,0.6000000000000004,-1.4942118774413875,0.03994952026655587,1.202828364591137,0.9984006692829439,0.03832814251772638,0.041509200689254386,0.002010801991481342
stale-vision,17,2006225,7,0.7000000000000005,-1.4461188656884574,-0.002496148796108151,1.2018832686245358,0.9989891975193335,0.030931493523775725,0.03258736110086961,0.0013747161699951796
stale-vision,17,2006225,8,0.8000000000000006,-1.3916306973047132,-0.0509899859553806,1.2005868313462849,0.9994597117517602,0.023029083091451928,0.023435276096060925,0.0008565928765237099
stale-vision,17,2006225,9,0.9000000000000007,-1.3325223312160717,-0.1040088014746321,1.199223340593216,0.999765059002775,0.01553122421942305,0.015111701168866091,0.000494327023116867
stale-vision,17,2006225,10,1.0000000000000007,-1.2704170183392747,-0.16009569568572657,1.1980083172409983,0.9999256922216073,0.00899601660489102,0.008222393258894175,0.00027197330632998086
stale-vision,17,2006225,11,1.1000000000000008,-1.2066651486535374,-0.21797244776739946,1.197063871360584,0.9999886237906018,0.0036930643723603485,0.003015090965839479,0.00015096816191638522
stale-vision,17,2006225,12,1.2000000000000008,-1.1422918372301523,-0.2765968652252094,1.1964304039617777,0.9999998074193058,-0.0003253023528019428,-0.0005205206637057331,9.164043301091789e-05
stale-vision,17,2006225,13,1.300000000000001,-1.0779960080726236,-0.3351764800953669,1.196093073475345,0.9999917405359056,-0.0031548131615146743,-0.0025616318187582955,6.368918211252874e-05
stale-vision,17,2006225,14,1.400000000000001,-1.0141835825933547,-0.39315164466279956,1.1960081247050676,0.999981905928255,-0.004978296369750774,-0.0033766897715328398,4.8451384965824213e-05
stale-vision,17,2006225,15,1.500000000000001,-0.9510195224672352,-0.45016043995623567,1.1961221564499513,0.9999765621734364,-0.006016425648070598,-0.0032674722664860654,3.675872515889934e-05
stale-vision,17,2006225,16,1.6000000000000012,-0.8884868483061982,-0.5059956248466658,1.196383229703991,0.9999757345707384,-0.006491373602328578,-0.002528179452050288,2.5438654476668653e-05
stale-vision,17,2006225,17,1.7000000000000013,-0.8264443043458193,-0.5605611014886481,1.1967456646950219,0.9999771932635179,-0.0066028878344459125,-0.0014193739756237804,1.4233035148383008e-05
stale-vision,17,2006225,18,1.8000000000000014,-0.7646774500695144,-0.6138327238029592,1.1971711063183588,0.9999787640622623,-0.0065151904712794344,-0.00015395871770522153,3.787541911978442e-06
stale-vision,17,2006225,19,1.9000000000000015,-0.7029404177412436,-0.6658260450985127,1.1976279705388155,0.9999792091794616,-0.006352491599906938,0.001107714255209055,-5.330953796304067e-06
stale-vision,17,2006225,20,2.0000000000000013,-0.6409924647620313,-0.7165682990714515,1.1980910794654964,0.9999776830410634,-0.006368904193752995,0.0020175077820806697,-1.1897368374667528e-05
stale-vision,17,2006225,21,2.0999999999999903,-0.5786566840874173,-0.7660555362916783,1.1985400797609458,0.9999748973348779,-0.0066495924713386055,0.002446910804636053,-1.573467419434054e-05
stale-vision,17,2006225,22,2.1999999999999793,-0.5158471077562076,-0.814234213388284,1.1989587460809892,0.9999715447235562,-0.007118968904080429,0.002495941727929594,-1.731527489235276e-05
stale-vision,17,2006225,23,2.2999999999999683,-0.4525520323619084,-0.8610137577751097,1.199335463376166,0.9999677789443583,-0.007692838508924028,0.0022936905217817126,-1.710418056495375e-05
stale-vision,17,2006225,24,2.3999999999999573,-0.3888093801360507,-0.9062826532206878,1.1996630156169186,0.9999635717770328,-0.008310030320712156,0.0019489159873409447,-1.5539055831558376e-05
stale-vision,17,2006225,25,2.4999999999999463,-0.32468545923930087,-0.9499204729428312,1.199937963153131,0.9999589233905982,-0.00893141976785285,0.0015430819843122133,-1.3055107186863773e-05
stale-vision,17,2006225,26,2.5999999999999353,-0.2602589525794791,-0.9918056612579922,1.2001599074037481,0.9999539119615652,-0.00953368171189815,0.0011325919232346954,-1.0065453535404876e-05
stale-vision,17,2006225,27,2.6999999999999242,-0.19560979163132633,-1.0318202088201527,1.200330784468534,0.9999486751121299,-0.010103458436806797,0.0007531408412607359,-6.926975827198885e-06
stale-vision,17,2006225,28,2.7999999999999132,-0.13081208517674786,-1.069852350388049,1.2004542360113453,0.9999433779722694,-0.01063300318804949,0.0004243551296660912,-3.915699359332221e-06
stale-vision,17,2006225,29,2.899999999999902,-0.06593020248985809,-1.1057981397616723,1.2005350656913438,0.9999381891321885,-0.011117291727400832,0.00015407207127352297,-1.2184039757644442e-06
stale-vision,17,2006225,30,2.999999999999891,-0.0010171764458790898,-1.1395624725099227,1.2005787770486374,0.9999332680279097,-0.011552321209660465,-5.800487628948324e-05,1.062219310674564e-06
stale-vision,17,2006225,31,3.09999999999988,0.06388528786844795,-1.1710598941547135,1.200591187863561,0.9999287600315809,-0.011934303846823978,-0.00021735919552534828,2.8942503249616994e-06
stale-vision,17,2006225,32,3.199999999999869,0.12874577652951855,-1.2002153566340963,1.2005781173630268,0.9999247949188689,-0.012259445371787194,-0.0003323960705452415,4.2997037639015885e-06
stale-vision,17,2006225,33,3.299999999999858,0.19354154676729574,-1.2269649691315763,1.2005451434004835,0.9999214852175996,-0.01252409577872498,-0.0004127913109690786,5.337488873799234e-06
stale-vision,17,2006225,34,3.399999999999847,0.25825664874529075,-1.2512567170258342,1.2004974256766079,0.999918923458991,-0.012725058576566348,-0.0004683543224824758,6.087973326020541e-06
stale-vision,17,2006225,35,3.499999999999836,0.3228800138217482,-1.2730510896756795,1.2004395890888861,0.9999171784007524,-0.012859935039722091,-0.000508296921677084,6.639989833291524e-06
stale-vision,17,2006225,36,3.599999999999825,0.38740365426799955,-1.2923215505108796,1.2003756595720947,0.9999162909892547,-0.012927431355214687,-0.0005408167083026234,7.080706061145562e-06
stale-vision,17,2006225,37,3.699999999999814,0.45182105801026884,-1.309054790033016,1.2003090431090957,0.999916271307976,-0.01292757149256548,-0.0005728985821504007,7.488213449634148e-06
stale-vision,17,2006225,38,3.799999999999803,0.5161258186596992,-1.323250720128155,1.2002425379881516,0.9999170973129456,-0.012861804616376368,-0.0006102625937791562,7.926647615898969e-06
stale-vision,17,2006225,39,3.899999999999792,0.5803105118058929,-1.33492218885358,1.2001783706606608,0.9999187158252273,-0.012733007096393398,-0.0006574202719494581,8.443774798826582e-06
stale-vision,17,2006225,40,3.999999999999781,0.6443658077159546,-1.344094415813014,1.200118246288425,0.9999210460750683,-0.012545370538840393,-0.000717782634961355,9.07044356331138e-06
stale-vision,17,2006225,41,4.0999999999997705,0.708279799625671,-1.3508041695218351,1.2000634068387248,0.9999239850905225,-0.012304220186948591,-0.0007937945677355896,9.821548202140536e-06
stale-vision,17,2006225,42,4.1999999999997595,0.7720375215295752,-1.3550987225453086,1.2000146914307195,0.9999274143040275,-0.012015785157929823,-0.000887082773956471,1.0698150320660425e-05
stale-vision,17,2006225,43,4.2999999999997485,0.8356206264468197,-1.3570346296385656,1.1999725951237037,0.9999312067730551,-0.011686930984049548,-0.0009986134834679041,1.1690414390923616e-05
stale-vision,17,2006225,44,4.3999999999997375,0.8990071947019113,-1.3566763814049776,1.1999373238434576,0.9999352343375513,-0.011324870754794138,-0.0011288353941549662,1.2780733143665495e-05
stale-vision,17,2006225,45,4.499999999999726,0.9621716440809889,-1.3540949893510423,1.1999088446715638,0.9999393737065103,-0.010936906848279708,-0.0012778049588079432,1.3946770318620914e-05
stale-vision,17,2006225,46,4.599999999999715,1.0250847169817534,-1.3493665538067376,1.1998869312736364,0.9999435114515272,-0.010530183315232417,-0.001445308057373463,1.5164319959700259e-05
stale-vision,17,2006225,47,4.699999999999704,1.087713521100992,-1.342570862740582,1.1998712046715336,0.9999475475440758,-0.010111472061614113,-0.0016309580196355014,1.640958953628858e-05
stale-vision,17,2006225,48,4.799999999999693,1.15002160393789,-1.333790063466554,1.1998611699644146,0.9999513973541934,-0.009687002086931669,-0.001834286796999646,1.7661007459788835e-05
stale-vision,17,2006225,49,4.899999999999682,1.2119690437393758,-1.3231074406852417,1.1998562494523877,0.999954992288988,-0.009262332115157304,-0.0020548096980373774,1.890032500747236e-05
stale-vision,17,2006225,50,4.999999999999671,1.2735125436442203,-1.3106063255626885,1.1998558126240035,0.9999582791516192,-0.008842279740357176,-0.002292082149848379,2.011326555809608e-05
stale-vision,17,2006225,51,5.09999999999966,1.3346055181957417,-1.2963691503478787,1.199859203081805,0.9999612187736302,-0.008430877672843513,-0.0025457409866969567,2.1289669973978574e-05
stale-vision,17,2006225,52,5.199999999999649,1.3951981639268285,-1.2804766565622296,1.1998657624235054,0.999963783999178,-0.008031372954724548,-0.002815534710103641,2.242329289732627e-05
stale-vision,17,2006225,53,5.299999999999638,1.4552375082767108,-1.2630072570985271,1.1998748510710537,0.999965957328249,-0.007646263034599779,-0.0031013373603716353,2.3511323214792494e-05
stale-vision,17,2006225,54,5.399999999999627,1.5146674338520314,-1.2440365455994342,1.1998858657614067,0.9999677286082636,-0.007277339105633425,-0.003403156576807992,2.4553749398919127e-05
stale-vision,17,2006225,55,5.499999999999616,1.5734286766454144,-1.223636943809399,1.199898253694698,0.999969092660309,-0.006925767591548325,-0.0037211308021303405,2.5552682688114575e-05
stale-vision,17,2006225,56,5.599999999999605,1.6314587985556774,-1.2018774719555163,1.199911523220148,0.9999700472461283,-0.006592164949136815,-0.0040555232695522,2.6511684839407945e-05
stale-vision,17,2006225,57,5.699999999999594,1.6886921355412703,-1.1788236267721155,1.199925251068861,0.9999705912686914,-0.00627668383591876,-0.004406709098784715,2.7435134540223882e-05
stale-vision,17,2006225,58,5.799999999999583,1.7450597240883012,-1.1545373505935212,1.1999390863188661,0.9999707233213542,-0.005979102801348228,-0.004775146846368785,2.8327638188330146e-05
stale-vision,17,2006225,59,5.899999999999572,1.800489211080411,-1.1290770741573026,1.199952751275822,0.9999704405998038,-0.005698899749018279,-0.005161357962881946,2.9193569673817084e-05
stale-vision,17,2006225,60,5.999999999999561,1.8549047517203368,-1.1024978181902492,1.199966039650724,0.9999697381090141,-0.005435331774982925,-0.005565890089183854,3.0036669046398322e-05
stale-vision,17,2006225,61,6.09999999999955,1.908226902211408,-1.074851338749913,1.1999788123894883,0.9999686082369009,-0.005187495071065945,-0.005989280701403566,3.085973115818108e-05
stale-vision,17,2006225,62,6.199999999999539,1.960372514495508,-1.0461863040501664,1.1999909916206717,0.9999670405641736,-0.004954381322538151,-0.006432020553855932,3.166439065211778e-05
stale-vision,17,2006225,63,6.299999999999528,2.011254640666571,-1.016548492200067,1.2000025530341398,0.9999650221422498,-0.00473491415517128,-0.006894492507523467,3.2450824277237655e-05
stale-vision,17,2006225,64,6.399999999999517,2.0607824582551033,-0.985981002169661,1.200013517159384,0.9999625379408859,-0.004527984178233089,-0.0073769214917144485,3.3217591472125655e-05
stale-vision,17,2006225,65,6.499999999999506,2.108861227079834,-0.9545244714212867,1.2000239398785266,0.9999595717282302,-0.00433247493521702,-0.007879303056036251,3.396144239512092e-05
stale-vision,17,2006225,66,6.599999999999495,2.1553922909238774,-0.9222172952163863,1.2000339024067213,0.999956107282909,-0.004147270117589723,-0.008401336541373755,3.467711341711935e-05
stale-vision,17,2006225,67,6.699999999999484,2.2002731382286647,-0.8890958458421548,1.2000435008606056,0.9999521302042158,-0.003971259362532663,-0.008942323468166707,3.53570047648888e-05
stale-vision,17,2006225,68,6.799999999999473,2.2433975402536785,-0.8551946907064244,1.2000528357085363,0.9999476299198645,-0.003803341951883485,-0.009501090058001963,3.5991016987318644e-05
stale-vision,17,2006225,69,6.899999999999462,2.284655783788223,-0.8205468088744331,1.200062000986292,0.9999426025717163,-0.003642412933884881,-0.010075864878043404,3.656613149304485e-05
stale-vision,17,2006225,70,6.999999999999451,2.3239350207562697,-0.7851838081916328,1.200071073347331,0.9999370542347575,-0.0034873574148403218,-0.010664170510649978,3.706612036454262e-05
stale-vision,17,2006225,71,7.09999999999944,2.3611197568865023,-0.749136144694202,1.2000801011439741,0.9999310046854273,-0.0033370319347501127,-0.011262712043198666,3.74712084972741e-05
stale-vision,17,2006225,72,7.199999999999429,2.3960925014974954,-0.7124333474919787,1.2000890933252164,0.9999244918632265,-0.0031902483232319734,-0.011867243237662983,3.775769348398241e-05
stale-vision,17,2006225,73,7.299999999999418,2.4287346037109163,-0.6751042526503017,1.2000980085651523,0.9999175764163822,-0.0030457500039025942,-0.012472463440248487,3.7897680574518216e-05
stale-vision,17,2006225,74,7.399999999999407,2.458927295845094,-0.6371772501111084,1.2001067451336047,0.9999103461531129,-0.0029022042854307366,-0.013071933022210627,3.785908732798518e-05
stale-vision,17,2006225,75,7.499999999999396,2.4865529606297714,-0.5986805460229001,1.2001151318902508,0.9999029202953219,-0.002758177356942116,-0.013658002356261524,3.760572406178856e-05
stale-vision,17,2006225,76,7.599999999999385,2.511496635599565,-0.5596424445657352,1.2001229213594353,0.9998954526406079,-0.0026121205325252486,-0.014221787465576346,3.709773150146916e-05
stale-vision,17,2006225,77,7.699999999999374,2.53364775865559,-0.5200916523664808,1.2001297865532183,0.9998881325007302,-0.002462359410717411,-0.014753235346319884,3.6292582609115944e-05
stale-vision,17,2006225,78,7.799999999999363,2.552902142666307,-0.48005760742642734,1.200135322969075,0.999881183153963,-0.002307088048831,-0.01524124942661065,3.5146580771753184e-05
stale-vision,17,2006225,79,7.899999999999352,2.5691641528090066,-0.4395708337082678,1.2001390577755386,0.9998748562598598,-0.002144371345168396,-0.015673938903449654,3.361710544484204e-05
stale-vision,17,2006225,80,7.999999999999341,2.582349038757568,-0.39866332084401135,1.2001404677520167,0.9998694223381271,-0.0019721570273082555,-0.01603894844357305,3.166551059485855e-05
stale-vision,17,2006225,81,8.099999999999374,2.5923853550287808,-0.3573689267422243,1.2001390074370404,0.999865156165053,-0.0017882914893652996,-0.016323928583416386,2.926067304993703e-05
stale-vision,17,2006225,82,8.199999999999408,2.59921737830747,-0.3157237995904147,1.2001341479374947,0.9998623180545115,-0.0015905564278293333,-0.01651709323216428,2.6383087116329255e-05
stale-vision,17,2006225,83,8.299999999999441,2.6028074113654402,-0.273766812435109,1.200125425287318,0.999861131786453,-0.001376712903652264,-0.016607867832734165,2.3029175695773213e-05
stale-vision,17,2006225,84,8.399999999999475,2.603137847308334,-0.23154000163598454,1.200112495610331,0.9998617614406393,-0.00114455140359155,-0.01658757491861887,1.9215251993422353e-05
stale-vision,17,2006225,85,8.499999999999508,2.600212860428005,-0.18908899913064056,1.2000951918565954,0.99986429017994,-0.0008919625151820216,-0.016450088188545892,1.4980773874436156e-05
stale-vision,17,2006225,86,8.599999999999541,2.5940595958332873,-0.1464634451477786,1.2000735756188334,0.9998687037654738,-0.000617007128898828,-0.016192418738314396,1.0390175969588792e-05
stale-vision,17,2006225,87,8.699999999999575,2.584728744780114,-0.10371736726921199,1.2000479761962364,0.9998748822508844,-0.0003179974411764011,-0.015815141187936945,5.532789411726926e-06
stale-vision,17,2006225,88,8.799999999999608,2.57229442290408,-0.060909510194321406,1.2000190093446592,0.999882601743917,6.417913012172946e-06,-0.015322620153018296,5.20537250962943e-07
stale-vision,17,2006225,89,8.899999999999642,2.556853307902101,-0.0181035997530984,1.1999875701432852,0.9998915467604013,0.0003571810380971316,-0.014723013224068104,-4.516890935177978e-06
stale-vision,17,2006225,90,8.999999999999675,2.538523037828108,0.02463147359544987,1.1999547967108664,0.9999013329133244,0.0007347450758840682,-0.01402798983235656,-9.438957364512273e-06
stale-vision,17,2006225,91,9.099999999999708,2.5174399243308816,0.06722156677447211,1.199922005944205,0.9999115366123672,0.0011390168173996361,-0.013252222126678278,-1.4102887950632644e-05
stale-vision,17,2006225,92,9.199999999999742,2.4937560810917914,0.10958730351128436,1.1998906066606148,0.9999217282510054,0.0015693029216727404,-0.01241266781525162,-1.837304513277963e-05
stale-vision,17,2006225,93,9.299999999999775,2.4676361063636048,0.1516442113646551,1.1998619991571566,0.9999315041652541,0.0020242722864789323,-0.011527740879346347,-2.213012247499841e-05
stale-vision,17,2006225,94,9.399999999999809,2.4392534823858787,0.19330298392287465,1.1998374720667444,0.9999405141422992,0.0025019345285693024,-0.010616395876937992,-2.5279123909759477e-05
stale-vision,17,2006225,95,9.499999999999842,2.4087868689471286,0.23446987222535343,1.1998181078929446,0.99994848117109,0.002999639495977313,-0.009697236522033397,-2.7755336606474618e-05
stale-vision,17,2006225,96,9.599999999999875,2.3764164650156583,0.27504720578387787,1.1998047074335727,0.9999552121658628,0.00351408497630459,-0.008787718544615549,-2.9527670467872926e-05
stale-vision,17,2006225,97,9.699999999999909,2.342320594044233,0.3149340412142832,1.199797740013165,0.9999605999853354,0.0040413473897060615,-0.007903483531771194,-3.059911750779752e-05
stale-vision,17,2006225,98,9.799999999999942,2.3066726430853017,0.35402693256779916,1.199797322846274,0.9999646180975529,0.00457692970397267,-0.007057854222459453,-3.100440991076486e-05
stale-vision,17,2006225,99,9.899999999999975,2.269638454232942,0.39222081386784613,1.1998032291608458,0.9999673098908122,0.005115821785824747,-0.006261514850594148,-3.08052634008913e-05
stale-vision,17,2006225,100,10.000000000000009,2.231374231231468,0.4294099818724279,1.1998149215106484,0.9999687749683626,0.0056525759520095874,-0.005522369812130785,-3.0083836891163255e-05
stale-vision,17,2006225,101,10.100000000000042,2.1920249889071672,0.4654891639563057,1.199831604538226,0.9999691544009922,0.006181408024346753,-0.004845575729437645,-2.893529295752901e-05
stale-vision,17,2006225,102,10.200000000000076,2.1517235404200465,0.5003546516565895,1.1998522901318,0.9999686168428407,0.006696307072598886,-0.00423368007265801,-2.745993370545961e-05
stale-vision,17,2006225,103,10.300000000000109,2.1105899948981843,0.533905477983217,1.199875868043644,0.9999673462294771,0.007191167682428797,-0.0036868575753181516,-2.575575835598447e-05
stale-vision,17,2006225,104,10.400000000000142,2.0687317194634103,0.5660446128686454,1.1999011759739828,0.9999655314858126,0.007659936337224277,-0.0032032239720679867,-2.391211991231322e-05
stale-vision,17,2006225,105,10.500000000000176,2.0262437046952964,0.596680148087132,1.1999270642421969,0.9999633583224543,0.008096768312699636,-0.0027791853403865215,-2.200481549164925e-05
stale-vision,17,2006225,106,10.60000000000021,1.9832092654524422,0.6257264412158309,1.1999524516270401,0.9999610029298067,0.008496182823923868,-0.0024097911354695667,-2.0092790258905257e-05
stale-vision,17,2006225,107,10.700000000000243,1.9397010077264236,0.6531051875954997,1.1999763706408353,0.9999586268711235,0.008853244189268687,-0.0020890862822377982,-1.8216693260953648e-05
stale-vision,17,2006225,108,10.800000000000276,1.8957819927719652,0.6787463863546078,1.1999980013594158,0.9999563733464738,0.009163701292977234,-0.0018104456491967273,-1.6399136532172256e-05
stale-vision,17,2006225,109,10.90000000000031,1.851507033270115,0.702589171859006,1.2000166939740986,0.9999543642052927,0.009424129516088708,-0.001566867939066899,-1.4646327957716978e-05
stale-vision,17,2006225,110,11.000000000000343,1.806924063279929,0.7245824833011628,1.2000319810963462,0.9999526975171471,0.009632064871769461,-0.0013512537725010889,-1.2951085193492021e-05
stale-vision,17,2006225,111,11.100000000000376,1.7620755283713767,0.744685546913476,1.2000435806053271,0.9999514461803137,0.009786080072642422,-0.0011566291978515825,-1.1296422230368605e-05
stale-vision,17,2006225,112,11.20000000000041,1.7169997511286408,0.7628681552782499,1.2000513902213819,0.999950657336563,0.009885825216883895,-0.000976349654615197,-9.659671234126262e-06
stale-vision,17,2006225,113,11.300000000000443,1.6717322328860582,0.7791107357194975,1.2000554751936623,0.9999503526155548,0.009932039721310047,-0.0008042553943743345,-8.016424065133195e-06
stale-vision,17,2006225,114,11.400000000000476,1.626306860822013,0.7934042060471169,1.200056050148003,0.999950529549458,0.009926502993015467,-0.0006347848796546023,-6.343984831561696e-06
stale-vision,17,2006225,115,11.50000000000051,1.5807569979585732,0.8057496264692326,1.200053456409281,0.9999511637993612,0.00987195862070314,-0.00046306361280911324,-4.624207598507095e-06
stale-vision,17,2006225,116,11.600000000000543,1.5351164389466436,0.8161576631262725,1.200048136036975,0.9999522123214494,0.009771993995902577,-0.00028495383281585454,-2.8453757471387776e-06
stale-vision,17,2006225,117,11.700000000000577,1.489420221668893,0.8246478864421048,1.2000406037568991,0.9999536172148064,0.009630887541069246,-9.707311467458834e-05,-1.003120967453984e-06
stale-vision,17,2006225,118,11.80000000000061,1.443705291117706,0.8312479341399651,1.2000314181674654,0.99995530993608,0.009453437236950203,0.00010321935963833813,8.99606216420184e-07
stale-vision,17,2006225,119,11.900000000000643,1.3980110180403469,0.8359925725301741,1.2000211534895924,0.9999572156498858,0.00924477293218444,0.0003178600633454665,2.8533121376740694e-06
stale-vision,17,2006225,120,12.000000000000677,1.352379579532346,0.838922692474721,1.200010373177222,0.999959257309904,0.009010174696787998,0.0005481320112754308,4.843232014198184e-06
stale-vision,18,2006226,0,0.0,-1.6,-0.19866480605384654,1.2,1.0,0.0,0.0,0.0
stale-vision,18,2006226,1,0.10000000000000007,-1.5996229627619536,-0.1989461310976018,1.2000783043327083,0.9997561837086428,0.013199907384300978,0.017677822711756924,0.0009111342099914554
stale-vision,18,2006226,2,0.20000000000000015,-1.5957267943219167,-0.2018591282883777,1.2006753310550404,0.9987767280436286,0.029868866131810667,0.03934516365612955,0.0022037357680703843
stale-vision,18,2006226,3,0.3000000000000002,-1.5841954147180317,-0.21054917736961287,1.2017584529548908,0.9978681359408726,0.03985233877780507,0.05159745244661936,0.002945720428977624
stale-vision,18,2006226,4,0.4000000000000003,-1.5626181279162976,-0.2269582502228711,1.2027537753823785,0.9975727353056667,0.043063211187361713,0.05463621862532505,0.003013508143357987
stale-vision,18,2006226,5,0.5000000000000003,-1.530394245062668,-0.2517124691463548,1.203160964387733,0.9978448411930556,0.041258455169409826,0.05095724556679032,0.0026022885477347546
stale-vision,18,2006226,6,0.6000000000000004,-1.4882306995674337,-0.2844735383920636,1.2028159365898772,0.9984066481311622,0.03624728200886242,0.04320172031825963,0.0019775934895540134
stale-vision,18,2006226,7,0.7000000000000005,-1.4376199251793467,-0.3242908789265758,1.2018498156911621,0.9989974314182097,0.029545456165762526,0.03360613443936193,0.0013512097614149477
stale-vision,18,2006226,8,0.8000000000000006,-1.3804133687364193,-0.3698843920793207,1.2005392692130834,0.9994661344223174,0.02231661540769574,0.023847560027112812,0.0008418434583535313
stale-vision,18,2006226,9,0.9000000000000007,-1.3185035280184196,-0.4198613836717959,1.1991693322729753,0.999768427400517,0.015381031573677975,0.015042587498365814,0.00048580055781370526
stale-vision,18,2006226,10,1.0000000000000007,-1.2536077806323251,-0.4728745238723187,1.1979539592080046,0.9999265808790178,0.009252403154510381,0.007820129546259104,0.0002673225426663569
stale-vision,18,2006226,11,1.1000000000000008,-1.1871421621405074,-0.5277253063922402,1.197012951190444,0.999988266897961,0.004190660757549904,0.002425351424415277,0.00014865831696179698
stale-vision,18,2006226,12,1.2000000000000008,-1.1201690538530609,-0.5834191782222522,1.1963847232782134,0.9999992755393304,0.00026180345793410406,-0.0011713777650657624,9.085094931746364e-05
stale-vision,18,2006226,13,1.300000000000001,-1.0533998636649098,-0.6391816815172048,1.1960532095796743,0.9999915686771577,-0.002602782900877876,-0.0031755320740455115,6.396730283335848e-05
stale-vision,18,2006226,14,1.400000000000001,-0.9872337071943473,-0.694446748382596,1.1959741620166535,0.9999820799557655,-0.00455308895758794,-0.003886734671341907,4.941539009445214e-05
stale-vision,18,2006226,15,1.500000000000001,-0.9218155603352037,-0.7488280059619369,1.1960941552252473,0.9999767016446711,-0.0057767117965180975,-0.003636526884665792,3.7958962107190444e-05
stale-vision,18,2006226,16,1.6000000000000012,-0.8571011148705985,-0.8020821998638172,1.1963613948838712,0.9999753277553449,-0.0064660364809829025,-0.002744732744898023,2.6362399549441807e-05
stale-vision,18,2006226,17,1.7000000000000013,-0.7929194632738762,-0.8540714965240935,1.1967302911381108,0.9999757919550053,-0.006796273076444424,-0.0014919682253273373,1.4389019953773316e-05
stale-vision,18,2006226,18,1.8000000000000014,-0.7290281174595425,-0.9047290992522964,1.197162415019841,0.999976098172804,-0.006913176913772192,-0.00010516743730725477,2.80409545020166e-06
stale-vision,18,2006226,19,1.9000000000000015,-0.6651575174788573,-0.9540306141974625,1.1976259387382426,0.9999752195636677,-0.0069285714179637675,0.0012470358260294216,-7.638639152499044e-06
stale-vision,18,2006226,20,2.0000000000000013,-0.6010441383696944,-1.0019720455368206,1.1980947965904287,0.999973040076827,-0.0069214757325832535,0.002451942063725203,-1.65320315568984e-05
stale-vision,18,2006226,21,2.0999999999999903,-0.5364545512106881,-1.0485530715561877,1.1985481498246273,0.9999698932259714,-0.0069958436560674684,0.0033571218865885103,-2.336273663846369e-05
stale-vision,18,2006226,22,2.1999999999999793,-0.47121506482039455,-1.0937569669789422,1.1989698453655433,0.9999664476598539,-0.0072761829351781,0.003762974119440689,-2.7243383599385695e-05
stale-vision,18,2006226,23,2.2999999999999683,-0.40524533975071897,-1.1375293235514654,1.1993480902119207,0.999963137328686,-0.007752327175621563,0.0036911532104195286,-2.8197703344113868e-05
stale-vision,18,2006226,24,2.3999999999999573,-0.33855688169380777,-1.1797781607355344,1.1996755766220946,0.9999597508944517,-0.008343988621544618,0.0032975338777218714,-2.674536049037238e-05
stale-vision,18,2006226,25,2.4999999999999463,-0.2712245165885458,-1.2203884653556853,1.1999491637074506,0.9999558946844118,-0.008987001021775094,0.00272799332820243,-2.347197623285414e-05
stale-vision,18,2006226,26,2.5999999999999353,-0.20335813044008189,-1.2592347065473382,1.2001690351126326,0.9999513363620477,-0.00964052913447485,0.0020939782092177666,-1.9000549224274747e-05
stale-vision,18,2006226,27,2.6999999999999242,-0.13508081442577163,-1.2961889704107274,1.2003377722250574,0.9999460709552698,-0.010280403924248147,0.0014725087375175592,-1.3938778075560642e-05
stale-vision,18,2006226,28,2.7999999999999132,-0.06651368036797892,-1.331125827694309,1.2004595500925648,0.9999402645343383,-0.010892034787116494,0.0009115171377864826,-8.814799594746142e-06
stale-vision,18,2006226,29,2.899999999999902,0.0022336394504808054,-1.3639252885092397,1.2005395052011674,0.9999341753391071,-0.011465370232741438,0.00043618579949898,-4.034351425925002e-06
stale-vision,18,2006226,30,2.999999999999891,0.07106803050388481,-1.3944748334848351,1.2005832573854782,0.999928093009397,-0.011991905011567664,5.499788188354509e-05,1.3340614445409435e-07
stale-vision,18,2006226,31,3.09999999999988,0.13991464903483566,-1.4226711151208873,1.2005965524217947,0.9999223025403295,-0.012463291956949412,-0.00023499670607250177,3.5481139562425036e-06
stale-vision,18,2006226,32,3.199999999999869,0.20871641785770195,-1.4484216097179339,1.2005849975115057,0.999917065920935,-0.012871061114657923,-0.0004438780072671883,6.177701809486483e-06
stale-vision,18,2006226,33,3.299999999999858,0.2774321073548829,-1.4716462828234445,1.2005538709649513,0.9999126128661856,-0.01320695731340362,-0.0005855292262554957,8.072391187528252e-06
stale-vision,18,2006226,34,3.399999999999847,0.34603365441686884,-1.4922792063099306,1.200507994647741,0.999909133798235,-0.013463585559354766,-0.0006752211097837354,9.3381087660277e-06
stale-vision,18,2006226,35,3.499999999999836,0.41450319543455216,-1.5102700044591189,1.2004516606950932,0.9999067725494956,-0.013635108370688822,-0.0007279609346593155,1.011183277985133e-05
stale-vision,18,2006226,36,3.599999999999825,0.4828301395297911,-1.5255849948982467,1.2003886033865119,0.9999056194896444,-0.013717807827214082,-0.0007574630975795896,1.0540531391944735e-05
stale-vision,18,2006226,37,3.699999999999814,0.5510084868376368,-1.5382079138096245,1.2003220066067444,0.9999057059027241,-0.013710494037735603,-0.0007755904469665184,1.0764544215344519e-05
stale-vision,18,2006226,38,3.799999999999803,0.6190345040435541,-1.548140147483699,1.2002545358296663,0.9999070023792904,-0.0136146614394296,-0.000792128663149995,1.0905677642866799e-05
stale-vision,18,2006226,39,3.899999999999792,0.6869048032805671,-1.5554004388288265,1.2001883836320786,0.9999094220993195,-0.013434417672717563,-0.0008147984258444764,1.1060147660201855e-05
stale-vision,18,2006226,40,3.999999999999781,0.7546148240053447,-1.5600240825603744,1.2001253198349944,0.9999128288201437,-0.013176233998340375,-0.0008494062186811983,1.1295749530086324e-05
stale-vision,18,2006226,41,4.0999999999997705,0.8221576893003584,-1.5620616580847317,1.20006673942598,0.9999170488976903,-0.01284854289029889,-0.0009000741895368383,1.1652564236607001e-05
stale-vision,18,2006226,42,4.1999999999997595,0.8895233922268826,-1.5615773783473037,1.2000137044149992,0.9999218855675166,-0.012461246485501067,-0.0009695110078730154,1.2146351753785743e-05
stale-vision,18,2006226,43,4.2999999999997485,0.9566982598719648,-1.5586471509018531,1.199966978425078,0.9999271337550664,-0.01202517957616496,-0.0010592796507359061,1.2773455619816756e-05
stale-vision,18,2006226,44,4.3999999999997375,1.0236646422799953,-1.5533564560172426,1.199927054882705,0.9999325936528117,-0.011551576261520246,-0.0011700657834745548,1.3516568804779703e-05
stale-vision,18,2006226,45,4.499999999999726,1.0904007744034527,-1.5457981465780481,1.1998941808094707,0.9999380820306619,-0.011051557854387151,-0.0013019093299676036,1.4350230219352437e-05
stale-vision,18,2006226,46,4.599999999999715,1.1568807650071105,-1.5360702689028205,1.1998683790569908,0.9999434399774656,-0.01053571482389325,-0.0014544162910408954,1.5245797597225786e-05
stale-vision,18,2006226,47,4.699999999999704,1.2230746716151106,-1.524273987345213,1.1998494713194852,0.9999485373850615,-0.010013762248897204,-0.0016269251553928416,1.6175264603214712e-05
stale-vision,18,2006226,48,4.799999999999693,1.2889486278960987,-1.5105116799563205,1.19983710334534,0.9999532743752925,-0.009494274205245607,-0.0018186617481120485,1.711411115937859e-05
stale-vision,18,2006226,49,4.899999999999682,1.354464994271262,-1.4948852565577702,1.1998307733652762,0.9999575798797686,-0.008984538722458513,-0.0020288369568690653,1.8042797806077493e-05
stale-vision,18,2006226,50,4.999999999999671,1.4195825111341904,-1.477494728648704,1.1998298634959856,0.9999614084382554,-0.008490488741956808,-0.0022567401475781807,1.8947518550079947e-05
stale-vision,18,2006226,51,5.09999999999966,1.4842564375258107,-1.4584370447167367,1.1998336729884054,0.9999647360258278,-0.00801669235438078,-0.0025017904908149224,1.9819988881277463e-05
stale-vision,18,2006226,52,5.199999999999649,1.5484386641301864,-1.437805192171945,1.199841452171353,0.9999675551212717,-0.007566432513408152,-0.0027635804854470375,2.065686671718568e-05
stale-vision,18,2006226,53,5.299999999999638,1.612077792694412,-1.415687551409628,1.19985243544256,0.9999698699438992,-0.007141820956713763,-0.0030418969941425644,2.1458811630943477e-05
stale-vision,18,2006226,54,5.399999999999627,1.67511917742853,-1.392167479310349,1.1998658716473263,0.9999716920955938,-0.006743943812251276,-0.0033367252189061883,2.2229399799475037e-05
stale-vision,18,2006226,55,5.499999999999616,1.7375049275768646,-1.3673230939351408,1.1998810506079285,0.9999730368057851,-0.006373024903503296,-0.0036482443980146028,2.2974082795308604e-05
stale-vision,18,2006226,56,5.599999999999605,1.7991738719396697,-1.3412272286382843,1.1998973247908524,0.9999739199251328,-0.006028584239461404,-0.003976817820520948,2.369923910214014e-05
stale-vision,18,2006226,57,5.699999999999594,1.8600614874708221,-1.3139475238930793,1.1999141256991164,0.9999743554780585,-0.0057096155327794355,-0.004322971291911275,2.44114226697044e-05
stale-vision,18,2006226,58,5.799999999999583,1.920099796060611,-1.285546623229282,1.1999309747371265,0.9999743540265188,-0.005414727235251733,-0.004687364650066587,2.511673776380506e-05
stale-vision,18,2006226,59,5.899999999999572,1.9792172348966424,-1.256082444748935,1.19994748876947,0.9999739214994997,-0.005142272443120251,-0.005070768022595325,2.5820419774840173e-05
stale-vision,18,2006226,60,5.999999999999561,2.037338505552968,-1.2256085029975168,1.1999633809152785,0.9999730585023802,-0.004890465895953476,-0.00547402128780939,2.6526536546989895e-05
stale-vision,18,2006226,61,6.09999999999955,2.0943844092155346,-1.1941742584413557,1.1999784571840646,0.9999717600212857,-0.004657471090866726,-0.005897998056187241,2.7237827100024914e-05
stale-vision,18,2006226,62,6.199999999999539,2.150271675581351,-1.1618254772589982,1.1999926097163387,0.9999700154771116,-0.004441466702509936,-0.006343558837240173,2.7955576711103094e-05
stale-vision,18,2006226,63,6.299999999999528,2.2049127943895224,-1.1286045883625473,1.200005807405001,0.9999678090626015,-0.004240696846811343,-0.006811498093521371,2.867955447842335e-05
stale-vision,18,2006226,64,6.399999999999517,2.258215860064846,-1.0945510278911161,1.2000180846374637,0.9999651203810774,-0.00405350043970099,-0.007302485235551592,2.9407955250758507e-05
stale-vision,18,2006226,65,6.499999999999506,2.3100844411688977,-1.0597015652238377,1.2000295287740355,0.999961925421832,-0.0038783283569219745,-0.007816992232398403,3.0137317735779527e-05
stale-vision,18,2006226,66,6.599999999999495,2.3604174887139044,-1.0240906071465576,1.200040266914139,0.9999581978678393,-0.003713751025835647,-0.008355215002059563,3.086245285258477e-05
stale-vision,18,2006226,67,6.699999999999484,2.409109298945979,-0.9877504790750056,1.2000504522784743,0.9999539109113824,-0.0035584379348813085,-0.008916982417774435,3.1576194708106094e-05
stale-vision,18,2006226,68,6.799999999999473,2.456049548609693,-0.9507116863809818,1.2000602504517814,0.9999490395734134,-0.00341115259587935,-0.00950164474593359,3.2269165101247695e-05
stale-vision,18,2006226,69,6.899999999999462,2.5011234243508493,-0.9130031577749977,1.2000698256090099,0.9999435636672929,-0.003270727967072433,-0.010107954025006465,3.292945384378595e-05
stale-vision,18,2006226,70,6.999999999999451,2.544211869998019,-0.8746524750092027,1.2000793266984942,0.9999374715003492,-0.0031360372724657097,-0.010733929133245187,3.354216381012523e-05
stale-vision,18,2006226,71,7.09999999999944,2.585191978167047,-0.8356860946724307,1.200088873538133,0.9999307643606262,-0.0030059677418298584,-0.011376707830112348,3.408893902713394e-05
stale-vision,18,2006226,72,7.199999999999429,2.6239375550210746,-0.7961295672589087,1.2000985428617903,0.9999234616775551,-0.0028793931297107834,-0.01203240160769585,3.4547504632415614e-05
stale-vision,18,2006226,73,7.299999999999418,2.66031988726086,-0.756007758779991,1.200108354223509,0.9999156070423303,-0.0027551518473146897,-0.01269593297352321,3.4891242359379265e-05
stale-vision,18,2006226,74,7.399999999999407,2.694208742270598,-0.7153450797471385,1.2001182560746864,0.9999072744813811,-0.002632006497911985,-0.01336090377901919,3.5088742796400174e-05
stale-vision,18,2006226,75,7.499999999999396,2.725473628130568,-0.6741657286660077,1.2001281124980343,0.9998985748651027,-0.0025086177518738014,-0.014019471725249456,3.5103523226540435e-05
stale-vision,18,2006226,76,7.599999999999385,2.7539853366000218,-0.6324939553497965,1.2001376916076496,0.9998896614098908,-0.0023835329002393464,-0.0146622835505963,3.4894273906533104e-05
stale-vision,18,2006226,77,7.699999999999374,2.7796177824367243,-0.5903543468280018,1.200146657109093,0.9998807335791159,-0.0022551588696671865,-0.015278471498966932,3.441537285828919e-05
stale-vision,18,2006226,78,7.799999999999363,2.8022501392792947,-0.5477721403695032,1.2001545648232046,0.9998720382496568,-0.0021217525321188604,-0.015855729642599927,3.3618032339409724e-05
stale-vision,18,2006226,79,7.899999999999352,2.821769255828925,-0.5047735659481244,1.2001608670188453,0.9998638662834615,-0.0019814156655776744,-0.016380532332539294,3.2452284938003734e-05
stale-vision,18,2006226,80,7.999999999999341,2.838072309918434,-0.46138621887530507,1.2001649271189285,0.9998565438897601,-0.0018320994932068606,-0.01683847081324452,3.086977725538445e-05
stale-vision,18,2006226,81,8.099999999999374,2.851069633276873,-0.4176394617449121,1.2001660471066926,0.9998504177032945,-0.001671620760341698,-0.017214734141339477,2.882748058321146e-05
stale-vision,18,2006226,82,8.199999999999408,2.860687611849766,-0.37356485253831045,1.2001635096660608,0.9998458330175637,-0.0014976867845045913,-0.017494754654762263,2.6292186789105466e-05
stale-vision,18,2006226,83,8.299999999999441,2.8668715353325944,-0.32919659380577676,1.200156635054533,0.9998431064661731,-0.0013079377754785424,-0.017664971284779882,2.3245559874930358e-05
stale-vision,18,2006226,84,8.399999999999475,2.869588246254216,-0.284571994739143,1.2001448502013536,0.9998424954233803,-0.0011000026906397779,-0.01771366568388585,1.96892856141732e-05
stale-vision,18,2006226,85,8.499999999999508,2.868828425122398,-0.23973193540424254,1.200127764826176,0.9998441675041715,-0.000871557453540796,-0.017631813593264354,1.5649553247450953e-05
stale-vision,18,2006226,86,8.599999999999541,2.8646083454265856,-0.1947213212217727,1.2001052467217226,0.999848174239513,-0.0006204088178603066,-0.017413886349990144,1.1180416417630927e-05
stale-vision,18,2006226,87,8.699999999999575,2.8569709435153063,-0.1495895121060529,1.2000774857192176,0.9998544340574613,-0.00034456978509335515,-0.017058485477449127,6.3650266721276955e-06
stale-vision,18,2006226,88,8.799999999999608,2.8459860801372154,-0.10439071071447399,1.200045035243283,0.9998627280200894,-4.2353718007964695e-05,-0.01656874529524991,1.3143555260261698e-06
stale-vision,18,2006226,89,8.899999999999642,2.831749916461632,-0.05918429213461676,1.2000088218912728,0.9998727103316495,0.000287540582122906,-0.015952443064693338,-3.8369964928370924e-06
stale-vision,18,2006226,90,8.999999999999675,2.814383384471685,-0.014035057942939378,1.1999701166146077,0.9998839334322684,0.0006459476442684908,-0.015221771768477981,-8.9378686866947e-06
stale-vision,18,2006226,91,9.099999999999708,2.794029796129297,0.030986601166453395,1.199930466797021,0.9998958841836655,0.0010331615983182444,-0.014392816903284436,-1.3829909624090165e-05
stale-vision,18,2006226,92,9.199999999999742,2.7708516949320208,0.07580464874510842,1.1998915939673813,0.9999080269771601,0.001448874159835934,-0.013484732599697536,-1.835833335630533e-05
stale-vision,18,2006226,93,9.299999999999775,2.7450271092710365,0.12033746400753,1.1998552677858918,0.999919847050642,0.0018921330895642896,-0.012518738178968898,-2.2382988061779178e-05
stale-vision,18,2006226,94,9.399999999999809,2.7167454038787615,0.16449802992855495,1.1998231707950484,0.9999308887477588,0.002361304598995699,-0.011517000636841605,-2.5788320419642263e-05
stale-vision,18,2006226,95,9.499999999999842,2.686202946084265,0.2081942547567489,1.1997967697334915,0.9999407839733438,0.002854067084571629,-0.010501525417621664,-2.849129421988332e-05
stale-vision,18,2006226,96,9.599999999999875,2.6535988032368394,0.2513294287029404,1.1997772080451348,0.9999492686665622,0.0033674169734532623,-0.009493138003413547,-3.0446370020392466e-05
stale-vision,18,2006226,97,9.699999999999909,2.6191306697801506,0.2938028143225011,1.1997652303226607,0.9999561872192931,0.003897690309190859,-0.008510619870057535,-3.1647016153386046e-05
stale-vision,18,2006226,98,9.799999999999942,2.582991192084799,0.33551036636654036,1.1997611447599192,0.9999614862870564,0.00444059758603134,-0.007570072900259545,-3.2123905080567165e-05
stale-vision,18,2006226,99,9.899999999999975,2.545364816217431,0.3763455738646843,1.1997648240682772,0.9999652012011458,0.004991280767544191,-0.006684495708984526,-3.194006060222968e-05
stale-vision,18,2006226,100,10.000000000000009,2.506425241077724,0.41620041335908065,1.1997757407428753,0.9999674380258221,0.0055443838168334845,-0.005863593074074731,-3.1183761922481565e-05
stale-vision,18,2006226,101,10.100000000000042,2.4663335148755627,0.45496639943358985,1.1997930292533596,0.9999683543990416,0.006094129559991194,-0.005113793873040306,-2.9960038310668786e-05
stale-vision,18,2006226,102,10.200000000000076,2.4252367721816714,0.4925357167768412,1.1998155659119771,0.9999681414252715,0.00663443335241883,-0.004438425741543988,-2.8381666616803148e-05
stale-vision,18,2006226,103,10.300000000000109,2.3832675778388928,0.5288024123570063,1.1998420569448642,0.999967008186258,0.007159018246146144,-0.003838006164136164,-2.656045264470541e-05
stale-vision,18,2006226,104,10.400000000000142,2.3405438207457547,0.5636636245240907,1.1998711264316728,0.99996516926222,0.0076615524388544305,-0.0033106300703770537,-2.4599670226532672e-05
stale-vision,18,2006226,105,10.500000000000176,2.2971690826802886,0.597020822624074,1.1999013974724502,0.9999628354096269,0.008135796339275747,-0.0028523862375004062,-2.2587972821596207e-05
stale-vision,18,2006226,106,10.60000000000021,2.253233400449583,0.628781028092504,1.1999315620487823,0.9999602067721828,0.008575765172024599,-0.002457783490351079,-2.0595184342426813e-05
stale-vision,18,2006226,107,10.700000000000243,2.208814338009208,0.6588579854430701,1.1999604372062809,0.9999574679610245,0.008975900660259559,-0.0021201716293047365,-1.8670175283446448e-05
stale-vision,18,2006226,108,10.800000000000276,2.163978286502434,0.6871732497292207,1.199987006726743,0.999954784491508,0.009331238405932028,-0.0018321241079583958,-1.6840605112533134e-05
stale-vision,18,2006226,109,10.90000000000031,2.118781916787872,0.7136571579783625,1.200010448710265,0.9999523001406079,0.009637555427358679,-0.0015857933165605738,-1.511452340592741e-05
stale-vision,18,2006226,110,11.000000000000343,2.0732737153971006,0.7382496551335084,1.200030150465935,0.9999501347323156,0.009891519399214805,-0.001373211927633454,-1.3483309029493192e-05
stale-vision,18,2006226,111,11.100000000000376,2.027495544450858,0.7609009461932252,1.2000457123123285,0.9999483825503696,0.010090797376414508,-0.001186550035394079,-1.1925640620905304e-05
stale-vision,18,2006226,112,11.20000000000041,1.9814841751552958,0.7815719528046426,1.2000569419820373,0.9999471113379446,0.010234130140843463,-0.0010183313552488034,-1.041205353917115e-05
stale-vision,18,2006226,113,11.300000000000443,1.935272752380605,0.8002345596099801,1.2000638414780056,0.9999463618763571,0.010321381580776811,-0.0008616107699415157,-8.909646956568356e-06
stale-vision,18,2006226,114,11.400000000000476,1.888892155818468,0.8168716412654234,1.2000665877584973,0.9999461486082534,0.010353530184388443,-0.0007100997710204552,-7.386323529410522e-06
stale-vision,18,2006226,115,11.50000000000051,1.8423722327135248,0.8314768713531204,1.2000655085668364,0.9999464612435556,0.010332616478223018,-0.000558255674110481,-5.8143553988951545e-06
stale-vision,18,2006226,116,11.600000000000543,1.7957428845908991,0.8440543235546211,1.2000610547252306,0.9999472673481022,0.010261648460128732,-0.00040134340386593697,-4.17309171734926e-06
stale-vision,18,2006226,117,11.700000000000577,1.7490349961692035,0.854617883531189,1.2000537700716247,0.9999485158407554,0.010144467603608568,-0.0002354546782692882,-2.4504904696206703e-06
stale-vision,18,2006226,118,11.80000000000061,1.7022812023964111,0.8631904972596597,1.200044260426187,0.9999501409681182,0.00998560321382755,-5.7496800119158916e-05,-6.435745580708883e-07
stale-vision,18,2006226,119,11.900000000000643,1.6555164958896387,0.8698032852929672,1.200033162628521,0.9999520669377814,0.009790078718091332,0.00013484809675514537,1.2421011686998944e-06
stale-vision,18,2006226,120,12.000000000000677,1.6087786823850474,0.8744945596506708,1.200021114946038,0.9999542124363062,0.00956322389349884,0.0003431755364079408,3.193639562419738e-06
stale-vision,19,2006227,0,0.0,-1.6,0.17517148017682457,1.2,1.0,0.0,0.0,0.0
stale-vision,19,2006227,1,0.10000000000000007,-1.5996573420564493,0.17485476836478817,1.2000770185407885,0.9997600818942453,0.014859693777012501,0.016065476072464446,0.0009320033425122532
stale-vision,19,2006227,2,0.20000000000000015,-1.596124655771737,0.17158038921543534,1.2006547519500201,0.9988133486821122,0.03339231469420667,0.03538253003931067,0.002219094816621894
stale-vision,19,2006227,3,0.3000000000000002,-1.5857185899128738,0.16184239015142896,1.2017081857232519,0.9979253233994603,0.04452594549312439,0.04640826556333221,0.0029600647678354915
stale-vision,19,2006227,4,0.4000000000000003,-1.5662650942860121,0.1434732306615595,1.2027006869773469,0.997609787489387,0.048120650196796844,0.04949581901247277,0.003046117250291467
stale-vision,19,2006227,5,0.5000000000000003,-1.537157677066746,0.11577437694444265,1.2031345603876398,0.9978538525005946,0.04592165562066406,0.046603568595837204,0.0026453712241020647
stale-vision,19,2006227,6,0.6000000000000004,-1.4989544320939345,0.07916093913038207,1.2028294165432243,0.998398229775607,0.03998694129690462,0.039974329846564675,0.0020179841354592194
stale-vision,19,2006227,7,0.7000000000000005,-1.4529331510411365,0.03476142888422727,1.201900929062947,0.9989835968035755,0.03213552997972625,0.03157801640461917,0.0013819950299889994
stale-vision,19,2006227,8,0.8000000000000006,-1.4007150615031663,-0.015922318244105057,1.2006169828672217,0.9994544823020285,0.023771284565814156,0.022911142409133462,0.0008622006634935877
stale-vision,19,2006227,9,0.9000000000000007,-1.3439811711906007,-0.07127766669906792,1.1992605427709313,0.9997616427139451,0.01587066310362028,0.01498438958911851,0.0004978746904449316
stale-vision,19,2006227,10,1.0000000000000007,-1.2842772404823808,-0.12976930785805152,1.1980477562126328,0.9999240777838612,0.009027721200446889,0.008382361901714689,0.0002737279152206005
stale-vision,19,2006227,11,1.1000000000000008,-1.2228971512341533,-0.19005877886271877,1.1971021621236118,0.9999881615197551,0.0035242049911239897,0.0033516990694295403,0.0001513699767268408
stale-vision,19,2006227,12,1.2000000000000008,-1.1608310218087259,-0.25106438680469073,1.1964655719395676,0.9999998149644596,-0.0005921185276442774,-0.00010567532317896958,9.110117106438962e-05
stale-vision,19,2006227,13,1.300000000000001,-1.098762055911621,-0.31197417260563926,1.196124149110515,0.9999918040502663,-0.0034318146495847025,-0.0021472229930319456,6.256133918608404e-05
stale-vision,19,2006227,14,1.400000000000001,-1.0370959185164539,-0.372226188600274,1.1960346861986424,0.9999819344969583,-0.0051976279913421046,-0.003018795868758441,4.7058337055844744e-05
stale-vision,19,2006227,15,1.500000000000001,-0.9760083573356564,-0.4314695393671862,1.1961439982176783,0.999976701936605,-0.006131399632666987,-0.00300004466238151,3.541973568779058e-05
stale-vision,19,2006227,16,1.6000000000000012,-0.9154998825351149,-0.4895171926623274,1.1964002020752913,0.9999762374687747,-0.006475144991116466,-0.0023656704272565364,2.4465609814084266e-05
stale-vision,19,2006227,17,1.7000000000000013,-0.8554496097478689,-0.5462985588928605,1.1967576520630285,0.9999783013086561,-0.006445589045452486,-0.0013605515135236088,1.3902858406121487e-05
stale-vision,19,2006227,18,1.8000000000000014,-0.7956632786726758,-0.6018169739564004,1.1971780817189912,0.9999806362368868,-0.00622032809590417,-0.00018614809017946957,4.305705102208683e-06
stale-vision,19,2006227,19,1.9000000000000015,-0.7359154459114963,-0.6561126697458358,1.1976305174183925,0.9999814073680062,-0.006034322086546903,0.0008785577792180888,-3.3892316694394133e-06
stale-vision,19,2006227,20,2.0000000000000013,-0.6760015887345436,-0.7092189520032479,1.198089979756395,0.9999802153996985,-0.006088932440469825,0.0015791254830824632,-8.580104123135868e-06
stale-vision,19,2006227,21,2.0999999999999903,-0.6157842711202217,-0.7611255043048709,1.1985359415525494,0.9999777751234963,-0.006392456602911596,0.001893574506433947,-1.1542549098469746e-05
stale-vision,19,2006227,22,2.1999999999999793,-0.5552001491632484,-0.8117743489984167,1.19895225962449,0.9999746083155581,-0.006862171600228733,0.0019217601115072995,-1.277293605407518e-05
stale-vision,19,2006227,23,2.2999999999999683,-0.494242055877067,-0.8610746848910718,1.1993273957365207,0.9999708914284611,-0.00742285483341972,0.0017656050656065772,-1.267444675014519e-05
stale-vision,19,2006227,24,2.3999999999999573,-0.432939303963915,-0.908917460908153,1.199654086023646,0.9999666976041214,-0.008020728630884415,0.0015071364892917667,-1.159913372958126e-05
stale-vision,19,2006227,25,2.4999999999999463,-0.3713416175502874,-0.9551859769374228,1.1999287419075273,0.9999621121551284,-0.008620806940647338,0.0012065837704036103,-9.87675876568477e-06
stale-vision,19,2006227,26,2.5999999999999353,-0.3095072795360753,-0.9997628331506924,1.2001507783747507,0.9999572536608906,-0.009201725781584206,0.0009050042257723907,-7.807688289850101e-06
stale-vision,19,2006227,27,2.6999999999999242,-0.2474950249709587,-1.0425342003427198,1.2003219610696518,0.9999522601559996,-0.009751055441470993,0.0006279289989837084,-5.6443783131189456e-06
stale-vision,19,2006227,28,2.7999999999999132,-0.18535897832102347,-1.0833923217834822,1.2004458071178121,0.9999472714642419,-0.010261722749900632,0.0003890046565838628,-3.577741321684359e-06
stale-vision,19,2006227,29,2.899999999999902,-0.12314592542153179,-1.1222369494466642,1.200527050497329,0.9999424186832983,-0.010729490333709736,0.00019326657641393326,-1.7335503120101697e-06
stale-vision,19,2006227,30,2.999999999999891,-0.060894281331547784,-1.158976209260201,1.2005711755280926,0.9999378204221727,-0.011151398963632802,3.9880784986206026e-05,-1.7739990253485353e-07
stale-vision,19,2006227,31,3.09999999999988,0.001365782409735664,-1.1935272054038897,1.2005840200607303,0.9999335832781714,-0.011524899288224777,-7.568167647545485e-05,1.0751283113163518e-06
stale-vision,19,2006227,32,3.199999999999869,0.06361147763259098,-1.2258165354619477,1.2005714491158024,0.9999298031093706,-0.011847499811259142,-0.00015999278856508272,2.0460958389190148e-06
stale-vision,19,2006227,33,3.299999999999858,0.12582613065359213,-1.2557807885163919,1.2005390984996178,0.9999265653280559,-0.01211673749072874,-0.00022049052391930835,2.7830647484184424e-06
stale-vision,19,2006227,34,3.399999999999847,0.18799773722898233,-1.2833670332123035,1.2004921856735378,0.9999239433852662,-0.012330344015177802,-0.00026466982387914734,3.348112013367858e-06
stale-vision,19,2006227,35,3.499999999999836,0.25011750108111086,-1.3085332653941155,1.2004353826031557,0.9999219960975978,-0.012486471385664078,-0.00029956305701847266,3.8086150162293686e-06
stale-vision,19,2006227,36,3.599999999999825,0.31217845897052104,-1.3312487712901802,1.2003727432259508,0.999920764291653,-0.012583928679389343,-0.0003314505923721275,4.230161266025753e-06
stale-vision,19,2006227,37,3.699999999999814,0.37417425067064286,-1.3514943606462138,1.200307676852061,0.9999202676253477,-0.01262238565708947,-0.00036571923343310555,4.671283838312855e-06
stale-vision,19,2006227,38,3.799999999999803,0.43609806224107084,-1.3692624306506,1.2002429577159626,0.9999205025966093,-0.012602497734893504,-0.0004068303752484104,5.180025506995016e-06
stale-vision,19,2006227,39,3.899999999999792,0.4979417498441806,-1.3845568358263283,1.2001807612464812,0.9999214418838254,-0.012525970631734105,-0.000458352654899529,5.7920313801906685e-06
stale-vision,19,2006227,40,3.999999999999781,0.5596951381666811,-1.3973925519848107,1.200122718195059,0.999923035457255,-0.012395545868198798,-0.0005230314882642376,6.529943751065845e-06
stale-vision,19,2006227,41,4.0999999999997705,0.6213454800504461,-1.4077951374126179,1.200069978679752,0.9999252135402623,-0.012214900842173585,-0.0006028839496216292,7.403930392560564e-06
stale-vision,19,2006227,42,4.1999999999997595,0.682877059113173,-1.4158000096193482,1.2000232804239757,0.9999278902841617,-0.011988542129269924,-0.0006992987211350398,8.413018102039601e-06
stale-vision,19,2006227,43,4.2999999999997485,0.7442709156083475,-1.421451560610427,1.1999830162867535,0.9999309687124024,-0.011721626003826445,-0.000813143626600524,9.547071294359709e-06
stale-vision,19,2006227,44,4.3999999999997375,0.8055046746795621,-1.4248021443605452,1.1999492978418393,0.9999343457894972,-0.011419773045862424,-0.0009448691485077558,1.0789082915615776e-05
stale-vision,19,2006227,45,4.499999999999726,0.8665524568696276,-1.425910973771155,1.1999220132429553,0.9999379174241746,-0.011088868896297347,-0.0010945945247439353,1.211743195118608e-05
stale-vision,19,2006227,46,4.599999999999715,0.9273848534979128,-1.4248429658166997,1.1999008783256349,0.9999415829679684,-0.010734865045535277,-0.0012621970919086368,1.350816394032628e-05
stale-vision,19,2006227,47,4.699999999999704,0.9879689497004387,-1.4216675738239095,1.199885480973435,0.9999452487968765,-0.010363601746491414,-0.0014473922344505799,1.49370049748391e-05
stale-vision,19,2006227,48,4.799999999999693,1.0482683793388783,-1.4164576416019827,1.199875319115624,0.9999488308741301,-0.009980657097457102,-0.0016498027238036406,1.638101000663023e-05
stale-vision,19,2006227,49,4.899999999999682,1.108243398315107,-1.4092883093224442,1.1998698328426798,0.9999522564367787,-0.009591210731216823,-0.0018690120818985246,1.781972087070672e-05
stale-vision,19,2006227,50,4.999999999999671,1.1678509655302491,-1.4002359973529377,1.1998684313797643,0.9999554646361896,-0.00919994443626525,-0.002104613163513455,1.9235958202047992e-05
stale-vision,19,2006227,51,5.09999999999966,1.2270448220759478,-1.3893774876808767,1.1998705156692053,0.9999584063091924,-0.008810976988674788,-0.0023562493620038804,2.0616242913776534e-05
stale-vision,19,2006227,52,5.199999999999649,1.2857755607158368,-1.3767891156475394,1.1998754970926575,0.9999610430986311,-0.008427829997526996,-0.0026236396081269486,2.1950822834921613e-05
stale-vision,19,2006227,53,5.299999999999638,1.3439906805986315,-1.3625460789467865,1.1998828127122387,0.9999633462001294,-0.008053410826458106,-0.0029065943146771448,2.3233415835933493e-05
stale-vision,19,2006227,54,5.399999999999627,1.4016346239474946,-1.3467218666168332,1.1998919374882235,0.9999652946653096,-0.007690035480333298,-0.0032050305614467556,2.446085112241764e-05
stale-vision,19,2006227,55,5.499999999999616,1.4586487920279516,-1.3293878043019556,1.1999023936714242,0.999966873710287,-0.007339458020246761,-0.003518974427072263,2.563252996184735e-05
stale-vision,19,2006227,56,5.599999999999605,1.5149715397882433,-1.3106127096745943,1.1999137574820202,0.9999680730684588,-0.007002910062474435,-0.0038485554249521464,2.6749796260669384e-05
stale-vision,19,2006227,57,5.699999999999594,1.5705381503836884,-1.290462650063454,1.199925663377976,0.9999688853806057,-0.006681163163079051,-0.004193990434506412,2.781530991110939e-05
stale-vision,19,2006227,58,5.799999999999583,1.6252807922840316,-1.2690007904585912,1.1999378061036032,0.9999693047590007,-0.006374591970841951,-0.004555577426585629,2.88325576496834e-05
stale-vision,19,2006227,59,5.899999999999572,1.6791284611286266,-1.2462873195100135,1.1999499405937537,0.9999693257292893,-0.0060832319190999296,-0.004933660059058505,2.9805231694761738e-05
stale-vision,19,2006227,60,5.999999999999561,1.7320069121157906,-1.222379441960782,1.1999618800498497,0.999968942301138,-0.005806842486737888,-0.00532860851687978,3.07368337422863e-05
stale-vision,19,2006227,61,6.09999999999955,1.783838587668892,-1.1973314254483924,1.199973492422604,0.9999681473970325,-0.0055449603626997685,-0.005740784393348849,3.1630254638481654e-05
stale-vision,19,2006227,62,6.199999999999539,1.8345425468092915,-1.1711946909093578,1.1999846955188014,0.9999669325413871,-0.005296953740439872,-0.006170498311128088,3.248743352327167e-05
stale-vision,19,2006227,63,6.299999999999528,1.884034404571801,-1.1440179363650904,1.1999954510225934,0.9999652878591173,-0.005062061146046147,-0.006617968290381026,3.3309073567136834e-05
stale-vision,19,2006227,64,6.399999999999517,1.9322262898179388,-1.1158472860102275,1.2000057576608931,0.9999632023547572,-0.004839431089103313,-0.007083267658714206,3.409439627070045e-05
stale-vision,19,2006227,65,6.499999999999506,1.979026831659284,-1.0867264573307867,1.2000156436843175,0.9999606645936927,-0.00462814448524801,-0.007566262622971704,3.4840868926159065e-05
stale-vision,19,2006227,66,6.599999999999495,2.024341186591091,-1.0566969413087721,1.2000251588815838,0.9999576636518129,-0.004427239208186302,-0.00806654781344802,3.554399935490038e-05
stale-vision,19,2006227,67,6.699999999999484,2.0680711192963157,-1.0257981913566707,1.2000343662331747,0.9999541905267866,-0.0042357222759751584,-0.008583367316568485,3.619709312414191e-05
stale-vision,19,2006227,68,6.799999999999473,2.1101151523050974,-0.9940678184250055,1.2000433332762541,0.9999502399373978,-0.004052571406053807,-0.009115534025098463,3.6790980436396036e-05
stale-vision,19,2006227,69,6.899999999999462,2.150368800697562,-0.9615417918096393,1.2000521232683246,0.9999458125814854,-0.0038767379169341,-0.009661335909670709,3.7313742686779135e-05
stale-vision,19,2006227,70,6.999999999999451,2.1887249098602006,-0.928254645238189,1.200060786228529,0.9999409177720611,-0.003707144725683569,-0.010218444991820647,3.775048569964496e-05
stale-vision,19,2006227,71,7.09999999999944,2.2250741145939235,-0.8942396886464745,1.200069349878362,0.999935576572667,-0.0035426773444856615,-0.010783816170566054,3.8083070858604074e-05
stale-vision,19,2006227,72,7.199999999999429,2.2593054393285974,-0.859529227294135,1.2000778104788965,0.9999298253809462,-0.0033821741740805386,-0.011353578527121854,3.828986862082e-05
stale-vision,19,2006227,73,7.299999999999418,2.2913070603552215,-0.8241547902902466,1.2000861238591174,0.9999237196332398,-0.0032244094797299013,-0.01192294543927047,3.834559054081271e-05
stale-vision,19,2006227,74,7.399999999999407,2.3209672477000494,-0.7881473715818607,1.200094197125063,0.9999173373124658,-0.003068080947166014,-0.012486150743163024,3.8221309237985566e-05
stale-vision,19,2006227,75,7.499999999999396,2.34817549963499,-0.7515376859298659,1.2001018814164968,0.9999107822601006,-0.00291180118209173,-0.013036391318894619,3.788468216779952e-05
stale-vision,19,2006227,76,7.599999999999385,2.3728238801924486,-0.7143564417722974,1.2001089664841542,0.9999041865360944,-0.0027540802054964574,-0.01356581728068159,3.730040639958992e-05
stale-vision,19,2006227,77,7.699999999999374,2.394808561658414,-0.6766346338621709,1.2001151782573904,0.9998977112043379,-0.002593323026378407,-0.01406557772646128,3.643114741836616e-05
stale-vision,19,2006227,78,7.799999999999363,2.4140315628716587,-0.6384038566658864,1.2001201805236312,0.9998915450744215,-0.002427823336417027,-0.01452592581401074,3.5238889992277484e-05
stale-vision,19,2006227,79,7.899999999999352,2.430402661767326,-0.5996966394732274,1.2001235823272989,0.9998859003040146,-0.0022557598472319794,-0.014936424804590738,3.3686796268973096e-05
stale-vision,19,2006227,80,7.999999999999341,2.443841442325442,-0.5605468036183067,1.2001249523136763,0.9998810048223374,-0.002075214606743672,-0.015286224918907455,3.174174244961781e-05
stale-vision,19,2006227,81,8.099999999999374,2.4542794206632683,-0.5209898388854506,1.2001238408804717,0.9998770911499569,-0.0018841826312788498,-0.015564433375154969,2.9377260642423392e-05
stale-vision,19,2006227,82,8.199999999999408,2.461662177146232,-0.4810632963844506,1.2001198108917375,0.9998743813662588,-0.0016806049111966937,-0.015760594793225644,2.6576995856200516e-05
stale-vision,19,2006227,83,8.299999999999441,2.4659514013597432,-0.4408071920237185,1.2001124758864428,0.9998730698991048,-0.001462405996509617,-0.015865210826367583,2.3338287384118384e-05
stale-vision,19,2006227,84,8.399999999999475,2.46712674729089,-0.4002644130097437,1.2001015436021358,0.9998733051148058,-0.0012275371970638807,-0.015870301953623597,1.9675492970636995e-05
stale-vision,19,2006227,85,8.499999999999508,2.4651873890389644,-0.3594811187853565,1.2000868615791804,0.9998751715946742,-0.0009740359429107783,-0.015769979024443607,1.562279183596975e-05
stale-vision,19,2006227,86,8.599999999999541,2.4601531663704748,-0.3185071249802382,1.2000684595477158,0.9998786761131024,-0.000700091419298759,-0.015560938277213384,1.123590237371948e-05
stale-vision,19,2006227,87,8.699999999999575,2.452065222706851,-0.2773962572795981,1.200046583089298,0.9998837388412694,-0.0004041253894300598,-0.015242881617797892,6.5923913804872255e-06
stale-vision,19,2006227,88,8.799999999999608,2.440986056084127,-0.2362066602552702,1.200021712196544,0.9998901929043201,-8.484846753912352e-05,-0.014818735819785269,1.7898702898436032e-06
stale-vision,19,2006227,89,8.899999999999642,2.426998938916236,-0.19500104884047095,1.199994559981427,0.9998977919034152,0.0002586571286825893,-0.014294713491872536,-3.0576375861983174e-06
stale-vision,19,2006227,90,8.999999999999675,2.4102066967991305,-0.15384688746878125,1.1999660488448216,0.9999062257775351,0.000626874763225872,-0.013680154170239468,-7.825214216469298e-06
stale-vision,19,2006227,91,9.099999999999708,2.3907298772514824,-0.11281648358364636,1.1999372637765482,0.9999151432237012,0.0010197835727067458,-0.012987156733722057,-1.2384022354041585e-05
stale-vision,19,2006227,92,9.199999999999742,2.3687043804213315,-0.07198698268935498,1.1999093862256962,0.9999241778296036,0.001436811909956724,-0.012230040370414714,-1.6609194197327432e-05
stale-vision,19,2006227,93,9.299999999999775,2.344278657174938,-0.03144025515425785,1.1998836145624112,0.9999329748716872,0.0018767985819794293,-0.011424665232596155,-2.03878463291777e-05
stale-vision,19,2006227,94,9.399999999999809,2.3176106065699114,0.008737332528307148,1.1998610794594753,0.9999412153646369,0.0023379689765399662,-0.010587688980725544,-2.362636053791484e-05
stale-vision,19,2006227,95,9.499999999999842,2.288864318119409,0.04845526687359816,1.1998427631232187,0.9999486351054758,0.002817924969666967,-0.009735797870551737,-2.6256162287608195e-05
stale-vision,19,2006227,96,9.599999999999875,2.258206808506476,0.08761935859607609,1.1998294306866795,0.9999550370533005,0.0033136592155123376,-0.008884972536969985,-2.8237425563637817e-05
stale-vision,19,2006227,97,9.699999999999909,2.225804895013996,0.12613233350953174,1.199821580695975,0.9999602962540053,0.0038215730645981957,-0.008049883296876585,-2.9560478056870303e-05
stale-vision,19,2006227,98,9.799999999999942,2.1918223253530194,0.16389453913972216,1.199819418334791,0.9999643586528185,0.004337511189220539,-0.007243376699179169,-3.0244607865549553e-05
stale-vision,19,2006227,99,9.899999999999975,2.1564172627776497,0.20080476009827627,1.1998228524074244,0.9999672345520254,0.004856821592692612,-0.006476124318735237,-3.0334792717982857e-05
stale-vision,19,2006227,100,10.000000000000009,2.119740195930446,0.2367611305722799,1.1998315145123635,0.9999689886061083,0.005374429434265583,-0.005756426019752695,-2.9896689662007102e-05
stale-vision,19,2006227,101,10.100000000000042,2.081932311944622,0.2716621292184477,1.1998447964481895,0.9999697280815621,0.005884930470389512,-0.005090154441500676,-2.9010465260270796e-05
stale-vision,19,2006227,102,10.200000000000076,2.043124344441746,0.30540763852441694,1.1998619005835864,0.9999695910113888,0.006382685804842144,-0.00448080390075998,-2.7763935605549874e-05
stale-vision,19,2006227,103,10.300000000000109,2.0034358859929107,0.33790004926611245,1.199881897770305,0.999968734838871,0.006861950151356602,-0.003929668690018001,-2.624604832931818e-05
stale-vision,19,2006227,104,10.400000000000142,1.962975131973605,0.3690453855417793,1.1999037874482923,0.9999673265617777,0.007317012640011879,-0.0034360635420631874,-2.454082136677879e-05
stale-vision,19,2006227,105,10.500000000000176,1.9218390116563246,0.3987544230447725,1.1999265552836522,0.9999655345035687,0.007742329960237948,-0.0029976016199365772,-2.2722406756072777e-05
stale-vision,19,2006227,106,10.60000000000021,1.880113652681433,0.4269437737393678,1.1999492251360717,0.9999635214343232,0.0081326882892426,-0.0026105070517903626,-2.0851637808433158e-05
stale-vision,19,2006227,107,10.700000000000243,1.8378751180936943,0.4535369060866054,1.1999709030181007,0.9999614391091315,0.008483359426608243,-0.002269922382024462,-1.8974027648993865e-05
stale-vision,19,2006227,108,10.800000000000276,1.7951903556111548,0.4784650702629161,1.1999908116876854,0.999959424025143,0.00879023857620078,-0.001970207098222896,-1.711925691201705e-05
stale-vision,19,2006227,109,10.90000000000031,1.7521183005932264,0.5016681008392007,1.2000083156793897,0.9999575939216846,0.009049990863110024,-0.0017052242021521754,-1.530212888983126e-05
stale-vision,19,2006227,110,11.000000000000343,1.7087110768246538,0.523095069427142,1.2000229368549036,0.9999560453562031,0.009260150935465478,-0.0014685970590691108,-1.3524620369431206e-05
stale-vision,19,2006227,111,11.100000000000376,1.6650152443867754,0.5427047666358512,1.2000343611825113,0.9999548519144182,0.009419214725767532,-0.00125394897031636,-1.1778884903866989e-05
stale-vision,19,2006227,112,11.20000000000041,1.6210730483278462,0.5604659964972972,1.2000424375837087,0.9999540634512125,0.009526681464208275,-0.0010550955761609918,-1.005056700359877e-05
stale-vision,19,2006227,113,11.300000000000443,1.5769236300071532,0.5763576743094769,1.2000471698068218,0.9999537061505277,0.009583067541876645,-0.0008662003540394335,-8.322166260654901e-06
stale-vision,19,2006227,114,11.400000000000476,1.5326041702548023,0.5903687257016019,1.2000487024864617,0.9999537835221027,0.009589878359923348,-0.0006819161431544375,-6.576338391310044e-06
stale-vision,19,2006227,115,11.50000000000051,1.488150937363248,0.6024977923898391,1.2000473023378453,0.9999542784259822,0.009549531457310705,-0.0004974771287754537,-4.798486476753725e-06
stale-vision,19,2006227,116,11.600000000000543,1.4436002212443664,0.6127527593678328,1.2000433357106421,0.9999551558432254,0.009465250072389292,-0.000308763252031049,-2.978679174827441e-06
stale-vision,19,2006227,117,11.700000000000577,1.3989891414248474,0.6211501242803024,1.2000372438031892,0.9999563661955216,0.009340936007951616,-0.00011233123176206592,-1.1127213292167652e-06
stale-vision,19,2006227,118,11.80000000000061,1.3543563224345736,0.6277142343449306,1.200029516641357,0.9999578492284005,0.009181003286428378,9.457553488982691e-05,7.975081130865959e-07
stale-vision,19,2006227,119,11.900000000000643,1.3097424350324094,0.6324764225930218,1.2000206671345286,0.9999595379168932,0.008990210993596613,0.00031405061982836085,2.7445088399148618e-06
stale-vision,19,2006227,120,12.000000000000677,1.2651906076016008,0.6354740764462554,1.2000112065016975,0.9999613622125129,0.008773495641467906,0.0005475710747643332,4.716160662300812e-06
